risk_budget,method,seed,mean_success,ci95_success,mean_rare_failure_recall,ci95_rare_failure_recall,mean_contact_boundary_error,ci95_contact_boundary_error,mean_unsafe_commitment,ci95_unsafe_commitment,mean_overtrust_rate,ci95_overtrust_rate,mean_recovery_success,ci95_recovery_success,mean_tail_risk_rate,ci95_tail_risk_rate,mean_calibration_ece,ci95_calibration_ece,mean_intervention_cost,ci95_intervention_cost,mean_average_scaling_gain,ci95_average_scaling_gain,mean_boundary_risk_slope,ci95_boundary_risk_slope,mean_scale_exception_gap,ci95_scale_exception_gap,mean_boundary_coverage,ci95_boundary_coverage,mean_shortcut_reliance,ci95_shortcut_reliance,mean_morphology_transfer_gap,ci95_morphology_transfer_gap,mean_recoverability_deficit,ci95_recoverability_deficit,mean_regret_to_oracle,ci95_regret_to_oracle,mean_utility,ci95_utility,mean_coverage,ci95_coverage,mean_risk_score,ci95_risk_score,groups
0.08,boundary_aware_scale_exception_audit_v5,0,0.476697,0.035698,0.645833,0.041843,0.201389,0.040319,0.053241,0.020254,0.032407,0.017858,0.585648,0.044762,0.087963,0.021403,0.032407,0.015343,0.273148,0.043008,0.275463,0.041954,0.222222,0.047481,0.263889,0.038633,0.643519,0.044908,0.085648,0.025019,0.030093,0.014912,0.060185,0.020742,0.0,0.0,0.541523,0.038073,0.702727,0.041896,0.057824,0.011289,72
0.08,boundary_aware_scale_exception_audit_v5,1,0.464204,0.047218,0.597222,0.043224,0.210648,0.039299,0.039352,0.016465,0.018519,0.012184,0.62963,0.046693,0.083333,0.024176,0.025463,0.015372,0.19213,0.040175,0.331019,0.044057,0.1875,0.040319,0.224537,0.037207,0.590278,0.050439,0.101852,0.027833,0.046296,0.020658,0.069444,0.021185,0.0,0.0,0.526068,0.049066,0.656146,0.049635,0.047407,0.010476,72
0.08,boundary_aware_scale_exception_audit_v5,2,0.497502,0.039845,0.634259,0.04317,0.168981,0.033258,0.034722,0.018204,0.039352,0.01883,0.555556,0.044766,0.060185,0.020742,0.023148,0.013407,0.231481,0.035717,0.289352,0.042856,0.196759,0.036164,0.201389,0.04566,0.659722,0.038464,0.094907,0.02877,0.020833,0.012821,0.078704,0.028876,0.0,0.0,0.571305,0.040885,0.727701,0.038111,0.042037,0.01003,72
0.08,boundary_aware_scale_exception_audit_v5,3,0.472933,0.041416,0.657407,0.045178,0.189815,0.043008,0.053241,0.020254,0.023148,0.013407,0.56713,0.048636,0.101852,0.03136,0.025463,0.013948,0.25,0.038226,0.270833,0.042092,0.178241,0.04052,0.201389,0.034758,0.594907,0.053993,0.0625,0.018769,0.034722,0.018204,0.060185,0.020742,0.0,0.0,0.532914,0.04558,0.64788,0.052428,0.05963,0.014102,72
0.08,boundary_aware_scale_exception_audit_v5,4,0.484865,0.038203,0.652778,0.039699,0.189815,0.036152,0.041667,0.019113,0.023148,0.013407,0.569444,0.044179,0.099537,0.030071,0.032407,0.015343,0.229167,0.037363,0.358796,0.045533,0.194444,0.038768,0.231481,0.033918,0.597222,0.047371,0.076389,0.028851,0.023148,0.013407,0.078704,0.028144,0.0,0.0,0.541927,0.040031,0.65559,0.046281,0.054769,0.012858,72
0.08,boundary_aware_scale_exception_audit_v5,5,0.511889,0.045869,0.627315,0.05229,0.18287,0.038313,0.039352,0.017687,0.020833,0.014357,0.576389,0.046566,0.085648,0.026635,0.030093,0.014912,0.178241,0.043978,0.3125,0.043793,0.189815,0.038392,0.270833,0.034456,0.641204,0.046888,0.104167,0.031941,0.020833,0.012821,0.06713,0.020082,0.0,0.0,0.574208,0.048413,0.702975,0.04659,0.048981,0.01183,72
0.08,boundary_aware_scale_exception_audit_v5,6,0.471178,0.045535,0.638889,0.046594,0.194444,0.034796,0.041667,0.020176,0.027778,0.015827,0.581019,0.045226,0.085648,0.02584,0.018519,0.013791,0.201389,0.038735,0.298611,0.044737,0.201389,0.03927,0.236111,0.034645,0.606481,0.052216,0.097222,0.028715,0.025463,0.016674,0.076389,0.023241,0.0,0.0,0.534606,0.048878,0.668488,0.052079,0.050046,0.011973,72
0.08,boundary_aware_scale_exception_audit_v5,7,0.474073,0.034947,0.597222,0.051993,0.180556,0.033418,0.039352,0.017687,0.048611,0.018769,0.571759,0.042775,0.097222,0.033418,0.020833,0.014357,0.19213,0.039122,0.333333,0.044766,0.1875,0.040319,0.229167,0.041088,0.618056,0.045431,0.081019,0.025019,0.023148,0.013407,0.071759,0.028035,0.0,0.0,0.536819,0.040158,0.673312,0.042774,0.056528,0.013554,72
0.08,boundary_aware_scale_exception_audit_v5,8,0.523556,0.041533,0.650463,0.042938,0.166667,0.03419,0.032407,0.015343,0.020833,0.012821,0.564815,0.044558,0.071759,0.026505,0.041667,0.016787,0.222222,0.039303,0.314815,0.045485,0.155093,0.036164,0.219907,0.041285,0.631944,0.045201,0.06713,0.02299,0.032407,0.016648,0.069444,0.022148,0.0,0.0,0.592738,0.042076,0.700625,0.0434,0.043056,0.009472,72
0.08,boundary_aware_scale_exception_audit_v5,9,0.508734,0.042112,0.643519,0.044908,0.166667,0.032947,0.048611,0.020875,0.020833,0.012821,0.587963,0.045217,0.078704,0.025002,0.032407,0.015343,0.201389,0.03927,0.3125,0.043314,0.215278,0.041088,0.240741,0.041317,0.641204,0.048205,0.083333,0.022383,0.025463,0.013948,0.064815,0.024651,0.0,0.0,0.575777,0.043552,0.701509,0.047292,0.051019,0.012341,72
0.08,compute_balanced_scaling,0,0.128435,0.019437,0.289352,0.042367,0.337963,0.043331,0.208333,0.036408,0.226852,0.043491,0.331019,0.043099,0.25,0.039831,0.229167,0.043072,0.180556,0.034645,0.344907,0.047624,0.388889,0.040351,0.391204,0.048851,0.261574,0.04326,0.263889,0.041247,0.092593,0.025756,0.171296,0.030969,0.0,0.0,0.078811,0.017674,0.18934,0.041569,0.22625,0.023273,72
0.08,compute_balanced_scaling,1,0.140541,0.025783,0.289352,0.034791,0.347222,0.044179,0.199074,0.038573,0.19213,0.039122,0.25463,0.040851,0.215278,0.037363,0.196759,0.036164,0.166667,0.031654,0.340278,0.042092,0.456019,0.045686,0.372685,0.040088,0.238426,0.045609,0.256944,0.046566,0.078704,0.022357,0.185185,0.038528,0.0,0.0,0.094362,0.024855,0.18203,0.04512,0.202454,0.020056,72
0.08,compute_balanced_scaling,2,0.147376,0.024416,0.238426,0.03758,0.342593,0.04787,0.134259,0.032717,0.210648,0.039827,0.238426,0.034084,0.180556,0.03583,0.224537,0.035484,0.164352,0.033879,0.391204,0.047551,0.377315,0.04614,0.418981,0.049205,0.252315,0.040862,0.238426,0.038675,0.090278,0.028118,0.168981,0.03509,0.0,0.0,0.106308,0.024338,0.224653,0.043427,0.170926,0.020414,72
0.08,compute_balanced_scaling,3,0.139134,0.018293,0.273148,0.038932,0.328704,0.049197,0.162037,0.036535,0.185185,0.040121,0.293981,0.041621,0.215278,0.041088,0.226852,0.038932,0.141204,0.026373,0.375,0.045574,0.388889,0.041874,0.375,0.042738,0.273148,0.038932,0.293981,0.039564,0.092593,0.024932,0.145833,0.034758,0.0,0.0,0.097206,0.018932,0.213625,0.042643,0.188657,0.020642,72
0.08,compute_balanced_scaling,4,0.128337,0.018568,0.291667,0.045574,0.337963,0.04834,0.178241,0.041537,0.208333,0.034037,0.310185,0.041527,0.233796,0.033982,0.212963,0.040979,0.168981,0.039033,0.358796,0.050324,0.409722,0.047012,0.414352,0.044762,0.259259,0.038708,0.268519,0.037429,0.113426,0.032836,0.175926,0.037614,0.0,0.0,0.084684,0.018456,0.198764,0.038125,0.203796,0.020321,72
0.08,compute_balanced_scaling,5,0.133892,0.026513,0.252315,0.039299,0.377315,0.041871,0.143519,0.034978,0.208333,0.036408,0.296296,0.039947,0.210648,0.040348,0.196759,0.04052,0.166667,0.03539,0.37037,0.049302,0.444444,0.046143,0.423611,0.046566,0.268519,0.041652,0.238426,0.035874,0.104167,0.028487,0.171296,0.032929,0.0,0.0,0.094131,0.025009,0.221556,0.040997,0.180648,0.021298,72
0.08,compute_balanced_scaling,6,0.1444,0.021202,0.240741,0.041317,0.287037,0.041985,0.173611,0.037918,0.166667,0.039303,0.300926,0.046879,0.224537,0.045303,0.238426,0.039739,0.171296,0.032929,0.388889,0.049631,0.405093,0.045609,0.425926,0.050419,0.268519,0.038528,0.229167,0.042585,0.106481,0.027645,0.150463,0.03241,0.0,0.0,0.100333,0.022512,0.20791,0.041928,0.19412,0.020209,72
0.08,compute_balanced_scaling,7,0.141877,0.024019,0.289352,0.044762,0.347222,0.049102,0.131944,0.030945,0.203704,0.037242,0.324074,0.044714,0.217593,0.041694,0.217593,0.039111,0.131944,0.038735,0.402778,0.048244,0.476852,0.048052,0.435185,0.043611,0.275463,0.043421,0.282407,0.040164,0.099537,0.028649,0.175926,0.038165,0.0,0.0,0.103071,0.023434,0.236792,0.043342,0.17912,0.019183,72
0.08,compute_balanced_scaling,8,0.147899,0.021284,0.280093,0.042775,0.342593,0.044245,0.164352,0.03568,0.178241,0.035582,0.273148,0.047615,0.25463,0.042846,0.203704,0.0318,0.171296,0.032289,0.351852,0.044087,0.358796,0.043661,0.400463,0.047331,0.273148,0.043008,0.266204,0.046441,0.083333,0.026641,0.125,0.033418,0.0,0.0,0.103021,0.022233,0.218609,0.042296,0.19787,0.018782,72
0.08,compute_balanced_scaling,9,0.14649,0.021748,0.263889,0.042247,0.342593,0.045178,0.150463,0.034891,0.203704,0.037799,0.273148,0.044441,0.238426,0.039211,0.215278,0.037363,0.18287,0.034891,0.337963,0.043331,0.405093,0.057002,0.391204,0.045762,0.240741,0.037614,0.25,0.040865,0.094907,0.025705,0.175926,0.035911,0.0,0.0,0.099062,0.022097,0.187495,0.038983,0.192917,0.019609,72
0.08,conformal_risk_filter,0,0.237805,0.031431,0.402778,0.049102,0.273148,0.041527,0.085648,0.030302,0.085648,0.025019,0.414352,0.045226,0.155093,0.029839,0.106481,0.031193,0.194444,0.038226,0.247685,0.042367,0.277778,0.043823,0.215278,0.038464,0.386574,0.045149,0.166667,0.03539,0.087963,0.030969,0.127315,0.029955,0.0,0.0,0.238582,0.033347,0.406789,0.049774,0.108565,0.016803,72
0.08,conformal_risk_filter,1,0.241234,0.037688,0.395833,0.045431,0.289352,0.040348,0.097222,0.028715,0.090278,0.028851,0.37037,0.048448,0.159722,0.031941,0.113426,0.028035,0.201389,0.038192,0.289352,0.041871,0.275463,0.038854,0.231481,0.037982,0.395833,0.043072,0.178241,0.037856,0.064815,0.024651,0.122685,0.028891,0.0,0.0,0.236255,0.039593,0.41116,0.048181,0.116343,0.017094,72
0.08,conformal_risk_filter,2,0.234968,0.032019,0.409722,0.045201,0.296296,0.043451,0.083333,0.025025,0.111111,0.030988,0.381944,0.047233,0.157407,0.033505,0.136574,0.031869,0.229167,0.042092,0.222222,0.034796,0.298611,0.044267,0.266204,0.036926,0.407407,0.046544,0.206019,0.03509,0.053241,0.02222,0.136574,0.034991,0.0,0.0,0.233208,0.034135,0.428294,0.048492,0.11588,0.013863,72
0.08,conformal_risk_filter,3,0.25863,0.037537,0.393519,0.049759,0.303241,0.039476,0.090278,0.028118,0.097222,0.024815,0.384259,0.048196,0.12963,0.033712,0.131944,0.032907,0.180556,0.033418,0.268519,0.041652,0.328704,0.045676,0.229167,0.035647,0.398148,0.041652,0.138889,0.026641,0.083333,0.025025,0.12037,0.033087,0.0,0.0,0.25876,0.040281,0.4241,0.044255,0.1075,0.01502,72
0.08,conformal_risk_filter,4,0.242758,0.038551,0.407407,0.040294,0.3125,0.049182,0.06713,0.023881,0.12037,0.03245,0.37963,0.045332,0.122685,0.037114,0.122685,0.032302,0.243056,0.04566,0.261574,0.044685,0.314815,0.04215,0.268519,0.042643,0.384259,0.051138,0.189815,0.046281,0.108796,0.031759,0.12037,0.030459,0.0,0.0,0.243608,0.041807,0.414023,0.054616,0.098935,0.015541,72
0.08,conformal_risk_filter,5,0.261362,0.032148,0.407407,0.045638,0.240741,0.042315,0.094907,0.027281,0.085648,0.02584,0.358796,0.045072,0.159722,0.035647,0.131944,0.031613,0.240741,0.038165,0.219907,0.034691,0.31713,0.046216,0.226852,0.041527,0.402778,0.045574,0.175926,0.035911,0.053241,0.020254,0.12963,0.030459,0.0,0.0,0.257265,0.033626,0.42013,0.04868,0.116389,0.016154,72
0.08,conformal_risk_filter,6,0.235065,0.035634,0.43287,0.045533,0.291667,0.044179,0.099537,0.025569,0.094907,0.025705,0.425926,0.040294,0.175926,0.030913,0.113426,0.031539,0.203704,0.037242,0.270833,0.045431,0.303241,0.041537,0.259259,0.04377,0.393519,0.045828,0.185185,0.035717,0.064815,0.022895,0.118056,0.029917,0.0,0.0,0.232684,0.039842,0.401495,0.048787,0.123009,0.016388,72
0.08,conformal_risk_filter,7,0.244811,0.034949,0.384259,0.049899,0.284722,0.047233,0.099537,0.027911,0.081019,0.02417,0.388889,0.050465,0.12963,0.03245,0.099537,0.03273,0.263889,0.044179,0.256944,0.040833,0.337963,0.043331,0.273148,0.042026,0.430556,0.048244,0.217593,0.046432,0.069444,0.023959,0.106481,0.026091,0.0,0.0,0.246317,0.037731,0.450681,0.051514,0.105231,0.0172,72
0.08,conformal_risk_filter,8,0.240866,0.032519,0.412037,0.04834,0.268519,0.045485,0.090278,0.026592,0.090278,0.029566,0.393519,0.043008,0.12963,0.036104,0.12963,0.029766,0.208333,0.04175,0.289352,0.037672,0.298611,0.041843,0.273148,0.044441,0.365741,0.04317,0.166667,0.034796,0.113426,0.032194,0.136574,0.029131,0.0,0.0,0.238858,0.035692,0.390056,0.048953,0.106019,0.017121,72
0.08,conformal_risk_filter,9,0.248453,0.032431,0.425926,0.046544,0.296296,0.042968,0.0625,0.01985,0.094907,0.032836,0.361111,0.041373,0.150463,0.031095,0.12037,0.027582,0.24537,0.041861,0.252315,0.044294,0.335648,0.038494,0.273148,0.042026,0.421296,0.052082,0.19213,0.041704,0.05787,0.021585,0.108796,0.029722,0.0,0.0,0.249667,0.033505,0.453898,0.053328,0.100509,0.013791,72
0.08,data_only_scaling,0,0.129117,0.02214,0.296296,0.037242,0.310185,0.036152,0.152778,0.03583,0.196759,0.038944,0.289352,0.043341,0.196759,0.036164,0.210648,0.034791,0.199074,0.036914,0.284722,0.044969,0.412037,0.042356,0.337963,0.043331,0.240741,0.039772,0.261574,0.045609,0.087963,0.030969,0.180556,0.034645,0.0,0.0,0.093331,0.022269,0.193264,0.041423,0.179676,0.020875,72
0.08,data_only_scaling,1,0.113746,0.019601,0.266204,0.040175,0.377315,0.045686,0.18287,0.036068,0.25463,0.04381,0.300926,0.04119,0.231481,0.040121,0.206019,0.043099,0.171296,0.039816,0.24537,0.04381,0.400463,0.04318,0.375,0.045114,0.238426,0.045609,0.284722,0.049814,0.12037,0.031137,0.185185,0.040121,0.0,0.0,0.070049,0.020327,0.17325,0.046339,0.212685,0.021011,72
0.08,data_only_scaling,2,0.115289,0.020816,0.226852,0.036725,0.358796,0.044607,0.173611,0.031941,0.164352,0.029955,0.259259,0.039772,0.25463,0.035374,0.238426,0.03702,0.171296,0.039816,0.319444,0.040737,0.430556,0.051184,0.354167,0.040833,0.217593,0.038028,0.266204,0.03804,0.097222,0.024815,0.208333,0.036977,0.0,0.0,0.073509,0.018998,0.155132,0.035238,0.202731,0.0168,72
0.08,data_only_scaling,3,0.102853,0.021578,0.263889,0.044649,0.358796,0.048636,0.164352,0.03626,0.229167,0.044031,0.293981,0.042612,0.217593,0.039641,0.208333,0.038633,0.164352,0.03509,0.30787,0.046888,0.474537,0.051957,0.388889,0.044297,0.224537,0.036642,0.268519,0.041148,0.108796,0.027535,0.162037,0.034173,0.0,0.0,0.068737,0.019677,0.172095,0.037718,0.196389,0.021156,72
0.08,data_only_scaling,4,0.119805,0.020142,0.215278,0.037363,0.326389,0.041088,0.203704,0.039421,0.219907,0.035874,0.287037,0.038347,0.212963,0.038888,0.196759,0.033777,0.166667,0.037118,0.3125,0.044737,0.402778,0.054349,0.386574,0.047843,0.238426,0.039211,0.25,0.040865,0.101852,0.032664,0.173611,0.033223,0.0,0.0,0.070095,0.017587,0.167569,0.03856,0.208704,0.021744,72
0.08,data_only_scaling,5,0.116163,0.022499,0.268519,0.040638,0.305556,0.049208,0.180556,0.03583,0.189815,0.03557,0.233796,0.043661,0.210648,0.041369,0.210648,0.038222,0.173611,0.032588,0.331019,0.047258,0.381944,0.046789,0.400463,0.042202,0.201389,0.038735,0.236111,0.040737,0.115741,0.030057,0.212963,0.04579,0.0,0.0,0.07258,0.022414,0.148852,0.034106,0.194259,0.020325,72
0.08,data_only_scaling,6,0.12616,0.029528,0.280093,0.040776,0.333333,0.040865,0.155093,0.036164,0.194444,0.037676,0.261574,0.040261,0.206019,0.03568,0.233796,0.041201,0.185185,0.043611,0.368056,0.043793,0.421296,0.053661,0.321759,0.050185,0.263889,0.048244,0.219907,0.03702,0.115741,0.030057,0.185185,0.039066,0.0,0.0,0.095405,0.029438,0.221586,0.050039,0.185324,0.020627,72
0.08,data_only_scaling,7,0.129719,0.021978,0.247685,0.035386,0.354167,0.043793,0.134259,0.032073,0.215278,0.035057,0.289352,0.045226,0.1875,0.03927,0.194444,0.03419,0.166667,0.03539,0.324074,0.045638,0.412037,0.044284,0.368056,0.047454,0.231481,0.047725,0.266204,0.036356,0.097222,0.028715,0.171296,0.037102,0.0,0.0,0.093732,0.021098,0.209433,0.046593,0.170833,0.019486,72
0.08,data_only_scaling,8,0.127052,0.022362,0.229167,0.040059,0.337963,0.04381,0.168981,0.036832,0.206019,0.040605,0.287037,0.046244,0.231481,0.040121,0.189815,0.037845,0.166667,0.039831,0.333333,0.040865,0.435185,0.047725,0.347222,0.042738,0.194444,0.036551,0.261574,0.042775,0.101852,0.029295,0.203704,0.040466,0.0,0.0,0.084579,0.022214,0.147181,0.036337,0.196481,0.022731,72
0.08,data_only_scaling,9,0.125898,0.019646,0.252315,0.038222,0.314815,0.044558,0.162037,0.031636,0.194444,0.034796,0.280093,0.041788,0.24537,0.044753,0.18287,0.034891,0.199074,0.04068,0.37037,0.04579,0.416667,0.047481,0.37037,0.046693,0.243056,0.036515,0.247685,0.042367,0.094907,0.02488,0.178241,0.04052,0.0,0.0,0.080147,0.019519,0.184097,0.03672,0.194954,0.022904,72
0.08,dropout_risk_filter,0,0.224765,0.030639,0.37963,0.048015,0.277778,0.040865,0.083333,0.027413,0.101852,0.025484,0.395833,0.045888,0.141204,0.030758,0.12037,0.030459,0.226852,0.037845,0.261574,0.035288,0.331019,0.044057,0.261574,0.041788,0.384259,0.050728,0.164352,0.03568,0.083333,0.026641,0.143519,0.034376,0.0,0.0,0.22239,0.032696,0.408877,0.053686,0.107731,0.014905,72
0.08,dropout_risk_filter,1,0.222476,0.034228,0.412037,0.040851,0.321759,0.047184,0.085648,0.026635,0.101852,0.027833,0.37037,0.048448,0.157407,0.035325,0.097222,0.029433,0.215278,0.041593,0.240741,0.039244,0.324074,0.04377,0.273148,0.041527,0.381944,0.048541,0.194444,0.04237,0.071759,0.026505,0.127315,0.031978,0.0,0.0,0.217344,0.034902,0.39922,0.046639,0.11125,0.01756,72
0.08,dropout_risk_filter,2,0.229013,0.032454,0.400463,0.041201,0.293981,0.045457,0.104167,0.031281,0.090278,0.026592,0.356481,0.04537,0.162037,0.036535,0.113426,0.02877,0.219907,0.038131,0.284722,0.043554,0.31713,0.04484,0.25,0.041874,0.377315,0.053669,0.19213,0.041704,0.083333,0.027413,0.138889,0.032947,0.0,0.0,0.222887,0.03615,0.390007,0.058071,0.119954,0.016906,72
0.08,dropout_risk_filter,3,0.242446,0.029817,0.402778,0.044649,0.268519,0.041652,0.092593,0.028082,0.099537,0.031429,0.37963,0.048015,0.127315,0.033258,0.106481,0.02839,0.203704,0.039947,0.247685,0.042856,0.3125,0.042829,0.25463,0.038753,0.386574,0.049977,0.173611,0.041593,0.076389,0.021369,0.115741,0.027896,0.0,0.0,0.241762,0.033489,0.407937,0.053492,0.105648,0.017557,72
0.08,dropout_risk_filter,4,0.228101,0.031773,0.342593,0.049584,0.296296,0.038888,0.097222,0.030134,0.083333,0.026641,0.368056,0.047454,0.12037,0.026024,0.122685,0.034186,0.231481,0.040121,0.256944,0.041341,0.342593,0.040808,0.261574,0.038675,0.354167,0.039798,0.215278,0.037363,0.106481,0.027645,0.12037,0.029056,0.0,0.0,0.220122,0.033199,0.383819,0.041807,0.104213,0.015343,72
0.08,dropout_risk_filter,5,0.223008,0.032783,0.37037,0.048015,0.263889,0.046481,0.111111,0.031654,0.101852,0.02629,0.405093,0.041788,0.173611,0.035647,0.094907,0.027281,0.206019,0.041621,0.275463,0.039388,0.293981,0.039564,0.238426,0.035288,0.358796,0.048636,0.199074,0.039641,0.064815,0.020993,0.150463,0.031759,0.0,0.0,0.211961,0.035524,0.365611,0.050832,0.126574,0.017421,72
0.08,dropout_risk_filter,6,0.217979,0.029572,0.402778,0.047371,0.296296,0.042968,0.115741,0.027896,0.12963,0.03245,0.398148,0.040638,0.162037,0.037102,0.12037,0.033087,0.201389,0.038735,0.273148,0.037845,0.296296,0.042479,0.256944,0.042829,0.384259,0.044597,0.155093,0.034389,0.078704,0.026619,0.145833,0.035939,0.0,0.0,0.206836,0.033614,0.377461,0.049448,0.132593,0.018146,72
0.08,dropout_risk_filter,7,0.216711,0.030365,0.416667,0.045689,0.319444,0.049525,0.108796,0.028283,0.101852,0.028573,0.425926,0.046544,0.136574,0.03053,0.097222,0.027222,0.217593,0.04119,0.268519,0.041652,0.340278,0.046789,0.25,0.044297,0.372685,0.044057,0.18287,0.033048,0.099537,0.028649,0.141204,0.03273,0.0,0.0,0.214987,0.033281,0.38981,0.047324,0.114722,0.014643,72
0.08,dropout_risk_filter,8,0.233819,0.034386,0.405093,0.049558,0.300926,0.042684,0.101852,0.027073,0.108796,0.029011,0.402778,0.05279,0.136574,0.031207,0.155093,0.038404,0.210648,0.039827,0.25,0.039303,0.298611,0.044737,0.238426,0.035874,0.372685,0.048565,0.166667,0.038226,0.101852,0.027073,0.136574,0.03053,0.0,0.0,0.22962,0.037115,0.389303,0.04933,0.118843,0.015838,72
0.08,dropout_risk_filter,9,0.20379,0.030755,0.428241,0.042775,0.280093,0.042775,0.081019,0.025019,0.12963,0.0318,0.363426,0.047184,0.189815,0.038392,0.136574,0.035582,0.215278,0.031281,0.229167,0.035057,0.347222,0.046481,0.231481,0.040638,0.416667,0.046143,0.168981,0.037948,0.069444,0.023072,0.108796,0.029011,0.0,0.0,0.199698,0.03385,0.420118,0.047821,0.127963,0.018096,72
0.08,ensemble_uncertainty_gate,0,0.205587,0.027401,0.4375,0.058666,0.328704,0.04834,0.104167,0.026982,0.101852,0.027833,0.386574,0.046065,0.164352,0.03568,0.155093,0.034389,0.226852,0.038932,0.261574,0.041788,0.331019,0.045457,0.277778,0.05005,0.391204,0.048851,0.196759,0.043501,0.099537,0.030071,0.143519,0.03314,0.0,0.0,0.200126,0.027214,0.396336,0.051106,0.126898,0.017382,72
0.08,ensemble_uncertainty_gate,1,0.184286,0.027596,0.398148,0.039597,0.314815,0.046394,0.12963,0.027582,0.152778,0.034645,0.393519,0.043491,0.162037,0.031636,0.131944,0.031613,0.208333,0.043704,0.275463,0.039388,0.3125,0.045201,0.215278,0.041088,0.358796,0.049487,0.196759,0.043978,0.090278,0.032266,0.118056,0.032588,0.0,0.0,0.169913,0.027837,0.348625,0.051952,0.14375,0.014962,72
0.08,ensemble_uncertainty_gate,2,0.212088,0.029505,0.340278,0.038464,0.291667,0.035243,0.108796,0.031095,0.101852,0.02629,0.388889,0.038226,0.164352,0.036832,0.12037,0.029056,0.208333,0.039699,0.263889,0.038089,0.314815,0.046394,0.256944,0.045201,0.37963,0.045332,0.180556,0.040737,0.076389,0.024122,0.125,0.034645,0.0,0.0,0.200689,0.030959,0.381269,0.051757,0.12537,0.018184,72
0.08,ensemble_uncertainty_gate,3,0.191354,0.03229,0.363426,0.043501,0.333333,0.039303,0.092593,0.028082,0.101852,0.030687,0.400463,0.048636,0.138889,0.035975,0.138889,0.036551,0.210648,0.043341,0.266204,0.039122,0.349537,0.046216,0.289352,0.037114,0.384259,0.048627,0.159722,0.035057,0.048611,0.01985,0.136574,0.031869,0.0,0.0,0.188405,0.034136,0.408363,0.049243,0.112778,0.013347,72
0.08,ensemble_uncertainty_gate,4,0.233807,0.029659,0.421296,0.052878,0.303241,0.041032,0.125,0.035243,0.138889,0.030988,0.377315,0.049628,0.12963,0.029766,0.148148,0.040121,0.238426,0.03758,0.224537,0.036642,0.328704,0.04381,0.319444,0.045114,0.372685,0.036832,0.185185,0.039597,0.071759,0.02488,0.113426,0.028035,0.0,0.0,0.218055,0.03277,0.375563,0.044656,0.131204,0.019016,72
0.08,ensemble_uncertainty_gate,5,0.238094,0.031491,0.416667,0.044766,0.270833,0.036228,0.115741,0.033969,0.141204,0.033982,0.342593,0.044714,0.166667,0.036551,0.138889,0.031654,0.194444,0.047919,0.270833,0.0368,0.324074,0.046544,0.293981,0.045457,0.365741,0.04598,0.206019,0.039033,0.085648,0.02584,0.141204,0.035189,0.0,0.0,0.222414,0.034082,0.363197,0.052434,0.137917,0.016466,72
0.08,ensemble_uncertainty_gate,6,0.211039,0.03034,0.388889,0.048782,0.300926,0.041694,0.111111,0.030306,0.125,0.034037,0.384259,0.048196,0.12963,0.03245,0.150463,0.028283,0.229167,0.041088,0.273148,0.03999,0.351852,0.047285,0.231481,0.041652,0.368056,0.046566,0.215278,0.042585,0.074074,0.026554,0.104167,0.029917,0.0,0.0,0.204255,0.031627,0.383169,0.048901,0.123102,0.016706,72
0.08,ensemble_uncertainty_gate,7,0.223657,0.029709,0.375,0.043704,0.30787,0.04318,0.097222,0.026444,0.101852,0.03136,0.326389,0.044031,0.150463,0.03241,0.145833,0.032907,0.206019,0.03449,0.282407,0.036344,0.331019,0.044529,0.273148,0.047615,0.356481,0.03999,0.166667,0.033574,0.097222,0.028715,0.125,0.030134,0.0,0.0,0.210615,0.031008,0.368569,0.043069,0.118889,0.015593,72
0.08,ensemble_uncertainty_gate,8,0.223544,0.029972,0.333333,0.038226,0.310185,0.048052,0.085648,0.025019,0.115741,0.030743,0.356481,0.048052,0.157407,0.031581,0.150463,0.033673,0.180556,0.034037,0.238426,0.04374,0.342593,0.043291,0.261574,0.044215,0.354167,0.050023,0.164352,0.03626,0.081019,0.023291,0.148148,0.033918,0.0,0.0,0.212228,0.031854,0.370942,0.05149,0.119074,0.016027,72
0.08,ensemble_uncertainty_gate,9,0.20968,0.031682,0.372685,0.05425,0.298611,0.042339,0.099537,0.026373,0.138889,0.031654,0.386574,0.051215,0.141204,0.030071,0.141204,0.031429,0.208333,0.040737,0.282407,0.045063,0.356481,0.04252,0.261574,0.042284,0.37963,0.051781,0.19213,0.036356,0.060185,0.020742,0.122685,0.026635,0.0,0.0,0.201045,0.033769,0.38772,0.051175,0.123287,0.016486,72
0.08,generic_scaling_law_extrapolator,0,0.131944,0.023183,0.236111,0.038633,0.372685,0.046366,0.164352,0.03509,0.19213,0.039122,0.247685,0.050874,0.224537,0.041954,0.256944,0.041341,0.125,0.028715,0.358796,0.043661,0.423611,0.042339,0.43287,0.051957,0.208333,0.040222,0.275463,0.037207,0.078704,0.023272,0.180556,0.040222,0.0,0.0,0.088906,0.023643,0.161944,0.041833,0.196667,0.022484,72
0.08,generic_scaling_law_extrapolator,1,0.131144,0.021095,0.212963,0.042968,0.340278,0.041088,0.143519,0.02839,0.247685,0.039827,0.222222,0.039303,0.210648,0.040348,0.240741,0.035325,0.148148,0.035127,0.372685,0.044995,0.402778,0.048675,0.395833,0.052268,0.298611,0.040833,0.263889,0.036408,0.076389,0.025795,0.166667,0.03419,0.0,0.0,0.085908,0.019526,0.239053,0.042655,0.19213,0.017109,72
0.08,generic_scaling_law_extrapolator,2,0.126652,0.020465,0.189815,0.038392,0.314815,0.041148,0.157407,0.032876,0.208333,0.040737,0.252315,0.040862,0.206019,0.032624,0.236111,0.040222,0.210648,0.042367,0.377315,0.048779,0.449074,0.046432,0.474537,0.044607,0.219907,0.038675,0.280093,0.045609,0.111111,0.028164,0.171296,0.031636,0.0,0.0,0.076604,0.01843,0.170116,0.037167,0.189028,0.02055,72
0.08,generic_scaling_law_extrapolator,3,0.106754,0.020272,0.266204,0.045533,0.358796,0.049487,0.148148,0.035717,0.215278,0.036228,0.261574,0.04326,0.199074,0.04068,0.243056,0.042829,0.1875,0.034758,0.351852,0.04215,0.425926,0.04787,0.409722,0.041843,0.203704,0.039421,0.298611,0.046115,0.12037,0.033087,0.152778,0.03583,0.0,0.0,0.068867,0.01948,0.166914,0.040154,0.185,0.020656,72
0.08,generic_scaling_law_extrapolator,4,0.144806,0.022694,0.194444,0.038226,0.335648,0.047697,0.150463,0.034891,0.194444,0.039831,0.275463,0.041954,0.194444,0.040865,0.252315,0.044762,0.145833,0.034152,0.368056,0.046566,0.456019,0.050047,0.472222,0.047481,0.240741,0.040294,0.247685,0.044762,0.104167,0.030606,0.201389,0.042829,0.0,0.0,0.100417,0.023715,0.208586,0.043774,0.181759,0.022929,72
0.08,generic_scaling_law_extrapolator,5,0.123647,0.019476,0.217593,0.04068,0.296296,0.044401,0.162037,0.034779,0.215278,0.037918,0.217593,0.044126,0.256944,0.041341,0.236111,0.038633,0.157407,0.034729,0.37963,0.051781,0.43287,0.048205,0.453704,0.050968,0.208333,0.04175,0.293981,0.055768,0.12037,0.029766,0.178241,0.038404,0.0,0.0,0.073303,0.018245,0.155859,0.037904,0.2075,0.021643,72
0.08,generic_scaling_law_extrapolator,6,0.126886,0.021829,0.199074,0.034578,0.333333,0.04237,0.180556,0.035243,0.217593,0.037475,0.25463,0.045676,0.240741,0.04377,0.215278,0.037918,0.150463,0.035484,0.351852,0.047285,0.428241,0.044685,0.465278,0.041843,0.266204,0.048205,0.24537,0.040337,0.108796,0.025974,0.175926,0.037614,0.0,0.0,0.077418,0.019871,0.20687,0.042996,0.20875,0.021622,72
0.08,generic_scaling_law_extrapolator,7,0.117851,0.022576,0.282407,0.047761,0.347222,0.050361,0.159722,0.030606,0.238426,0.040776,0.277778,0.04286,0.25,0.03539,0.25463,0.046581,0.178241,0.037856,0.388889,0.038768,0.472222,0.04523,0.462963,0.053369,0.196759,0.037301,0.263889,0.042247,0.081019,0.025019,0.189815,0.042026,0.0,0.0,0.072868,0.020755,0.131301,0.038235,0.210463,0.020287,72
0.08,generic_scaling_law_extrapolator,8,0.121407,0.020427,0.231481,0.037429,0.333333,0.045689,0.1875,0.041341,0.194444,0.028896,0.243056,0.043314,0.208333,0.039699,0.229167,0.044969,0.224537,0.033673,0.388889,0.039831,0.428241,0.046962,0.439815,0.04537,0.25463,0.038211,0.263889,0.046481,0.125,0.030819,0.152778,0.03583,0.0,0.0,0.074099,0.019344,0.195968,0.039703,0.199167,0.02393,72
0.08,generic_scaling_law_extrapolator,9,0.099619,0.021385,0.233796,0.03273,0.3125,0.03927,0.224537,0.038854,0.201389,0.038192,0.25,0.039303,0.212963,0.041985,0.206019,0.041621,0.173611,0.031941,0.395833,0.045431,0.474537,0.049487,0.407407,0.054784,0.210648,0.037672,0.252315,0.04382,0.111111,0.028164,0.175926,0.042806,0.0,0.0,0.060442,0.019516,0.149025,0.040138,0.215046,0.02247,72
0.08,invariance_penalty_policy,0,0.242636,0.034734,0.340278,0.046789,0.280093,0.046516,0.145833,0.036515,0.097222,0.025643,0.393519,0.045828,0.150463,0.031759,0.136574,0.032517,0.203704,0.037799,0.24537,0.038753,0.287037,0.039421,0.310185,0.051002,0.384259,0.051545,0.173611,0.036228,0.071759,0.02488,0.136574,0.029131,0.0,0.0,0.226814,0.039065,0.375762,0.056792,0.137546,0.019524,72
0.08,invariance_penalty_policy,1,0.222957,0.026936,0.377315,0.044294,0.240741,0.039244,0.111111,0.032307,0.134259,0.039641,0.351852,0.046842,0.171296,0.033557,0.155093,0.033153,0.217593,0.033969,0.298611,0.047892,0.349537,0.046216,0.310185,0.043008,0.37963,0.045332,0.150463,0.036068,0.060185,0.022666,0.136574,0.03053,0.0,0.0,0.203255,0.029947,0.373116,0.046043,0.137731,0.018461,72
0.08,invariance_penalty_policy,2,0.23723,0.029965,0.363426,0.04052,0.300926,0.04317,0.12037,0.030459,0.122685,0.029605,0.361111,0.043344,0.189815,0.037845,0.157407,0.037614,0.196759,0.039476,0.305556,0.047481,0.354167,0.045201,0.284722,0.045888,0.363426,0.048922,0.164352,0.03509,0.0625,0.021852,0.12963,0.036104,0.0,0.0,0.215875,0.032754,0.349338,0.053833,0.145324,0.021708,72
0.08,invariance_penalty_policy,3,0.197152,0.026624,0.328704,0.045676,0.280093,0.03702,0.125,0.031489,0.136574,0.026895,0.377315,0.044294,0.180556,0.04175,0.145833,0.030263,0.173611,0.040059,0.270833,0.040577,0.3125,0.042829,0.30787,0.042694,0.342593,0.04787,0.143519,0.033764,0.039352,0.01883,0.152778,0.034645,0.0,0.0,0.17476,0.028455,0.336903,0.0533,0.145833,0.01847,72
0.08,invariance_penalty_policy,4,0.241982,0.02846,0.37963,0.044401,0.3125,0.046566,0.106481,0.031855,0.106481,0.02839,0.365741,0.04598,0.173611,0.037918,0.148148,0.028573,0.206019,0.040605,0.321759,0.047624,0.321759,0.04445,0.305556,0.049631,0.354167,0.041843,0.164352,0.028528,0.05787,0.021585,0.162037,0.032929,0.0,0.0,0.22459,0.031446,0.358046,0.044913,0.130787,0.017948,72
0.08,invariance_penalty_policy,5,0.195512,0.030482,0.342593,0.048304,0.305556,0.037118,0.138889,0.02961,0.150463,0.035484,0.3125,0.043314,0.157407,0.035325,0.152778,0.038089,0.203704,0.039421,0.270833,0.042585,0.321759,0.04445,0.277778,0.041874,0.340278,0.048541,0.155093,0.037856,0.05787,0.021585,0.148148,0.033918,0.0,0.0,0.169723,0.031457,0.328292,0.051221,0.147917,0.017395,72
0.08,invariance_penalty_policy,6,0.234606,0.028469,0.340278,0.048541,0.298611,0.03927,0.118056,0.031941,0.122685,0.029605,0.347222,0.04175,0.185185,0.032018,0.127315,0.031318,0.155093,0.035582,0.252315,0.039827,0.340278,0.045431,0.291667,0.03917,0.351852,0.045024,0.118056,0.027744,0.069444,0.020176,0.131944,0.034758,0.0,0.0,0.214494,0.031908,0.346981,0.046308,0.139954,0.018166,72
0.08,invariance_penalty_policy,7,0.236342,0.030022,0.388889,0.041373,0.310185,0.044441,0.113426,0.03087,0.092593,0.026554,0.377315,0.05209,0.171296,0.034779,0.157407,0.032235,0.196759,0.037856,0.30787,0.044607,0.287037,0.043451,0.314815,0.039066,0.37037,0.047579,0.143519,0.033764,0.071759,0.026505,0.175926,0.041317,0.0,0.0,0.221206,0.031479,0.372347,0.04585,0.131435,0.018264,72
0.08,invariance_penalty_policy,8,0.202145,0.028933,0.347222,0.042738,0.291667,0.044179,0.12963,0.031137,0.099537,0.025569,0.381944,0.046789,0.157407,0.03023,0.134259,0.032073,0.180556,0.032788,0.335648,0.043581,0.326389,0.042092,0.252315,0.040862,0.351852,0.040638,0.145833,0.034152,0.071759,0.024026,0.155093,0.036737,0.0,0.0,0.186934,0.03015,0.351199,0.045174,0.133009,0.017197,72
0.08,invariance_penalty_policy,9,0.225603,0.03154,0.335648,0.047697,0.333333,0.043344,0.101852,0.022895,0.113426,0.02877,0.291667,0.04175,0.178241,0.032517,0.115741,0.028634,0.18287,0.036068,0.319444,0.046928,0.342593,0.048304,0.289352,0.048779,0.391204,0.046216,0.157407,0.034122,0.055556,0.022383,0.141204,0.034591,0.0,0.0,0.210414,0.033186,0.401231,0.044686,0.128241,0.014246,72
0.08,large_behavior_clone,0,0.079343,0.017253,0.166667,0.034796,0.372685,0.051486,0.162037,0.030969,0.266204,0.042202,0.219907,0.03758,0.273148,0.043008,0.261574,0.036452,0.159722,0.034456,0.375,0.040222,0.483796,0.038854,0.4375,0.046789,0.196759,0.043019,0.3125,0.046115,0.113426,0.029487,0.166667,0.034796,0.0,0.0,0.036997,0.012629,0.135882,0.037663,0.224074,0.020653,72
0.08,large_behavior_clone,1,0.085192,0.018542,0.18287,0.034288,0.344907,0.04674,0.152778,0.034645,0.24537,0.038211,0.24537,0.041359,0.240741,0.041317,0.25463,0.045217,0.189815,0.040509,0.319444,0.042738,0.456019,0.04659,0.416667,0.050465,0.18287,0.035484,0.30787,0.047331,0.148148,0.035717,0.173611,0.034456,0.0,0.0,0.048436,0.015174,0.129014,0.03591,0.206019,0.022657,72
0.08,large_behavior_clone,2,0.091893,0.017741,0.185185,0.039597,0.375,0.047371,0.185185,0.038528,0.25463,0.039816,0.238426,0.040261,0.203704,0.038347,0.275463,0.041954,0.155093,0.028405,0.365741,0.048196,0.435185,0.048592,0.418981,0.047036,0.194444,0.034796,0.282407,0.040164,0.106481,0.029824,0.18287,0.033048,0.0,0.0,0.047084,0.014689,0.130431,0.034296,0.212269,0.017674,72
0.08,large_behavior_clone,3,0.087357,0.018998,0.166667,0.035975,0.358796,0.049064,0.18287,0.040947,0.25463,0.036535,0.226852,0.043968,0.270833,0.039535,0.287037,0.037799,0.150463,0.034891,0.356481,0.048052,0.428241,0.046962,0.486111,0.044179,0.19213,0.03804,0.270833,0.042092,0.111111,0.031654,0.194444,0.035975,0.0,0.0,0.045766,0.01645,0.12247,0.038817,0.232593,0.024998,72
0.08,large_behavior_clone,4,0.099731,0.017527,0.143519,0.032504,0.363426,0.043501,0.18287,0.037207,0.233796,0.039652,0.247685,0.042367,0.236111,0.038089,0.273148,0.047175,0.189815,0.041527,0.372685,0.045457,0.456019,0.049628,0.453704,0.047138,0.178241,0.034991,0.284722,0.044969,0.118056,0.032588,0.19213,0.036926,0.0,0.0,0.049691,0.015471,0.113979,0.029941,0.217037,0.022105,72
0.08,large_behavior_clone,5,0.092472,0.018641,0.185185,0.040638,0.37037,0.045332,0.196759,0.04445,0.252315,0.042367,0.231481,0.044558,0.212963,0.037799,0.287037,0.041985,0.196759,0.033777,0.356481,0.039465,0.465278,0.046566,0.400463,0.049064,0.210648,0.045226,0.293981,0.04212,0.078704,0.024152,0.152778,0.038089,0.0,0.0,0.052152,0.016767,0.15366,0.042363,0.220648,0.026818,72
0.08,large_behavior_clone,6,0.084511,0.01568,0.206019,0.040088,0.402778,0.046481,0.206019,0.039033,0.252315,0.040862,0.212963,0.034326,0.266204,0.035777,0.224537,0.035484,0.168981,0.041116,0.328704,0.04381,0.467593,0.040164,0.421296,0.049197,0.201389,0.03927,0.298611,0.039798,0.085648,0.023291,0.19213,0.03804,0.0,0.0,0.039227,0.012454,0.135245,0.039636,0.234259,0.022435,72
0.08,large_behavior_clone,7,0.081918,0.015963,0.175926,0.036487,0.356481,0.048052,0.226852,0.036152,0.247685,0.042367,0.194444,0.037118,0.229167,0.043554,0.266204,0.040175,0.194444,0.03539,0.333333,0.039831,0.43287,0.049907,0.393519,0.044908,0.210648,0.036547,0.310185,0.043008,0.118056,0.030606,0.171296,0.034779,0.0,0.0,0.035315,0.01415,0.124704,0.030206,0.235231,0.020142,72
0.08,large_behavior_clone,8,0.10067,0.018219,0.150463,0.034288,0.405093,0.052423,0.173611,0.033223,0.256944,0.038735,0.196759,0.038944,0.270833,0.047233,0.224537,0.039388,0.131944,0.029566,0.361111,0.047919,0.469907,0.04052,0.363426,0.04538,0.206019,0.03568,0.303241,0.041032,0.106481,0.031193,0.171296,0.037661,0.0,0.0,0.049658,0.014906,0.143891,0.034018,0.22287,0.023684,72
0.08,large_behavior_clone,9,0.094478,0.019679,0.173611,0.039003,0.310185,0.048052,0.1875,0.03927,0.24537,0.044284,0.210648,0.038764,0.199074,0.041694,0.231481,0.037982,0.138889,0.034796,0.321759,0.039476,0.483796,0.050531,0.44213,0.043899,0.180556,0.034037,0.310185,0.043491,0.12963,0.03245,0.180556,0.038633,0.0,0.0,0.053798,0.017586,0.132375,0.03181,0.205787,0.023664,72
0.08,medium_behavior_clone,0,0.102935,0.018042,0.199074,0.036344,0.328704,0.045676,0.159722,0.032588,0.199074,0.031415,0.273148,0.040509,0.243056,0.040833,0.196759,0.037856,0.143519,0.031855,0.18287,0.036068,0.372685,0.043099,0.289352,0.043341,0.201389,0.034758,0.270833,0.043554,0.115741,0.029354,0.175926,0.038165,0.0,0.0,0.065455,0.018191,0.153387,0.033906,0.195509,0.020304,72
0.08,medium_behavior_clone,1,0.097415,0.018789,0.203704,0.037242,0.375,0.043224,0.159722,0.032588,0.19213,0.039122,0.196759,0.041537,0.194444,0.036551,0.19213,0.037487,0.143519,0.033764,0.219907,0.040261,0.381944,0.048109,0.263889,0.035243,0.19213,0.038585,0.252315,0.04382,0.094907,0.029487,0.178241,0.033777,0.0,0.0,0.061616,0.016131,0.164435,0.036012,0.179213,0.017903,72
0.08,medium_behavior_clone,2,0.089472,0.015417,0.173611,0.031281,0.347222,0.054349,0.194444,0.040351,0.196759,0.042531,0.222222,0.041874,0.212963,0.036678,0.194444,0.037676,0.152778,0.036408,0.206019,0.036832,0.372685,0.044995,0.287037,0.042479,0.215278,0.033845,0.215278,0.037918,0.094907,0.025705,0.173611,0.039535,0.0,0.0,0.051141,0.013258,0.152919,0.033922,0.200417,0.023606,72
0.08,medium_behavior_clone,3,0.104687,0.018536,0.1875,0.035939,0.340278,0.043072,0.185185,0.038528,0.194444,0.03539,0.261574,0.041285,0.243056,0.036515,0.219907,0.042775,0.159722,0.037363,0.233796,0.039122,0.388889,0.047039,0.291667,0.043224,0.217593,0.039641,0.224537,0.043421,0.125,0.036408,0.166667,0.031654,0.0,0.0,0.063331,0.016868,0.156245,0.038428,0.207685,0.021926,72
0.08,medium_behavior_clone,4,0.076655,0.015815,0.189815,0.037845,0.37963,0.047579,0.157407,0.034729,0.155093,0.033777,0.252315,0.036547,0.208333,0.035243,0.201389,0.03927,0.19213,0.034591,0.247685,0.045226,0.393519,0.047615,0.259259,0.044714,0.206019,0.03509,0.238426,0.041788,0.127315,0.02925,0.180556,0.03583,0.0,0.0,0.049941,0.014167,0.164132,0.037525,0.176667,0.020427,72
0.08,medium_behavior_clone,5,0.077116,0.018839,0.180556,0.036977,0.356481,0.044441,0.157407,0.034122,0.173611,0.039535,0.240741,0.040808,0.247685,0.042856,0.208333,0.033418,0.152778,0.032788,0.196759,0.035582,0.388889,0.043823,0.25,0.04286,0.208333,0.034645,0.275463,0.042938,0.134259,0.032073,0.196759,0.031869,0.0,0.0,0.048528,0.017255,0.156678,0.033978,0.1925,0.019321,72
0.08,medium_behavior_clone,6,0.07558,0.016509,0.196759,0.039476,0.377315,0.04659,0.194444,0.037676,0.189815,0.031193,0.243056,0.041341,0.259259,0.035911,0.229167,0.038464,0.196759,0.036164,0.224537,0.043899,0.425926,0.05124,0.296296,0.043929,0.180556,0.038089,0.201389,0.041341,0.125,0.032788,0.159722,0.034456,0.0,0.0,0.040045,0.012462,0.122014,0.036898,0.216528,0.016132,72
0.08,medium_behavior_clone,7,0.099156,0.020985,0.206019,0.041621,0.358796,0.04318,0.166667,0.033574,0.19213,0.041201,0.25,0.044297,0.231481,0.041652,0.222222,0.039831,0.155093,0.033153,0.231481,0.040638,0.409722,0.03927,0.289352,0.04614,0.217593,0.038573,0.222222,0.044297,0.127315,0.03449,0.18287,0.033048,0.0,0.0,0.065484,0.020077,0.164336,0.042361,0.19625,0.021039,72
0.08,medium_behavior_clone,8,0.080578,0.017524,0.208333,0.038633,0.354167,0.053648,0.175926,0.032876,0.171296,0.035374,0.296296,0.042968,0.212963,0.041485,0.189815,0.036152,0.194444,0.036551,0.189815,0.037289,0.412037,0.049619,0.238426,0.038675,0.210648,0.035971,0.219907,0.03758,0.101852,0.025484,0.203704,0.036678,0.0,0.0,0.0514,0.015565,0.154065,0.03235,0.187593,0.021547,72
0.08,medium_behavior_clone,9,0.107042,0.024475,0.178241,0.039476,0.335648,0.039033,0.175926,0.035325,0.171296,0.037102,0.219907,0.036452,0.25,0.04523,0.222222,0.038226,0.148148,0.033918,0.231481,0.037982,0.460648,0.046366,0.287037,0.044869,0.233796,0.043661,0.210648,0.041369,0.097222,0.030819,0.196759,0.036164,0.0,0.0,0.073963,0.022511,0.174551,0.038458,0.201944,0.023622,72
0.08,model_only_scaling,0,0.1143,0.022396,0.224537,0.033048,0.393519,0.042026,0.164352,0.03626,0.236111,0.039699,0.291667,0.044179,0.206019,0.041621,0.261574,0.042775,0.1875,0.038735,0.344907,0.0506,0.395833,0.048969,0.398148,0.046842,0.219907,0.034691,0.25,0.036551,0.094907,0.026505,0.1875,0.041843,0.0,0.0,0.070302,0.021007,0.168211,0.036366,0.199491,0.020317,72
0.08,model_only_scaling,1,0.09401,0.019738,0.138889,0.03419,0.365741,0.051948,0.194444,0.03539,0.236111,0.046481,0.243056,0.042339,0.215278,0.038464,0.280093,0.041285,0.145833,0.034758,0.351852,0.040638,0.400463,0.047331,0.430556,0.040222,0.206019,0.03626,0.284722,0.041593,0.141204,0.029369,0.159722,0.037918,0.0,0.0,0.050049,0.017274,0.131285,0.034353,0.216759,0.02197,72
0.08,model_only_scaling,2,0.107373,0.02142,0.196759,0.038944,0.324074,0.042315,0.175926,0.035911,0.203704,0.038888,0.24537,0.038753,0.226852,0.039465,0.259259,0.04787,0.166667,0.035975,0.361111,0.04237,0.44213,0.05135,0.428241,0.046516,0.231481,0.037982,0.282407,0.042192,0.106481,0.031193,0.194444,0.037676,0.0,0.0,0.067767,0.019804,0.166241,0.039331,0.204537,0.020786,72
0.08,model_only_scaling,3,0.109292,0.021575,0.243056,0.037083,0.342593,0.044714,0.152778,0.042738,0.266204,0.042202,0.263889,0.043224,0.201389,0.037083,0.219907,0.041788,0.18287,0.033673,0.328704,0.043331,0.467593,0.046879,0.391204,0.049276,0.236111,0.039699,0.268519,0.045024,0.134259,0.028634,0.18287,0.034288,0.0,0.0,0.07129,0.020576,0.190738,0.044118,0.194491,0.023952,72
0.08,model_only_scaling,4,0.108795,0.016105,0.196759,0.039476,0.328704,0.044753,0.185185,0.04215,0.189815,0.034978,0.25,0.040865,0.24537,0.037102,0.206019,0.037394,0.185185,0.035717,0.349537,0.041954,0.474537,0.043661,0.409722,0.051666,0.233796,0.040175,0.256944,0.040833,0.106481,0.031193,0.189815,0.043008,0.0,0.0,0.061418,0.013568,0.170366,0.036294,0.206157,0.022432,72
0.08,model_only_scaling,5,0.088894,0.016335,0.201389,0.032266,0.368056,0.043314,0.173611,0.031281,0.219907,0.038675,0.25463,0.040851,0.259259,0.044714,0.252315,0.040348,0.185185,0.037429,0.340278,0.048969,0.439815,0.040509,0.421296,0.039288,0.208333,0.04603,0.319444,0.045114,0.099537,0.026373,0.173611,0.040059,0.0,0.0,0.041746,0.012851,0.14197,0.041617,0.215509,0.021958,72
0.08,model_only_scaling,6,0.113457,0.01948,0.196759,0.037856,0.363426,0.044918,0.152778,0.032788,0.226852,0.03999,0.233796,0.039652,0.208333,0.041247,0.268519,0.04215,0.18287,0.033048,0.331019,0.044057,0.412037,0.045217,0.439815,0.034376,0.208333,0.042247,0.277778,0.049631,0.118056,0.0368,0.178241,0.038944,0.0,0.0,0.069982,0.018617,0.162204,0.041552,0.194352,0.019421,72
0.08,model_only_scaling,7,0.102241,0.022017,0.178241,0.034991,0.326389,0.051056,0.173611,0.034456,0.219907,0.032836,0.231481,0.038528,0.233796,0.039122,0.212963,0.039947,0.175926,0.033505,0.386574,0.04326,0.430556,0.049102,0.37037,0.054145,0.189815,0.038932,0.256944,0.038735,0.113426,0.027281,0.18287,0.042938,0.0,0.0,0.061552,0.018915,0.143965,0.036007,0.203935,0.019229,72
0.08,model_only_scaling,8,0.119828,0.022589,0.19213,0.036926,0.340278,0.046789,0.152778,0.037537,0.224537,0.044372,0.238426,0.042284,0.219907,0.04326,0.256944,0.041341,0.175926,0.040294,0.381944,0.048541,0.384259,0.046432,0.37963,0.042968,0.19213,0.032086,0.275463,0.046665,0.081019,0.027408,0.168981,0.041621,0.0,0.0,0.077271,0.02118,0.14419,0.034299,0.19625,0.020257,72
0.08,model_only_scaling,9,0.119538,0.02025,0.199074,0.04068,0.337963,0.043331,0.175926,0.038708,0.196759,0.037856,0.268519,0.042643,0.219907,0.038131,0.247685,0.042367,0.168981,0.03509,0.365741,0.048196,0.460648,0.045913,0.425926,0.048304,0.206019,0.033879,0.321759,0.043501,0.111111,0.02961,0.196759,0.040001,0.0,0.0,0.073893,0.02036,0.147035,0.036634,0.200046,0.021193,72
0.08,oracle_exception_selector,0,0.601991,0.039888,0.608796,0.045303,0.173611,0.034456,0.020833,0.014357,0.00463,0.006371,0.659722,0.037363,0.0625,0.01985,0.00463,0.006371,0.175926,0.035325,0.421296,0.04381,0.194444,0.03539,0.268519,0.04215,0.643519,0.04537,0.048611,0.021852,0.016204,0.013178,0.053241,0.023141,0.0,0.0,0.672225,0.041145,0.713463,0.043661,0.028796,0.008786,72
0.08,oracle_exception_selector,1,0.600799,0.039285,0.694444,0.04237,0.145833,0.034152,0.023148,0.013407,0.002315,0.004537,0.627315,0.045457,0.069444,0.024815,0.002315,0.004537,0.203704,0.040979,0.412037,0.050453,0.178241,0.038404,0.277778,0.046143,0.701389,0.041341,0.053241,0.020254,0.018519,0.012184,0.034722,0.017019,0.0,0.0,0.681426,0.03978,0.771535,0.038676,0.031204,0.008393,72
0.08,oracle_exception_selector,2,0.590316,0.040245,0.650463,0.046216,0.148148,0.032664,0.020833,0.012821,0.002315,0.004537,0.634259,0.044126,0.071759,0.026505,0.00463,0.006371,0.215278,0.043554,0.44213,0.047551,0.178241,0.037301,0.31713,0.048851,0.638889,0.046143,0.055556,0.022383,0.023148,0.013407,0.034722,0.015744,0.0,0.0,0.653892,0.042774,0.704611,0.042458,0.031157,0.010355,72
0.08,oracle_exception_selector,3,0.619954,0.041555,0.69213,0.040175,0.159722,0.035057,0.023148,0.013407,0.002315,0.004537,0.606481,0.045828,0.074074,0.02408,0.009259,0.010982,0.226852,0.03557,0.402778,0.03917,0.148148,0.035127,0.280093,0.049558,0.666667,0.047039,0.06713,0.025569,0.025463,0.013948,0.037037,0.016117,0.0,0.0,0.685705,0.040969,0.737674,0.044994,0.033287,0.008916,72
0.08,oracle_exception_selector,4,0.61869,0.043943,0.696759,0.048061,0.166667,0.037676,0.020833,0.012821,0.006944,0.007747,0.594907,0.048277,0.069444,0.024815,0.009259,0.010982,0.180556,0.034037,0.409722,0.043314,0.150463,0.036068,0.335648,0.048993,0.641204,0.046441,0.074074,0.024932,0.018519,0.013791,0.05787,0.023439,0.0,0.0,0.674986,0.044395,0.710586,0.044967,0.031759,0.009072,72
0.08,oracle_exception_selector,5,0.581941,0.041511,0.712963,0.043451,0.171296,0.036535,0.020833,0.012821,0.002315,0.004537,0.601852,0.045024,0.081019,0.02584,0.00463,0.006371,0.19213,0.036356,0.393519,0.048052,0.159722,0.033223,0.298611,0.040319,0.643519,0.051002,0.0625,0.022787,0.018519,0.012184,0.069444,0.023072,0.0,0.0,0.653867,0.043856,0.7099,0.049589,0.033935,0.010262,72
0.08,oracle_exception_selector,6,0.604249,0.040676,0.689815,0.045828,0.18287,0.031759,0.023148,0.013407,0.0,0.0,0.645833,0.047454,0.060185,0.020742,0.006944,0.007747,0.1875,0.030945,0.423611,0.044737,0.159722,0.038464,0.305556,0.045689,0.627315,0.048993,0.078704,0.021403,0.030093,0.016252,0.053241,0.023141,0.0,0.0,0.66254,0.040273,0.699148,0.046261,0.028472,0.007597,72
0.08,oracle_exception_selector,7,0.589794,0.040457,0.678241,0.040001,0.162037,0.026619,0.032407,0.015343,0.002315,0.004537,0.673611,0.048969,0.06713,0.02299,0.00463,0.006371,0.166667,0.032947,0.388889,0.050465,0.173611,0.029917,0.300926,0.040164,0.659722,0.048109,0.076389,0.028118,0.030093,0.017489,0.060185,0.022666,0.0,0.0,0.658601,0.040552,0.725806,0.046383,0.03463,0.010248,72
0.08,oracle_exception_selector,8,0.586616,0.033872,0.706019,0.045457,0.162037,0.032289,0.013889,0.010715,0.006944,0.007747,0.655093,0.04674,0.083333,0.026641,0.0,0.0,0.199074,0.032717,0.358796,0.042202,0.194444,0.03539,0.289352,0.039827,0.625,0.048675,0.050926,0.02006,0.011574,0.009855,0.041667,0.019113,0.0,0.0,0.653966,0.037129,0.692708,0.045554,0.032083,0.009416,72
0.08,oracle_exception_selector,9,0.610786,0.03911,0.645833,0.043314,0.145833,0.032907,0.013889,0.010715,0.002315,0.004537,0.680556,0.043224,0.06713,0.024739,0.00463,0.006371,0.178241,0.036737,0.393519,0.043008,0.148148,0.029999,0.266204,0.043661,0.643519,0.043491,0.053241,0.019196,0.018519,0.013791,0.055556,0.02143,0.0,0.0,0.679253,0.038616,0.717248,0.042604,0.026852,0.008131,72
0.08,proposed_embodied_scale_exception_audit_v4,0,0.414218,0.039424,0.55787,0.048851,0.217593,0.033349,0.064815,0.022895,0.06713,0.025569,0.541667,0.04603,0.122685,0.035971,0.064815,0.024651,0.168981,0.038494,0.303241,0.045838,0.263889,0.041247,0.261574,0.041285,0.530093,0.042037,0.106481,0.029824,0.053241,0.02126,0.104167,0.02921,0.0,0.0,0.44719,0.042141,0.573093,0.044288,0.082593,0.014654,72
0.08,proposed_embodied_scale_exception_audit_v4,1,0.397456,0.043488,0.576389,0.048325,0.212963,0.039947,0.085648,0.026635,0.060185,0.023569,0.511574,0.044918,0.12963,0.033712,0.064815,0.023789,0.222222,0.040865,0.331019,0.044529,0.291667,0.042738,0.25,0.045689,0.541667,0.045574,0.104167,0.024551,0.034722,0.018204,0.081019,0.02417,0.0,0.0,0.425921,0.0473,0.575095,0.050098,0.092176,0.018085,72
0.08,proposed_embodied_scale_exception_audit_v4,2,0.402084,0.035823,0.523148,0.05141,0.18287,0.037207,0.087963,0.025823,0.05787,0.023439,0.506944,0.043072,0.101852,0.029295,0.050926,0.022043,0.199074,0.033349,0.349537,0.045303,0.238426,0.040261,0.25463,0.037661,0.527778,0.045689,0.118056,0.033845,0.034722,0.019317,0.090278,0.026592,0.0,0.0,0.430722,0.03823,0.567394,0.045867,0.083009,0.015931,72
0.08,proposed_embodied_scale_exception_audit_v4,3,0.38022,0.039175,0.539352,0.049838,0.240741,0.038708,0.06713,0.02299,0.06713,0.025569,0.523148,0.042026,0.131944,0.033535,0.076389,0.020369,0.194444,0.033574,0.303241,0.043019,0.282407,0.04317,0.256944,0.039798,0.506944,0.044031,0.099537,0.032086,0.053241,0.020254,0.113426,0.030187,0.0,0.0,0.408611,0.041772,0.549833,0.0444,0.0875,0.013607,72
0.08,proposed_embodied_scale_exception_audit_v4,4,0.42643,0.043293,0.541667,0.04781,0.212963,0.042968,0.039352,0.017687,0.064815,0.021964,0.50463,0.047469,0.12963,0.031137,0.064815,0.02629,0.173611,0.037918,0.31713,0.047551,0.219907,0.042775,0.217593,0.039111,0.5625,0.048109,0.125,0.032788,0.048611,0.01985,0.087963,0.026619,0.0,0.0,0.466982,0.046817,0.613639,0.04667,0.073565,0.013319,72
0.08,proposed_embodied_scale_exception_audit_v4,5,0.396312,0.040486,0.527778,0.049631,0.203704,0.037242,0.092593,0.025756,0.076389,0.028118,0.488426,0.041032,0.108796,0.026766,0.06713,0.021096,0.178241,0.034389,0.326389,0.044969,0.226852,0.041021,0.261574,0.036452,0.55787,0.049698,0.12037,0.029056,0.048611,0.020875,0.081019,0.025019,0.0,0.0,0.426488,0.042855,0.593245,0.050645,0.091991,0.015072,72
0.08,proposed_embodied_scale_exception_audit_v4,6,0.394001,0.037419,0.571759,0.042284,0.219907,0.039211,0.05787,0.021585,0.046296,0.020658,0.560185,0.048052,0.118056,0.02921,0.074074,0.025756,0.1875,0.032907,0.300926,0.044597,0.259259,0.045178,0.266204,0.043661,0.502315,0.050255,0.113426,0.032836,0.039352,0.017687,0.074074,0.02408,0.0,0.0,0.42998,0.040594,0.553627,0.05321,0.075463,0.01378,72
0.08,proposed_embodied_scale_exception_audit_v4,7,0.40608,0.030721,0.560185,0.038392,0.208333,0.035243,0.090278,0.029566,0.053241,0.020254,0.534722,0.043314,0.083333,0.026641,0.064815,0.022895,0.178241,0.031869,0.324074,0.046093,0.259259,0.040808,0.247685,0.041369,0.520833,0.03927,0.131944,0.035939,0.060185,0.025278,0.087963,0.027392,0.0,0.0,0.442184,0.033956,0.566396,0.042815,0.078981,0.01497,72
0.08,proposed_embodied_scale_exception_audit_v4,8,0.382228,0.038374,0.578704,0.046581,0.222222,0.038768,0.076389,0.024973,0.06713,0.02299,0.520833,0.05442,0.141204,0.031429,0.037037,0.017364,0.201389,0.037641,0.293981,0.044995,0.240741,0.04377,0.229167,0.037363,0.50463,0.045217,0.094907,0.027281,0.053241,0.019196,0.069444,0.023959,0.0,0.0,0.407899,0.040422,0.539331,0.04698,0.090231,0.015737,72
0.08,proposed_embodied_scale_exception_audit_v4,9,0.395007,0.036348,0.511574,0.043019,0.236111,0.038633,0.064815,0.022895,0.0625,0.025387,0.513889,0.043704,0.12037,0.031137,0.085648,0.025019,0.180556,0.03583,0.291667,0.049945,0.243056,0.040319,0.280093,0.045149,0.523148,0.03999,0.113426,0.027281,0.039352,0.017687,0.106481,0.03314,0.0,0.0,0.424739,0.039665,0.56722,0.044608,0.083148,0.0154,72
0.08,retrieval_augmented_nearest_failure,0,0.242282,0.02784,0.4375,0.045431,0.270833,0.035057,0.12963,0.033712,0.104167,0.029917,0.416667,0.039831,0.143519,0.033764,0.175926,0.032235,0.189815,0.03557,0.261574,0.038131,0.335648,0.046366,0.277778,0.04523,0.409722,0.048755,0.185185,0.036867,0.074074,0.023197,0.125,0.036977,0.0,0.0,0.236033,0.032085,0.400611,0.051617,0.133843,0.020228,72
0.08,retrieval_augmented_nearest_failure,1,0.247849,0.035769,0.435185,0.045024,0.273148,0.039465,0.101852,0.030687,0.108796,0.025158,0.381944,0.045888,0.134259,0.031415,0.115741,0.035177,0.1875,0.032907,0.273148,0.043968,0.340278,0.048109,0.270833,0.041593,0.430556,0.04603,0.150463,0.036642,0.074074,0.025756,0.125,0.032788,0.0,0.0,0.250437,0.037973,0.448882,0.048432,0.114213,0.016016,72
0.08,retrieval_augmented_nearest_failure,2,0.238091,0.030324,0.439815,0.038932,0.296296,0.045332,0.122685,0.030983,0.108796,0.031759,0.398148,0.040638,0.180556,0.03583,0.143519,0.037289,0.231481,0.037982,0.259259,0.045178,0.340278,0.041593,0.282407,0.038028,0.428241,0.045149,0.203704,0.041985,0.064815,0.022895,0.118056,0.029917,0.0,0.0,0.228574,0.032909,0.420843,0.049748,0.13963,0.01838,72
0.08,retrieval_augmented_nearest_failure,3,0.243939,0.02851,0.368056,0.047454,0.275463,0.046665,0.085648,0.027408,0.101852,0.027833,0.398148,0.052315,0.155093,0.036164,0.127315,0.029955,0.189815,0.034376,0.273148,0.042026,0.368056,0.049182,0.280093,0.042775,0.416667,0.04523,0.168981,0.03626,0.097222,0.024815,0.127315,0.029955,0.0,0.0,0.238758,0.031472,0.431618,0.047145,0.113565,0.016798,72
0.08,retrieval_augmented_nearest_failure,4,0.253564,0.033994,0.449074,0.046432,0.296296,0.047138,0.099537,0.033362,0.108796,0.029722,0.388889,0.039831,0.164352,0.031318,0.125,0.032788,0.171296,0.034173,0.266204,0.032086,0.270833,0.039003,0.219907,0.038131,0.414352,0.05209,0.175926,0.034122,0.053241,0.02222,0.150463,0.036642,0.0,0.0,0.253885,0.038235,0.424394,0.054684,0.123194,0.018913,72
0.08,retrieval_augmented_nearest_failure,5,0.243633,0.032237,0.418981,0.047916,0.259259,0.045178,0.097222,0.030134,0.122685,0.028159,0.425926,0.050419,0.159722,0.031281,0.118056,0.032588,0.208333,0.032788,0.282407,0.04068,0.333333,0.04286,0.236111,0.03917,0.412037,0.046581,0.150463,0.031759,0.087963,0.026619,0.115741,0.026356,0.0,0.0,0.241814,0.034657,0.419954,0.048187,0.122639,0.018327,72
0.08,retrieval_augmented_nearest_failure,6,0.255221,0.036005,0.435185,0.042643,0.289352,0.039827,0.101852,0.027073,0.108796,0.028283,0.407407,0.053238,0.175926,0.036487,0.141204,0.032086,0.180556,0.032145,0.284722,0.039003,0.314815,0.040638,0.261574,0.032194,0.476852,0.048484,0.162037,0.032929,0.083333,0.027413,0.138889,0.034796,0.0,0.0,0.256386,0.038707,0.476303,0.052875,0.129259,0.016993,72
0.08,retrieval_augmented_nearest_failure,7,0.259336,0.031926,0.416667,0.054444,0.289352,0.04659,0.097222,0.027979,0.125,0.031489,0.393519,0.047615,0.162037,0.035959,0.141204,0.035189,0.206019,0.03626,0.293981,0.047258,0.289352,0.038222,0.289352,0.04659,0.458333,0.04175,0.185185,0.037429,0.055556,0.019384,0.118056,0.033223,0.0,0.0,0.253628,0.033081,0.460208,0.041675,0.126065,0.017229,72
0.08,retrieval_augmented_nearest_failure,8,0.276776,0.035246,0.446759,0.047843,0.300926,0.042684,0.118056,0.035057,0.118056,0.032588,0.391204,0.044372,0.157407,0.032235,0.141204,0.039122,0.1875,0.034152,0.296296,0.039421,0.243056,0.042339,0.303241,0.04674,0.453704,0.039947,0.157407,0.034729,0.06713,0.024739,0.125,0.029433,0.0,0.0,0.271933,0.039119,0.452141,0.044207,0.132176,0.018979,72
0.08,retrieval_augmented_nearest_failure,9,0.26387,0.033765,0.381944,0.052268,0.263889,0.036408,0.108796,0.025974,0.122685,0.029605,0.405093,0.044215,0.131944,0.029566,0.164352,0.03509,0.173611,0.037918,0.321759,0.045838,0.305556,0.041373,0.229167,0.035647,0.425926,0.048735,0.180556,0.036408,0.0625,0.022787,0.12963,0.030459,0.0,0.0,0.262056,0.035232,0.438016,0.051373,0.123796,0.01555,72
0.08,risk_sensitive_cvar_policy,0,0.242284,0.030392,0.4375,0.042585,0.280093,0.039739,0.060185,0.021726,0.099537,0.027153,0.439815,0.04673,0.12037,0.029056,0.106481,0.029116,0.224537,0.034891,0.247685,0.034186,0.263889,0.045114,0.252315,0.040348,0.37037,0.044869,0.166667,0.03539,0.085648,0.026635,0.085648,0.02417,0.0,0.0,0.248046,0.030407,0.407509,0.044794,0.089954,0.014645,72
0.08,risk_sensitive_cvar_policy,1,0.237919,0.030441,0.430556,0.049945,0.296296,0.045332,0.081019,0.02417,0.113426,0.030187,0.412037,0.04877,0.136574,0.036164,0.113426,0.03087,0.18287,0.033673,0.243056,0.039798,0.303241,0.037301,0.238426,0.036452,0.375,0.051993,0.189815,0.034376,0.071759,0.024026,0.083333,0.025025,0.0,0.0,0.237355,0.033078,0.397403,0.052501,0.106759,0.015448,72
0.08,risk_sensitive_cvar_policy,2,0.234769,0.030871,0.409722,0.040833,0.25463,0.040337,0.113426,0.034691,0.078704,0.026619,0.483796,0.050116,0.134259,0.029354,0.090278,0.026592,0.247685,0.039827,0.212963,0.037799,0.266204,0.045072,0.212963,0.040979,0.386574,0.04374,0.171296,0.034173,0.076389,0.021369,0.092593,0.029531,0.0,0.0,0.236388,0.034055,0.406463,0.044162,0.111111,0.018217,72
0.08,risk_sensitive_cvar_policy,3,0.218255,0.029619,0.37037,0.047579,0.314815,0.040121,0.108796,0.029722,0.069444,0.025643,0.444444,0.043344,0.148148,0.036296,0.087963,0.025002,0.233796,0.040691,0.256944,0.043314,0.303241,0.043978,0.25,0.040351,0.400463,0.054314,0.180556,0.037537,0.05787,0.021585,0.134259,0.033349,0.0,0.0,0.216115,0.031014,0.418692,0.056101,0.111435,0.016632,72
0.08,risk_sensitive_cvar_policy,4,0.20154,0.026026,0.384259,0.044597,0.268519,0.043611,0.078704,0.026619,0.111111,0.028164,0.430556,0.044179,0.134259,0.035177,0.125,0.032145,0.240741,0.038708,0.25,0.037676,0.268519,0.033918,0.25463,0.038753,0.340278,0.041088,0.152778,0.029433,0.078704,0.023272,0.115741,0.029354,0.0,0.0,0.195827,0.026134,0.367542,0.042784,0.105833,0.016163,72
0.08,risk_sensitive_cvar_policy,5,0.212884,0.030134,0.388889,0.049631,0.268519,0.040121,0.094907,0.029487,0.085648,0.026635,0.472222,0.050877,0.189815,0.036725,0.127315,0.03568,0.247685,0.043341,0.24537,0.040337,0.337963,0.040337,0.275463,0.037207,0.391204,0.040947,0.157407,0.035325,0.074074,0.025756,0.12037,0.026814,0.0,0.0,0.20644,0.032523,0.393542,0.045875,0.124954,0.018177,72
0.08,risk_sensitive_cvar_policy,6,0.236962,0.031077,0.418981,0.039299,0.300926,0.038028,0.085648,0.028159,0.099537,0.033362,0.381944,0.046789,0.152778,0.032788,0.113426,0.029487,0.224537,0.039388,0.203704,0.040979,0.3125,0.041341,0.217593,0.04068,0.418981,0.04614,0.173611,0.037363,0.05787,0.023439,0.101852,0.027833,0.0,0.0,0.239754,0.033216,0.443648,0.04773,0.111065,0.015308,72
0.08,risk_sensitive_cvar_policy,7,0.226459,0.025532,0.391204,0.038854,0.303241,0.042037,0.076389,0.025795,0.101852,0.02629,0.446759,0.046065,0.138889,0.02961,0.118056,0.029917,0.259259,0.040294,0.203704,0.036678,0.344907,0.043501,0.217593,0.033969,0.418981,0.043341,0.180556,0.030819,0.081019,0.029605,0.085648,0.028159,0.0,0.0,0.229544,0.027646,0.446919,0.044385,0.103889,0.014891,72
0.08,risk_sensitive_cvar_policy,8,0.238458,0.030308,0.37037,0.041485,0.310185,0.042026,0.106481,0.02839,0.090278,0.027366,0.4375,0.044031,0.162037,0.036535,0.118056,0.030606,0.222222,0.037676,0.284722,0.039535,0.344907,0.047624,0.243056,0.044737,0.354167,0.040319,0.152778,0.035243,0.053241,0.02222,0.111111,0.031654,0.0,0.0,0.228391,0.033034,0.366181,0.043702,0.121389,0.017919,72
0.08,risk_sensitive_cvar_policy,9,0.237515,0.036421,0.400463,0.048636,0.303241,0.041032,0.085648,0.028891,0.108796,0.029722,0.462963,0.046693,0.127315,0.030644,0.101852,0.032018,0.240741,0.039244,0.259259,0.037614,0.354167,0.047454,0.240741,0.041317,0.393519,0.047175,0.178241,0.037856,0.055556,0.019384,0.078704,0.024152,0.0,0.0,0.239547,0.040129,0.418343,0.050277,0.103935,0.016922,72
0.08,small_behavior_clone,0,0.076749,0.019528,0.1875,0.036515,0.37037,0.050557,0.189815,0.038932,0.175926,0.034729,0.215278,0.040059,0.238426,0.04374,0.210648,0.040348,0.155093,0.034991,0.092593,0.025756,0.439815,0.047615,0.166667,0.031654,0.168981,0.038494,0.178241,0.033153,0.131944,0.034152,0.185185,0.036867,0.0,0.0,0.043828,0.017415,0.124646,0.037283,0.203981,0.023414,72
0.08,small_behavior_clone,1,0.073043,0.016298,0.19213,0.033982,0.391204,0.048851,0.18287,0.035484,0.148148,0.037982,0.229167,0.040059,0.247685,0.040348,0.19213,0.03804,0.199074,0.035177,0.104167,0.026982,0.377315,0.051688,0.115741,0.031415,0.159722,0.034456,0.203704,0.038347,0.125,0.034645,0.199074,0.038573,0.0,0.0,0.043492,0.013593,0.121215,0.035119,0.196991,0.019885,72
0.08,small_behavior_clone,2,0.054621,0.014397,0.206019,0.040088,0.395833,0.039535,0.159722,0.033223,0.143519,0.033764,0.217593,0.04068,0.256944,0.043314,0.168981,0.037948,0.148148,0.033918,0.097222,0.027979,0.356481,0.044441,0.122685,0.030302,0.143519,0.027645,0.150463,0.033673,0.094907,0.029487,0.185185,0.033918,0.0,0.0,0.034233,0.01185,0.109625,0.027884,0.186898,0.022575,72
0.08,small_behavior_clone,3,0.07331,0.017911,0.203704,0.040979,0.405093,0.044215,0.164352,0.031318,0.157407,0.037055,0.24537,0.033557,0.270833,0.040577,0.203704,0.041485,0.148148,0.034528,0.111111,0.032307,0.375,0.043224,0.148148,0.036296,0.194444,0.047039,0.175926,0.037055,0.104167,0.030606,0.18287,0.033048,0.0,0.0,0.045991,0.015689,0.153519,0.045534,0.198981,0.019909,72
0.08,small_behavior_clone,4,0.075948,0.019363,0.185185,0.037429,0.340278,0.044503,0.180556,0.032145,0.199074,0.036344,0.240741,0.038165,0.240741,0.039772,0.178241,0.037301,0.1875,0.034152,0.083333,0.027413,0.358796,0.046441,0.138889,0.033574,0.178241,0.038944,0.19213,0.035189,0.12963,0.03245,0.175926,0.035325,0.0,0.0,0.047217,0.017752,0.126296,0.035306,0.201713,0.019221,72
0.08,small_behavior_clone,5,0.051634,0.015411,0.226852,0.03314,0.368056,0.043793,0.19213,0.040691,0.122685,0.028159,0.185185,0.036867,0.266204,0.045072,0.152778,0.032145,0.150463,0.031095,0.090278,0.028851,0.340278,0.0368,0.171296,0.040337,0.173611,0.036228,0.157407,0.033505,0.12037,0.03245,0.175926,0.034122,0.0,0.0,0.031531,0.011731,0.135539,0.036488,0.197917,0.024373,72
0.08,small_behavior_clone,6,0.063451,0.015364,0.203704,0.039947,0.361111,0.037118,0.19213,0.039122,0.168981,0.041116,0.208333,0.040222,0.25,0.039303,0.173611,0.033845,0.203704,0.034326,0.094907,0.02877,0.347222,0.043224,0.143519,0.034376,0.166667,0.035975,0.212963,0.037242,0.094907,0.027281,0.189815,0.037289,0.0,0.0,0.034012,0.012308,0.120942,0.033137,0.203472,0.023102,72
0.08,small_behavior_clone,7,0.06105,0.015038,0.212963,0.039947,0.365741,0.044597,0.178241,0.037856,0.148148,0.032018,0.240741,0.041317,0.219907,0.04326,0.196759,0.038404,0.131944,0.031613,0.106481,0.026879,0.361111,0.05005,0.171296,0.034779,0.18287,0.034891,0.199074,0.039111,0.12963,0.034326,0.19213,0.034591,0.0,0.0,0.040769,0.014865,0.147718,0.036542,0.187176,0.023281,72
0.08,small_behavior_clone,8,0.077553,0.016687,0.199074,0.038573,0.349537,0.046665,0.18287,0.035484,0.143519,0.030516,0.24537,0.045217,0.247685,0.048349,0.194444,0.036551,0.196759,0.04052,0.094907,0.025705,0.372685,0.044057,0.159722,0.0368,0.231481,0.035717,0.189815,0.037845,0.145833,0.034152,0.185185,0.037982,0.0,0.0,0.05336,0.01576,0.176257,0.039743,0.196389,0.023863,72
0.08,small_behavior_clone,9,0.07481,0.016892,0.199074,0.04119,0.361111,0.050877,0.178241,0.034991,0.173611,0.042585,0.25463,0.041359,0.194444,0.039831,0.178241,0.038404,0.138889,0.03539,0.097222,0.029433,0.365741,0.039641,0.108796,0.029011,0.175926,0.038165,0.212963,0.040466,0.136574,0.033777,0.210648,0.040862,0.0,0.0,0.051888,0.016609,0.14853,0.035276,0.182269,0.021734,72
0.12,boundary_aware_scale_exception_audit_v5,0,0.480204,0.035712,0.645833,0.041843,0.201389,0.040319,0.053241,0.020254,0.032407,0.017858,0.585648,0.044762,0.087963,0.021403,0.032407,0.015343,0.273148,0.043008,0.275463,0.041954,0.222222,0.047481,0.263889,0.038633,0.643519,0.044908,0.085648,0.025019,0.030093,0.014912,0.060185,0.020742,0.0,0.0,0.546973,0.037803,0.711227,0.041687,0.057824,0.011289,72
0.12,boundary_aware_scale_exception_audit_v5,1,0.467602,0.047381,0.597222,0.043224,0.210648,0.039299,0.039352,0.016465,0.018519,0.012184,0.62963,0.046693,0.083333,0.024176,0.025463,0.015372,0.19213,0.040175,0.331019,0.044057,0.1875,0.040319,0.224537,0.037207,0.590278,0.050439,0.101852,0.027833,0.046296,0.020658,0.069444,0.021185,0.0,0.0,0.531402,0.049044,0.663896,0.04889,0.047407,0.010476,72
0.12,boundary_aware_scale_exception_audit_v5,2,0.500069,0.039705,0.634259,0.04317,0.168981,0.033258,0.034722,0.018204,0.039352,0.01883,0.555556,0.044766,0.060185,0.020742,0.023148,0.013407,0.231481,0.035717,0.289352,0.042856,0.196759,0.036164,0.201389,0.04566,0.659722,0.038464,0.094907,0.02877,0.020833,0.012821,0.078704,0.028876,0.0,0.0,0.575406,0.040404,0.734139,0.037081,0.042037,0.01003,72
0.12,boundary_aware_scale_exception_audit_v5,3,0.478271,0.041342,0.657407,0.045178,0.189815,0.043008,0.053241,0.020254,0.023148,0.013407,0.56713,0.048636,0.101852,0.03136,0.025463,0.013948,0.25,0.038226,0.270833,0.042092,0.178241,0.04052,0.201389,0.034758,0.594907,0.053993,0.0625,0.018769,0.034722,0.018204,0.060185,0.020742,0.0,0.0,0.541543,0.045061,0.660442,0.051116,0.05963,0.014102,72
0.12,boundary_aware_scale_exception_audit_v5,4,0.489611,0.038441,0.652778,0.039699,0.189815,0.036152,0.041667,0.019113,0.023148,0.013407,0.569444,0.044179,0.099537,0.030071,0.032407,0.015343,0.229167,0.037363,0.358796,0.045533,0.194444,0.038768,0.231481,0.033918,0.597222,0.047371,0.076389,0.028851,0.023148,0.013407,0.078704,0.028144,0.0,0.0,0.549014,0.039935,0.66534,0.045646,0.054769,0.012858,72
0.12,boundary_aware_scale_exception_audit_v5,5,0.514521,0.04553,0.627315,0.05229,0.18287,0.038313,0.039352,0.017687,0.020833,0.014357,0.576389,0.046566,0.085648,0.026635,0.030093,0.014912,0.178241,0.043978,0.3125,0.043793,0.189815,0.038392,0.270833,0.034456,0.641204,0.046888,0.104167,0.031941,0.020833,0.012821,0.06713,0.020082,0.0,0.0,0.578636,0.047728,0.709912,0.045789,0.048981,0.01183,72
0.12,boundary_aware_scale_exception_audit_v5,6,0.47459,0.045486,0.638889,0.046594,0.194444,0.034796,0.041667,0.020176,0.027778,0.015827,0.581019,0.045226,0.085648,0.02584,0.018519,0.013791,0.201389,0.038735,0.298611,0.044737,0.201389,0.03927,0.236111,0.034645,0.606481,0.052216,0.097222,0.028715,0.025463,0.016674,0.076389,0.023241,0.0,0.0,0.540243,0.04836,0.677926,0.051581,0.050046,0.011973,72
0.12,boundary_aware_scale_exception_audit_v5,7,0.479089,0.034979,0.597222,0.051993,0.180556,0.033418,0.039352,0.017687,0.048611,0.018769,0.571759,0.042775,0.097222,0.033418,0.020833,0.014357,0.19213,0.039122,0.333333,0.044766,0.1875,0.040319,0.229167,0.041088,0.618056,0.045431,0.081019,0.025019,0.023148,0.013407,0.071759,0.028035,0.0,0.0,0.54461,0.039752,0.685563,0.042322,0.056528,0.013554,72
0.12,boundary_aware_scale_exception_audit_v5,8,0.527056,0.041953,0.650463,0.042938,0.166667,0.03419,0.032407,0.015343,0.020833,0.012821,0.564815,0.044558,0.071759,0.026505,0.041667,0.016787,0.222222,0.039303,0.314815,0.045485,0.155093,0.036164,0.219907,0.041285,0.631944,0.045201,0.06713,0.02299,0.032407,0.016648,0.069444,0.022148,0.0,0.0,0.597876,0.042366,0.7075,0.043408,0.043056,0.009472,72
0.12,boundary_aware_scale_exception_audit_v5,9,0.512934,0.042471,0.643519,0.044908,0.166667,0.032947,0.048611,0.020875,0.020833,0.012821,0.587963,0.045217,0.078704,0.025002,0.032407,0.015343,0.201389,0.03927,0.3125,0.043314,0.215278,0.041088,0.240741,0.041317,0.641204,0.048205,0.083333,0.022383,0.025463,0.013948,0.064815,0.024651,0.0,0.0,0.581901,0.043525,0.710134,0.046747,0.051019,0.012341,72
0.12,compute_balanced_scaling,0,0.136276,0.0209,0.289352,0.042367,0.337963,0.043331,0.208333,0.036408,0.226852,0.043491,0.331019,0.043099,0.25,0.039831,0.229167,0.043072,0.180556,0.034645,0.344907,0.047624,0.388889,0.040351,0.391204,0.048851,0.261574,0.04326,0.263889,0.041247,0.092593,0.025756,0.171296,0.030969,0.0,0.0,0.091809,0.019402,0.222806,0.04449,0.22625,0.023273,72
0.12,compute_balanced_scaling,1,0.14858,0.027069,0.289352,0.034791,0.347222,0.044179,0.199074,0.038573,0.19213,0.039122,0.25463,0.040851,0.215278,0.037363,0.196759,0.036164,0.166667,0.031654,0.340278,0.042092,0.456019,0.045686,0.372685,0.040088,0.238426,0.045609,0.256944,0.046566,0.078704,0.022357,0.185185,0.038528,0.0,0.0,0.107267,0.026331,0.217398,0.046921,0.202454,0.020056,72
0.12,compute_balanced_scaling,2,0.154678,0.025258,0.238426,0.03758,0.342593,0.04787,0.134259,0.032717,0.210648,0.039827,0.238426,0.034084,0.180556,0.03583,0.224537,0.035484,0.164352,0.033879,0.391204,0.047551,0.377315,0.04614,0.418981,0.049205,0.252315,0.040862,0.238426,0.038675,0.090278,0.028118,0.168981,0.03509,0.0,0.0,0.117612,0.02492,0.257785,0.043172,0.170926,0.020414,72
0.12,compute_balanced_scaling,3,0.147641,0.019172,0.273148,0.038932,0.328704,0.049197,0.162037,0.036535,0.185185,0.040121,0.293981,0.041621,0.215278,0.041088,0.226852,0.038932,0.141204,0.026373,0.375,0.045574,0.388889,0.041874,0.375,0.042738,0.273148,0.038932,0.293981,0.039564,0.092593,0.024932,0.145833,0.034758,0.0,0.0,0.110718,0.019669,0.253023,0.042502,0.188657,0.020642,72
0.12,compute_balanced_scaling,4,0.137337,0.020014,0.291667,0.045574,0.337963,0.04834,0.178241,0.041537,0.208333,0.034037,0.310185,0.041527,0.233796,0.033982,0.212963,0.040979,0.168981,0.039033,0.358796,0.050324,0.409722,0.047012,0.414352,0.044762,0.259259,0.038708,0.268519,0.037429,0.113426,0.032836,0.175926,0.037614,0.0,0.0,0.099352,0.020131,0.24019,0.039688,0.203796,0.020321,72
0.12,compute_balanced_scaling,5,0.14129,0.028018,0.252315,0.039299,0.377315,0.041871,0.143519,0.034978,0.208333,0.036408,0.296296,0.039947,0.210648,0.040348,0.196759,0.04052,0.166667,0.03539,0.37037,0.049302,0.444444,0.046143,0.423611,0.046566,0.268519,0.041652,0.238426,0.035874,0.104167,0.028487,0.171296,0.032929,0.0,0.0,0.105756,0.02675,0.25756,0.042234,0.180648,0.021298,72
0.12,compute_balanced_scaling,6,0.153432,0.022321,0.240741,0.041317,0.287037,0.041985,0.173611,0.037918,0.166667,0.039303,0.300926,0.046879,0.224537,0.045303,0.238426,0.039739,0.171296,0.032929,0.388889,0.049631,0.405093,0.045609,0.425926,0.050419,0.268519,0.038528,0.229167,0.042585,0.106481,0.027645,0.150463,0.03241,0.0,0.0,0.114186,0.023675,0.24731,0.042345,0.19412,0.020209,72
0.12,compute_balanced_scaling,7,0.150898,0.025514,0.289352,0.044762,0.347222,0.049102,0.131944,0.030945,0.203704,0.037242,0.324074,0.044714,0.217593,0.041694,0.217593,0.039111,0.131944,0.038735,0.402778,0.048244,0.476852,0.048052,0.435185,0.043611,0.275463,0.043421,0.282407,0.040164,0.099537,0.028649,0.175926,0.038165,0.0,0.0,0.117372,0.025244,0.275678,0.045094,0.17912,0.019183,72
0.12,compute_balanced_scaling,8,0.156891,0.022285,0.280093,0.042775,0.342593,0.044245,0.164352,0.03568,0.178241,0.035582,0.273148,0.047615,0.25463,0.042846,0.203704,0.0318,0.171296,0.032289,0.351852,0.044087,0.358796,0.043661,0.400463,0.047331,0.273148,0.043008,0.266204,0.046441,0.083333,0.026641,0.125,0.033418,0.0,0.0,0.117278,0.023173,0.258521,0.043268,0.19787,0.018782,72
0.12,compute_balanced_scaling,9,0.155489,0.022983,0.263889,0.042247,0.342593,0.045178,0.150463,0.034891,0.203704,0.037799,0.273148,0.044441,0.238426,0.039211,0.215278,0.037363,0.18287,0.034891,0.337963,0.043331,0.405093,0.057002,0.391204,0.045762,0.240741,0.037614,0.25,0.040865,0.094907,0.025705,0.175926,0.035911,0.0,0.0,0.113072,0.023578,0.225447,0.040388,0.192917,0.019609,72
0.12,conformal_risk_filter,0,0.245986,0.03243,0.402778,0.049102,0.273148,0.041527,0.085648,0.030302,0.085648,0.025019,0.414352,0.045226,0.155093,0.029839,0.106481,0.031193,0.194444,0.038226,0.247685,0.042367,0.277778,0.043823,0.215278,0.038464,0.386574,0.045149,0.166667,0.03539,0.087963,0.030969,0.127315,0.029955,0.0,0.0,0.251573,0.033889,0.433852,0.047805,0.108565,0.016803,72
0.12,conformal_risk_filter,1,0.249277,0.03856,0.395833,0.045431,0.289352,0.040348,0.097222,0.028715,0.090278,0.028851,0.37037,0.048448,0.159722,0.031941,0.113426,0.028035,0.201389,0.038192,0.289352,0.041871,0.275463,0.038854,0.231481,0.037982,0.395833,0.043072,0.178241,0.037856,0.064815,0.024651,0.122685,0.028891,0.0,0.0,0.249241,0.040227,0.438785,0.046499,0.116343,0.017094,72
0.12,conformal_risk_filter,2,0.243259,0.03287,0.409722,0.045201,0.296296,0.043451,0.083333,0.025025,0.111111,0.030988,0.381944,0.047233,0.157407,0.033505,0.136574,0.031869,0.229167,0.042092,0.222222,0.034796,0.298611,0.044267,0.266204,0.036926,0.407407,0.046544,0.206019,0.03509,0.053241,0.02222,0.136574,0.034991,0.0,0.0,0.246667,0.034807,0.45772,0.0479,0.11588,0.013863,72
0.12,conformal_risk_filter,3,0.265936,0.037873,0.393519,0.049759,0.303241,0.039476,0.090278,0.028118,0.097222,0.024815,0.384259,0.048196,0.12963,0.033712,0.131944,0.032907,0.180556,0.033418,0.268519,0.041652,0.328704,0.045676,0.229167,0.035647,0.398148,0.041652,0.138889,0.026641,0.083333,0.025025,0.12037,0.033087,0.0,0.0,0.270833,0.040182,0.451162,0.043444,0.1075,0.01502,72
0.12,conformal_risk_filter,4,0.249517,0.039185,0.407407,0.040294,0.3125,0.049182,0.06713,0.023881,0.12037,0.03245,0.37963,0.045332,0.122685,0.037114,0.122685,0.032302,0.243056,0.04566,0.261574,0.044685,0.314815,0.04215,0.268519,0.042643,0.384259,0.051138,0.189815,0.046281,0.108796,0.031759,0.12037,0.030459,0.0,0.0,0.254289,0.04218,0.438461,0.053199,0.098935,0.015541,72
0.12,conformal_risk_filter,5,0.270929,0.032972,0.407407,0.045638,0.240741,0.042315,0.094907,0.027281,0.085648,0.02584,0.358796,0.045072,0.159722,0.035647,0.131944,0.031613,0.240741,0.038165,0.219907,0.034691,0.31713,0.046216,0.226852,0.041527,0.402778,0.045574,0.175926,0.035911,0.053241,0.020254,0.12963,0.030459,0.0,0.0,0.272471,0.034187,0.45038,0.04886,0.116389,0.016154,72
0.12,conformal_risk_filter,6,0.242705,0.035975,0.43287,0.045533,0.291667,0.044179,0.099537,0.025569,0.094907,0.025705,0.425926,0.040294,0.175926,0.030913,0.113426,0.031539,0.203704,0.037242,0.270833,0.045431,0.303241,0.041537,0.259259,0.04377,0.393519,0.045828,0.185185,0.035717,0.064815,0.022895,0.118056,0.029917,0.0,0.0,0.245564,0.039875,0.43247,0.048136,0.123009,0.016388,72
0.12,conformal_risk_filter,7,0.252198,0.035585,0.384259,0.049899,0.284722,0.047233,0.099537,0.027911,0.081019,0.02417,0.388889,0.050465,0.12963,0.03245,0.099537,0.03273,0.263889,0.044179,0.256944,0.040833,0.337963,0.043331,0.273148,0.042026,0.430556,0.048244,0.217593,0.046432,0.069444,0.023959,0.106481,0.026091,0.0,0.0,0.258048,0.038036,0.477556,0.049427,0.105231,0.0172,72
0.12,conformal_risk_filter,8,0.247101,0.032803,0.412037,0.04834,0.268519,0.045485,0.090278,0.026592,0.090278,0.029566,0.393519,0.043008,0.12963,0.036104,0.12963,0.029766,0.208333,0.04175,0.289352,0.037672,0.298611,0.041843,0.273148,0.044441,0.365741,0.04317,0.166667,0.034796,0.113426,0.032194,0.136574,0.029131,0.0,0.0,0.249266,0.035525,0.41413,0.047299,0.106019,0.017121,72
0.12,conformal_risk_filter,9,0.255173,0.032719,0.425926,0.046544,0.296296,0.042968,0.0625,0.01985,0.094907,0.032836,0.361111,0.041373,0.150463,0.031095,0.12037,0.027582,0.24537,0.041861,0.252315,0.044294,0.335648,0.038494,0.273148,0.042026,0.421296,0.052082,0.19213,0.041704,0.05787,0.021585,0.108796,0.029722,0.0,0.0,0.260732,0.033341,0.478685,0.05302,0.100509,0.013791,72
0.12,data_only_scaling,0,0.136325,0.023189,0.296296,0.037242,0.310185,0.036152,0.152778,0.03583,0.196759,0.038944,0.289352,0.043341,0.196759,0.036164,0.210648,0.034791,0.199074,0.036914,0.284722,0.044969,0.412037,0.042356,0.337963,0.043331,0.240741,0.039772,0.261574,0.045609,0.087963,0.030969,0.180556,0.034645,0.0,0.0,0.105123,0.023213,0.228789,0.042289,0.179676,0.020875,72
0.12,data_only_scaling,1,0.119212,0.02018,0.266204,0.040175,0.377315,0.045686,0.18287,0.036068,0.25463,0.04381,0.300926,0.04119,0.231481,0.040121,0.206019,0.043099,0.171296,0.039816,0.24537,0.04381,0.400463,0.04318,0.375,0.045114,0.238426,0.045609,0.284722,0.049814,0.12037,0.031137,0.185185,0.040121,0.0,0.0,0.079937,0.020878,0.205229,0.04729,0.212685,0.021011,72
0.12,data_only_scaling,2,0.12314,0.022195,0.226852,0.036725,0.358796,0.044607,0.173611,0.031941,0.164352,0.029955,0.259259,0.039772,0.25463,0.035374,0.238426,0.03702,0.171296,0.039816,0.319444,0.040737,0.430556,0.051184,0.354167,0.040833,0.217593,0.038028,0.266204,0.03804,0.097222,0.024815,0.208333,0.036977,0.0,0.0,0.085724,0.020692,0.192819,0.036931,0.202731,0.0168,72
0.12,data_only_scaling,3,0.108592,0.022552,0.263889,0.044649,0.358796,0.048636,0.164352,0.03626,0.229167,0.044031,0.293981,0.042612,0.217593,0.039641,0.208333,0.038633,0.164352,0.03509,0.30787,0.046888,0.474537,0.051957,0.388889,0.044297,0.224537,0.036642,0.268519,0.041148,0.108796,0.027535,0.162037,0.034173,0.0,0.0,0.078094,0.020819,0.206521,0.039012,0.196389,0.021156,72
0.12,data_only_scaling,4,0.127206,0.021233,0.215278,0.037363,0.326389,0.041088,0.203704,0.039421,0.219907,0.035874,0.287037,0.038347,0.212963,0.038888,0.196759,0.033777,0.166667,0.037118,0.3125,0.044737,0.402778,0.054349,0.386574,0.047843,0.238426,0.039211,0.25,0.040865,0.101852,0.032664,0.173611,0.033223,0.0,0.0,0.081711,0.018878,0.203803,0.039738,0.208704,0.021744,72
0.12,data_only_scaling,5,0.123373,0.023487,0.268519,0.040638,0.305556,0.049208,0.180556,0.03583,0.189815,0.03557,0.233796,0.043661,0.210648,0.041369,0.210648,0.038222,0.173611,0.032588,0.331019,0.047258,0.381944,0.046789,0.400463,0.042202,0.201389,0.038735,0.236111,0.040737,0.115741,0.030057,0.212963,0.04579,0.0,0.0,0.083854,0.023489,0.186324,0.035621,0.194259,0.020325,72
0.12,data_only_scaling,6,0.131552,0.030218,0.280093,0.040776,0.333333,0.040865,0.155093,0.036164,0.194444,0.037676,0.261574,0.040261,0.206019,0.03568,0.233796,0.041201,0.185185,0.043611,0.368056,0.043793,0.421296,0.053661,0.321759,0.050185,0.263889,0.048244,0.219907,0.03702,0.115741,0.030057,0.185185,0.039066,0.0,0.0,0.104352,0.030059,0.254174,0.050281,0.185324,0.020627,72
0.12,data_only_scaling,7,0.136575,0.023103,0.247685,0.035386,0.354167,0.043793,0.134259,0.032073,0.215278,0.035057,0.289352,0.045226,0.1875,0.03927,0.194444,0.03419,0.166667,0.03539,0.324074,0.045638,0.412037,0.044284,0.368056,0.047454,0.231481,0.047725,0.266204,0.036356,0.097222,0.028715,0.171296,0.037102,0.0,0.0,0.104765,0.022444,0.24103,0.047774,0.170833,0.019486,72
0.12,data_only_scaling,8,0.133965,0.023558,0.229167,0.040059,0.337963,0.04381,0.168981,0.036832,0.206019,0.040605,0.287037,0.046244,0.231481,0.040121,0.189815,0.037845,0.166667,0.039831,0.333333,0.040865,0.435185,0.047725,0.347222,0.042738,0.194444,0.036551,0.261574,0.042775,0.101852,0.029295,0.203704,0.040466,0.0,0.0,0.095547,0.023294,0.175456,0.038317,0.196481,0.022731,72
0.12,data_only_scaling,9,0.132703,0.020634,0.252315,0.038222,0.314815,0.044558,0.162037,0.031636,0.194444,0.034796,0.280093,0.041788,0.24537,0.044753,0.18287,0.034891,0.199074,0.04068,0.37037,0.04579,0.416667,0.047481,0.37037,0.046693,0.243056,0.036515,0.247685,0.042367,0.094907,0.02488,0.178241,0.04052,0.0,0.0,0.091592,0.020464,0.219384,0.038594,0.194954,0.022904,72
0.12,dropout_risk_filter,0,0.232005,0.031456,0.37963,0.048015,0.277778,0.040865,0.083333,0.027413,0.101852,0.025484,0.395833,0.045888,0.141204,0.030758,0.12037,0.030459,0.226852,0.037845,0.261574,0.035288,0.331019,0.044057,0.261574,0.041788,0.384259,0.050728,0.164352,0.03568,0.083333,0.026641,0.143519,0.034376,0.0,0.0,0.233966,0.033226,0.434488,0.052321,0.107731,0.014905,72
0.12,dropout_risk_filter,1,0.229635,0.035166,0.412037,0.040851,0.321759,0.047184,0.085648,0.026635,0.101852,0.027833,0.37037,0.048448,0.157407,0.035325,0.097222,0.029433,0.215278,0.041593,0.240741,0.039244,0.324074,0.04377,0.273148,0.041527,0.381944,0.048541,0.194444,0.04237,0.071759,0.026505,0.127315,0.031978,0.0,0.0,0.228606,0.035824,0.424896,0.047487,0.11125,0.01756,72
0.12,dropout_risk_filter,2,0.236918,0.032671,0.400463,0.041201,0.293981,0.045457,0.104167,0.031281,0.090278,0.026592,0.356481,0.04537,0.162037,0.036535,0.113426,0.02877,0.219907,0.038131,0.284722,0.043554,0.31713,0.04484,0.25,0.041874,0.377315,0.053669,0.19213,0.041704,0.083333,0.027413,0.138889,0.032947,0.0,0.0,0.235901,0.03584,0.418729,0.055783,0.119954,0.016906,72
0.12,dropout_risk_filter,3,0.24959,0.030404,0.402778,0.044649,0.268519,0.041652,0.092593,0.028082,0.099537,0.031429,0.37963,0.048015,0.127315,0.033258,0.106481,0.02839,0.203704,0.039947,0.247685,0.042856,0.3125,0.042829,0.25463,0.038753,0.386574,0.049977,0.173611,0.041593,0.076389,0.021369,0.115741,0.027896,0.0,0.0,0.253507,0.033956,0.432775,0.053397,0.105648,0.017557,72
0.12,dropout_risk_filter,4,0.235147,0.032426,0.342593,0.049584,0.296296,0.038888,0.097222,0.030134,0.083333,0.026641,0.368056,0.047454,0.12037,0.026024,0.122685,0.034186,0.231481,0.040121,0.256944,0.041341,0.342593,0.040808,0.261574,0.038675,0.354167,0.039798,0.215278,0.037363,0.106481,0.027645,0.12037,0.029056,0.0,0.0,0.231459,0.03345,0.410806,0.041,0.104213,0.015343,72
0.12,dropout_risk_filter,5,0.230726,0.033523,0.37037,0.048015,0.263889,0.046481,0.111111,0.031654,0.101852,0.02629,0.405093,0.041788,0.173611,0.035647,0.094907,0.027281,0.206019,0.041621,0.275463,0.039388,0.293981,0.039564,0.238426,0.035288,0.358796,0.048636,0.199074,0.039641,0.064815,0.020993,0.150463,0.031759,0.0,0.0,0.224803,0.035964,0.394725,0.051011,0.126574,0.017421,72
0.12,dropout_risk_filter,6,0.227001,0.029921,0.402778,0.047371,0.296296,0.042968,0.115741,0.027896,0.12963,0.03245,0.398148,0.040638,0.162037,0.037102,0.12037,0.033087,0.201389,0.038735,0.273148,0.037845,0.296296,0.042479,0.256944,0.042829,0.384259,0.044597,0.155093,0.034389,0.078704,0.026619,0.145833,0.035939,0.0,0.0,0.221348,0.033401,0.411822,0.046801,0.132593,0.018146,72
0.12,dropout_risk_filter,7,0.225001,0.031174,0.416667,0.045689,0.319444,0.049525,0.108796,0.028283,0.101852,0.028573,0.425926,0.046544,0.136574,0.03053,0.097222,0.027222,0.217593,0.04119,0.268519,0.041652,0.340278,0.046789,0.25,0.044297,0.372685,0.044057,0.18287,0.033048,0.099537,0.028649,0.141204,0.03273,0.0,0.0,0.228598,0.033802,0.421873,0.046337,0.114722,0.014643,72
0.12,dropout_risk_filter,8,0.241908,0.03499,0.405093,0.049558,0.300926,0.042684,0.101852,0.027073,0.108796,0.029011,0.402778,0.05279,0.136574,0.031207,0.155093,0.038404,0.210648,0.039827,0.25,0.039303,0.298611,0.044737,0.238426,0.035874,0.372685,0.048565,0.166667,0.038226,0.101852,0.027073,0.136574,0.03053,0.0,0.0,0.242882,0.03759,0.417387,0.048787,0.118843,0.015838,72
0.12,dropout_risk_filter,9,0.210515,0.031325,0.428241,0.042775,0.280093,0.042775,0.081019,0.025019,0.12963,0.0318,0.363426,0.047184,0.189815,0.038392,0.136574,0.035582,0.215278,0.031281,0.229167,0.035057,0.347222,0.046481,0.231481,0.040638,0.416667,0.046143,0.168981,0.037948,0.069444,0.023072,0.108796,0.029011,0.0,0.0,0.21095,0.034042,0.449979,0.045984,0.127963,0.018096,72
0.12,ensemble_uncertainty_gate,0,0.213714,0.028744,0.4375,0.058666,0.328704,0.04834,0.104167,0.026982,0.101852,0.027833,0.386574,0.046065,0.164352,0.03568,0.155093,0.034389,0.226852,0.038932,0.261574,0.041788,0.331019,0.045457,0.277778,0.05005,0.391204,0.048851,0.196759,0.043501,0.099537,0.030071,0.143519,0.03314,0.0,0.0,0.212974,0.028538,0.424697,0.050601,0.126898,0.017382,72
0.12,ensemble_uncertainty_gate,1,0.19347,0.028748,0.398148,0.039597,0.314815,0.046394,0.12963,0.027582,0.152778,0.034645,0.393519,0.043491,0.162037,0.031636,0.131944,0.031613,0.208333,0.043704,0.275463,0.039388,0.3125,0.045201,0.215278,0.041088,0.358796,0.049487,0.196759,0.043978,0.090278,0.032266,0.118056,0.032588,0.0,0.0,0.185008,0.028866,0.383998,0.051286,0.14375,0.014962,72
0.12,ensemble_uncertainty_gate,2,0.219887,0.029967,0.340278,0.038464,0.291667,0.035243,0.108796,0.031095,0.101852,0.02629,0.388889,0.038226,0.164352,0.036832,0.12037,0.029056,0.208333,0.039699,0.263889,0.038089,0.314815,0.046394,0.256944,0.045201,0.37963,0.045332,0.180556,0.040737,0.076389,0.024122,0.125,0.034645,0.0,0.0,0.213168,0.030853,0.411255,0.049992,0.12537,0.018184,72
0.12,ensemble_uncertainty_gate,3,0.198029,0.033134,0.363426,0.043501,0.333333,0.039303,0.092593,0.028082,0.101852,0.030687,0.400463,0.048636,0.138889,0.035975,0.138889,0.036551,0.210648,0.043341,0.266204,0.039122,0.349537,0.046216,0.289352,0.037114,0.384259,0.048627,0.159722,0.035057,0.048611,0.01985,0.136574,0.031869,0.0,0.0,0.200006,0.034969,0.437586,0.048882,0.112778,0.013347,72
0.12,ensemble_uncertainty_gate,4,0.241688,0.030314,0.421296,0.052878,0.303241,0.041032,0.125,0.035243,0.138889,0.030988,0.377315,0.049628,0.12963,0.029766,0.148148,0.040121,0.238426,0.03758,0.224537,0.036642,0.328704,0.04381,0.319444,0.045114,0.372685,0.036832,0.185185,0.039597,0.071759,0.02488,0.113426,0.028035,0.0,0.0,0.230637,0.032929,0.403773,0.043103,0.131204,0.019016,72
0.12,ensemble_uncertainty_gate,5,0.247986,0.032184,0.416667,0.044766,0.270833,0.036228,0.115741,0.033969,0.141204,0.033982,0.342593,0.044714,0.166667,0.036551,0.138889,0.031654,0.194444,0.047919,0.270833,0.0368,0.324074,0.046544,0.293981,0.045457,0.365741,0.04598,0.206019,0.039033,0.085648,0.02584,0.141204,0.035189,0.0,0.0,0.238235,0.034219,0.397644,0.051217,0.137917,0.016466,72
0.12,ensemble_uncertainty_gate,6,0.218716,0.031495,0.388889,0.048782,0.300926,0.041694,0.111111,0.030306,0.125,0.034037,0.384259,0.048196,0.12963,0.03245,0.150463,0.028283,0.229167,0.041088,0.273148,0.03999,0.351852,0.047285,0.231481,0.041652,0.368056,0.046566,0.215278,0.042585,0.074074,0.026554,0.104167,0.029917,0.0,0.0,0.217029,0.032594,0.411845,0.0488,0.123102,0.016706,72
0.12,ensemble_uncertainty_gate,7,0.232834,0.030366,0.375,0.043704,0.30787,0.04318,0.097222,0.026444,0.101852,0.03136,0.326389,0.044031,0.150463,0.03241,0.145833,0.032907,0.206019,0.03449,0.282407,0.036344,0.331019,0.044529,0.273148,0.047615,0.356481,0.03999,0.166667,0.033574,0.097222,0.028715,0.125,0.030134,0.0,0.0,0.225241,0.031358,0.401481,0.042216,0.118889,0.015593,72
0.12,ensemble_uncertainty_gate,8,0.231256,0.03049,0.333333,0.038226,0.310185,0.048052,0.085648,0.025019,0.115741,0.030743,0.356481,0.048052,0.157407,0.031581,0.150463,0.033673,0.180556,0.034037,0.238426,0.04374,0.342593,0.043291,0.261574,0.044215,0.354167,0.050023,0.164352,0.03626,0.081019,0.023291,0.148148,0.033918,0.0,0.0,0.224616,0.032216,0.399491,0.051347,0.119074,0.016027,72
0.12,ensemble_uncertainty_gate,9,0.216822,0.032377,0.372685,0.05425,0.298611,0.042339,0.099537,0.026373,0.138889,0.031654,0.386574,0.051215,0.141204,0.030071,0.141204,0.031429,0.208333,0.040737,0.282407,0.045063,0.356481,0.04252,0.261574,0.042284,0.37963,0.051781,0.19213,0.036356,0.060185,0.020742,0.122685,0.026635,0.0,0.0,0.213093,0.034123,0.417907,0.050553,0.123287,0.016486,72
0.12,generic_scaling_law_extrapolator,0,0.138247,0.024139,0.236111,0.038633,0.372685,0.046366,0.164352,0.03509,0.19213,0.039122,0.247685,0.050874,0.224537,0.041954,0.256944,0.041341,0.125,0.028715,0.358796,0.043661,0.423611,0.042339,0.43287,0.051957,0.208333,0.040222,0.275463,0.037207,0.078704,0.023272,0.180556,0.040222,0.0,0.0,0.099405,0.024568,0.190731,0.042838,0.196667,0.022484,72
0.12,generic_scaling_law_extrapolator,1,0.139375,0.022363,0.212963,0.042968,0.340278,0.041088,0.143519,0.02839,0.247685,0.039827,0.222222,0.039303,0.210648,0.040348,0.240741,0.035325,0.148148,0.035127,0.372685,0.044995,0.402778,0.048675,0.395833,0.052268,0.298611,0.040833,0.263889,0.036408,0.076389,0.025795,0.166667,0.03419,0.0,0.0,0.098937,0.020996,0.280093,0.043943,0.19213,0.017109,72
0.12,generic_scaling_law_extrapolator,2,0.134486,0.02174,0.189815,0.038392,0.314815,0.041148,0.157407,0.032876,0.208333,0.040737,0.252315,0.040862,0.206019,0.032624,0.236111,0.040222,0.210648,0.042367,0.377315,0.048779,0.449074,0.046432,0.474537,0.044607,0.219907,0.038675,0.280093,0.045609,0.111111,0.028164,0.171296,0.031636,0.0,0.0,0.088446,0.019716,0.206685,0.038391,0.189028,0.02055,72
0.12,generic_scaling_law_extrapolator,3,0.112666,0.021405,0.266204,0.045533,0.358796,0.049487,0.148148,0.035717,0.215278,0.036228,0.261574,0.04326,0.199074,0.04068,0.243056,0.042829,0.1875,0.034758,0.351852,0.04215,0.425926,0.04787,0.409722,0.041843,0.203704,0.039421,0.298611,0.046115,0.12037,0.033087,0.152778,0.03583,0.0,0.0,0.079005,0.02075,0.20247,0.041325,0.185,0.020656,72
0.12,generic_scaling_law_extrapolator,4,0.151339,0.023548,0.194444,0.038226,0.335648,0.047697,0.150463,0.034891,0.194444,0.039831,0.275463,0.041954,0.194444,0.040865,0.252315,0.044762,0.145833,0.034152,0.368056,0.046566,0.456019,0.050047,0.472222,0.047481,0.240741,0.040294,0.247685,0.044762,0.104167,0.030606,0.201389,0.042829,0.0,0.0,0.111303,0.024565,0.239225,0.04508,0.181759,0.022929,72
0.12,generic_scaling_law_extrapolator,5,0.130459,0.020345,0.217593,0.04068,0.296296,0.044401,0.162037,0.034779,0.215278,0.037918,0.217593,0.044126,0.256944,0.041341,0.236111,0.038633,0.157407,0.034729,0.37963,0.051781,0.43287,0.048205,0.453704,0.050968,0.208333,0.04175,0.293981,0.055768,0.12037,0.029766,0.178241,0.038404,0.0,0.0,0.084528,0.019368,0.189231,0.040537,0.2075,0.021643,72
0.12,generic_scaling_law_extrapolator,6,0.134011,0.02306,0.199074,0.034578,0.333333,0.04237,0.180556,0.035243,0.217593,0.037475,0.25463,0.045676,0.240741,0.04377,0.215278,0.037918,0.150463,0.035484,0.351852,0.047285,0.428241,0.044685,0.465278,0.041843,0.266204,0.048205,0.24537,0.040337,0.108796,0.025974,0.175926,0.037614,0.0,0.0,0.08859,0.021145,0.242567,0.045128,0.20875,0.021622,72
0.12,generic_scaling_law_extrapolator,7,0.124528,0.023872,0.282407,0.047761,0.347222,0.050361,0.159722,0.030606,0.238426,0.040776,0.277778,0.04286,0.25,0.03539,0.25463,0.046581,0.178241,0.037856,0.388889,0.038768,0.472222,0.04523,0.462963,0.053369,0.196759,0.037301,0.263889,0.042247,0.081019,0.025019,0.189815,0.042026,0.0,0.0,0.083678,0.022337,0.163394,0.040382,0.210463,0.020287,72
0.12,generic_scaling_law_extrapolator,8,0.128206,0.021375,0.231481,0.037429,0.333333,0.045689,0.1875,0.041341,0.194444,0.028896,0.243056,0.043314,0.208333,0.039699,0.229167,0.044969,0.224537,0.033673,0.388889,0.039831,0.428241,0.046962,0.439815,0.04537,0.25463,0.038211,0.263889,0.046481,0.125,0.030819,0.152778,0.03583,0.0,0.0,0.084961,0.02029,0.230514,0.041087,0.199167,0.02393,72
0.12,generic_scaling_law_extrapolator,9,0.105139,0.022741,0.233796,0.03273,0.3125,0.03927,0.224537,0.038854,0.201389,0.038192,0.25,0.039303,0.212963,0.041985,0.206019,0.041621,0.173611,0.031941,0.395833,0.045431,0.474537,0.049487,0.407407,0.054784,0.210648,0.037672,0.252315,0.04382,0.111111,0.028164,0.175926,0.042806,0.0,0.0,0.069691,0.021342,0.181637,0.042726,0.215046,0.02247,72
0.12,invariance_penalty_policy,0,0.251817,0.035013,0.340278,0.046789,0.280093,0.046516,0.145833,0.036515,0.097222,0.025643,0.393519,0.045828,0.150463,0.031759,0.136574,0.032517,0.203704,0.037799,0.24537,0.038753,0.287037,0.039421,0.310185,0.051002,0.384259,0.051545,0.173611,0.036228,0.071759,0.02488,0.136574,0.029131,0.0,0.0,0.241269,0.038987,0.407725,0.055569,0.137546,0.019524,72
0.12,invariance_penalty_policy,1,0.23066,0.027592,0.377315,0.044294,0.240741,0.039244,0.111111,0.032307,0.134259,0.039641,0.351852,0.046842,0.171296,0.033557,0.155093,0.033153,0.217593,0.033969,0.298611,0.047892,0.349537,0.046216,0.310185,0.043008,0.37963,0.045332,0.150463,0.036068,0.060185,0.022666,0.136574,0.03053,0.0,0.0,0.215573,0.030325,0.401706,0.046585,0.137731,0.018461,72
0.12,invariance_penalty_policy,2,0.246075,0.030576,0.363426,0.04052,0.300926,0.04317,0.12037,0.030459,0.122685,0.029605,0.361111,0.043344,0.189815,0.037845,0.157407,0.037614,0.196759,0.039476,0.305556,0.047481,0.354167,0.045201,0.284722,0.045888,0.363426,0.048922,0.164352,0.03509,0.0625,0.021852,0.12963,0.036104,0.0,0.0,0.229787,0.032957,0.379729,0.053299,0.145324,0.021708,72
0.12,invariance_penalty_policy,3,0.205289,0.027619,0.328704,0.045676,0.280093,0.03702,0.125,0.031489,0.136574,0.026895,0.377315,0.044294,0.180556,0.04175,0.145833,0.030263,0.173611,0.040059,0.270833,0.040577,0.3125,0.042829,0.30787,0.042694,0.342593,0.04787,0.143519,0.033764,0.039352,0.01883,0.152778,0.034645,0.0,0.0,0.188189,0.028899,0.366863,0.052266,0.145833,0.01847,72
0.12,invariance_penalty_policy,4,0.250926,0.029341,0.37963,0.044401,0.3125,0.046566,0.106481,0.031855,0.106481,0.02839,0.365741,0.04598,0.173611,0.037918,0.148148,0.028573,0.206019,0.040605,0.321759,0.047624,0.321759,0.04445,0.305556,0.049631,0.354167,0.041843,0.164352,0.028528,0.05787,0.021585,0.162037,0.032929,0.0,0.0,0.23865,0.031975,0.388785,0.044924,0.130787,0.017948,72
0.12,invariance_penalty_policy,5,0.204479,0.031702,0.342593,0.048304,0.305556,0.037118,0.138889,0.02961,0.150463,0.035484,0.3125,0.043314,0.157407,0.035325,0.152778,0.038089,0.203704,0.039421,0.270833,0.042585,0.321759,0.04445,0.277778,0.041874,0.340278,0.048541,0.155093,0.037856,0.05787,0.021585,0.148148,0.033918,0.0,0.0,0.184279,0.032514,0.361968,0.05127,0.147917,0.017395,72
0.12,invariance_penalty_policy,6,0.244059,0.029113,0.340278,0.048541,0.298611,0.03927,0.118056,0.031941,0.122685,0.029605,0.347222,0.04175,0.185185,0.032018,0.127315,0.031318,0.155093,0.035582,0.252315,0.039827,0.340278,0.045431,0.291667,0.03917,0.351852,0.045024,0.118056,0.027744,0.069444,0.020176,0.131944,0.034758,0.0,0.0,0.229576,0.032252,0.379706,0.046415,0.139954,0.018166,72
0.12,invariance_penalty_policy,7,0.245492,0.03088,0.388889,0.041373,0.310185,0.044441,0.113426,0.03087,0.092593,0.026554,0.377315,0.05209,0.171296,0.034779,0.157407,0.032235,0.196759,0.037856,0.30787,0.044607,0.287037,0.043451,0.314815,0.039066,0.37037,0.047579,0.143519,0.033764,0.071759,0.026505,0.175926,0.041317,0.0,0.0,0.235659,0.032064,0.403634,0.045196,0.131435,0.018264,72
0.12,invariance_penalty_policy,8,0.21182,0.030278,0.347222,0.042738,0.291667,0.044179,0.12963,0.031137,0.099537,0.025569,0.381944,0.046789,0.157407,0.03023,0.134259,0.032073,0.180556,0.032788,0.335648,0.043581,0.326389,0.042092,0.252315,0.040862,0.351852,0.040638,0.145833,0.034152,0.071759,0.024026,0.155093,0.036737,0.0,0.0,0.202513,0.031575,0.385738,0.044789,0.133009,0.017197,72
0.12,invariance_penalty_policy,9,0.234037,0.032573,0.335648,0.047697,0.333333,0.043344,0.101852,0.022895,0.113426,0.02877,0.291667,0.04175,0.178241,0.032517,0.115741,0.028634,0.18287,0.036068,0.319444,0.046928,0.342593,0.048304,0.289352,0.048779,0.391204,0.046216,0.157407,0.034122,0.055556,0.022383,0.141204,0.034591,0.0,0.0,0.224015,0.034032,0.433405,0.044799,0.128241,0.014246,72
0.12,large_behavior_clone,0,0.083975,0.018313,0.166667,0.034796,0.372685,0.051486,0.162037,0.030969,0.266204,0.042202,0.219907,0.03758,0.273148,0.043008,0.261574,0.036452,0.159722,0.034456,0.375,0.040222,0.483796,0.038854,0.4375,0.046789,0.196759,0.043019,0.3125,0.046115,0.113426,0.029487,0.166667,0.034796,0.0,0.0,0.044277,0.01419,0.168014,0.0406,0.224074,0.020653,72
0.12,large_behavior_clone,1,0.090047,0.019574,0.18287,0.034288,0.344907,0.04674,0.152778,0.034645,0.24537,0.038211,0.24537,0.041359,0.240741,0.041317,0.25463,0.045217,0.189815,0.040509,0.319444,0.042738,0.456019,0.04659,0.416667,0.050465,0.18287,0.035484,0.30787,0.047331,0.148148,0.035717,0.173611,0.034456,0.0,0.0,0.05675,0.016502,0.158912,0.037727,0.206019,0.022657,72
0.12,large_behavior_clone,2,0.097924,0.019099,0.185185,0.039597,0.375,0.047371,0.185185,0.038528,0.25463,0.039816,0.238426,0.040261,0.203704,0.038347,0.275463,0.041954,0.155093,0.028405,0.365741,0.048196,0.435185,0.048592,0.418981,0.047036,0.194444,0.034796,0.282407,0.040164,0.106481,0.029824,0.18287,0.033048,0.0,0.0,0.056823,0.016406,0.164819,0.036745,0.212269,0.017674,72
0.12,large_behavior_clone,3,0.091728,0.019926,0.166667,0.035975,0.358796,0.049064,0.18287,0.040947,0.25463,0.036535,0.226852,0.043968,0.270833,0.039535,0.287037,0.037799,0.150463,0.034891,0.356481,0.048052,0.428241,0.046962,0.486111,0.044179,0.19213,0.03804,0.270833,0.042092,0.111111,0.031654,0.194444,0.035975,0.0,0.0,0.053237,0.017462,0.151403,0.041176,0.232593,0.024998,72
0.12,large_behavior_clone,4,0.104769,0.018265,0.143519,0.032504,0.363426,0.043501,0.18287,0.037207,0.233796,0.039652,0.247685,0.042367,0.236111,0.038089,0.273148,0.047175,0.189815,0.041527,0.372685,0.045457,0.456019,0.049628,0.453704,0.047138,0.178241,0.034991,0.284722,0.044969,0.118056,0.032588,0.19213,0.036926,0.0,0.0,0.058566,0.01632,0.143778,0.032723,0.217037,0.022105,72
0.12,large_behavior_clone,5,0.097537,0.01989,0.185185,0.040638,0.37037,0.045332,0.196759,0.04445,0.252315,0.042367,0.231481,0.044558,0.212963,0.037799,0.287037,0.041985,0.196759,0.033777,0.356481,0.039465,0.465278,0.046566,0.400463,0.049064,0.210648,0.045226,0.293981,0.04212,0.078704,0.024152,0.152778,0.038089,0.0,0.0,0.060763,0.018246,0.183646,0.044481,0.220648,0.026818,72
0.12,large_behavior_clone,6,0.08972,0.016961,0.206019,0.040088,0.402778,0.046481,0.206019,0.039033,0.252315,0.040862,0.212963,0.034326,0.266204,0.035777,0.224537,0.035484,0.168981,0.041116,0.328704,0.04381,0.467593,0.040164,0.421296,0.049197,0.201389,0.03927,0.298611,0.039798,0.085648,0.023291,0.19213,0.03804,0.0,0.0,0.047889,0.01406,0.166743,0.042233,0.234259,0.022435,72
0.12,large_behavior_clone,7,0.086772,0.016767,0.175926,0.036487,0.356481,0.048052,0.226852,0.036152,0.247685,0.042367,0.194444,0.037118,0.229167,0.043554,0.266204,0.040175,0.194444,0.03539,0.333333,0.039831,0.43287,0.049907,0.393519,0.044908,0.210648,0.036547,0.310185,0.043008,0.118056,0.030606,0.171296,0.034779,0.0,0.0,0.042241,0.015282,0.159701,0.033091,0.235231,0.020142,72
0.12,large_behavior_clone,8,0.107354,0.019715,0.150463,0.034288,0.405093,0.052423,0.173611,0.033223,0.256944,0.038735,0.196759,0.038944,0.270833,0.047233,0.224537,0.039388,0.131944,0.029566,0.361111,0.047919,0.469907,0.04052,0.363426,0.04538,0.206019,0.03568,0.303241,0.041032,0.106481,0.031193,0.171296,0.037661,0.0,0.0,0.060468,0.016821,0.180352,0.037147,0.22287,0.023684,72
0.12,large_behavior_clone,9,0.09993,0.020892,0.173611,0.039003,0.310185,0.048052,0.1875,0.03927,0.24537,0.044284,0.210648,0.038764,0.199074,0.041694,0.231481,0.037982,0.138889,0.034796,0.321759,0.039476,0.483796,0.050531,0.44213,0.043899,0.180556,0.034037,0.310185,0.043491,0.12963,0.03245,0.180556,0.038633,0.0,0.0,0.061821,0.018964,0.162201,0.033384,0.205787,0.023664,72
0.12,medium_behavior_clone,0,0.108903,0.018916,0.199074,0.036344,0.328704,0.045676,0.159722,0.032588,0.199074,0.031415,0.273148,0.040509,0.243056,0.040833,0.196759,0.037856,0.143519,0.031855,0.18287,0.036068,0.372685,0.043099,0.289352,0.043341,0.201389,0.034758,0.270833,0.043554,0.115741,0.029354,0.175926,0.038165,0.0,0.0,0.075296,0.019247,0.18725,0.03544,0.195509,0.020304,72
0.12,medium_behavior_clone,1,0.103095,0.019953,0.203704,0.037242,0.375,0.043224,0.159722,0.032588,0.19213,0.039122,0.196759,0.041537,0.194444,0.036551,0.19213,0.037487,0.143519,0.033764,0.219907,0.040261,0.381944,0.048109,0.263889,0.035243,0.19213,0.038585,0.252315,0.04382,0.094907,0.029487,0.178241,0.033777,0.0,0.0,0.071676,0.017645,0.198069,0.038226,0.179213,0.017903,72
0.12,medium_behavior_clone,2,0.094717,0.016252,0.173611,0.031281,0.347222,0.054349,0.194444,0.040351,0.196759,0.042531,0.222222,0.041874,0.212963,0.036678,0.194444,0.037676,0.152778,0.036408,0.206019,0.036832,0.372685,0.044995,0.287037,0.042479,0.215278,0.033845,0.215278,0.037918,0.094907,0.025705,0.173611,0.039535,0.0,0.0,0.059314,0.014299,0.188421,0.034279,0.200417,0.023606,72
0.12,medium_behavior_clone,3,0.110935,0.019591,0.1875,0.035939,0.340278,0.043072,0.185185,0.038528,0.194444,0.03539,0.261574,0.041285,0.243056,0.036515,0.219907,0.042775,0.159722,0.037363,0.233796,0.039122,0.388889,0.047039,0.291667,0.043224,0.217593,0.039641,0.224537,0.043421,0.125,0.036408,0.166667,0.031654,0.0,0.0,0.074126,0.017994,0.189687,0.040896,0.207685,0.021926,72
0.12,medium_behavior_clone,4,0.081105,0.016699,0.189815,0.037845,0.37963,0.047579,0.157407,0.034729,0.155093,0.033777,0.252315,0.036547,0.208333,0.035243,0.201389,0.03927,0.19213,0.034591,0.247685,0.045226,0.393519,0.047615,0.259259,0.044714,0.206019,0.03509,0.238426,0.041788,0.127315,0.02925,0.180556,0.03583,0.0,0.0,0.057271,0.015034,0.197245,0.037939,0.176667,0.020427,72
0.12,medium_behavior_clone,5,0.081476,0.019831,0.180556,0.036977,0.356481,0.044441,0.157407,0.034122,0.173611,0.039535,0.240741,0.040808,0.247685,0.042856,0.208333,0.033418,0.152778,0.032788,0.196759,0.035582,0.388889,0.043823,0.25,0.04286,0.208333,0.034645,0.275463,0.042938,0.134259,0.032073,0.196759,0.031869,0.0,0.0,0.056009,0.018371,0.192088,0.036029,0.1925,0.019321,72
0.12,medium_behavior_clone,6,0.079905,0.017447,0.196759,0.039476,0.377315,0.04659,0.194444,0.037676,0.189815,0.031193,0.243056,0.041341,0.259259,0.035911,0.229167,0.038464,0.196759,0.036164,0.224537,0.043899,0.425926,0.05124,0.296296,0.043929,0.180556,0.038089,0.201389,0.041341,0.125,0.032788,0.159722,0.034456,0.0,0.0,0.048171,0.013904,0.154063,0.040247,0.216528,0.016132,72
0.12,medium_behavior_clone,7,0.104426,0.021971,0.206019,0.041621,0.358796,0.04318,0.166667,0.033574,0.19213,0.041201,0.25,0.044297,0.231481,0.041652,0.222222,0.039831,0.155093,0.033153,0.231481,0.040638,0.409722,0.03927,0.289352,0.04614,0.217593,0.038573,0.222222,0.044297,0.127315,0.03449,0.18287,0.033048,0.0,0.0,0.074433,0.021196,0.196637,0.043257,0.19625,0.021039,72
0.12,medium_behavior_clone,8,0.085743,0.018431,0.208333,0.038633,0.354167,0.053648,0.175926,0.032876,0.171296,0.035374,0.296296,0.042968,0.212963,0.041485,0.189815,0.036152,0.194444,0.036551,0.189815,0.037289,0.412037,0.049619,0.238426,0.038675,0.210648,0.035971,0.219907,0.03758,0.101852,0.025484,0.203704,0.036678,0.0,0.0,0.059722,0.016771,0.19119,0.033948,0.187593,0.021547,72
0.12,medium_behavior_clone,9,0.112922,0.025908,0.178241,0.039476,0.335648,0.039033,0.175926,0.035325,0.171296,0.037102,0.219907,0.036452,0.25,0.04523,0.222222,0.038226,0.148148,0.033918,0.231481,0.037982,0.460648,0.046366,0.287037,0.044869,0.233796,0.043661,0.210648,0.041369,0.097222,0.030819,0.196759,0.036164,0.0,0.0,0.082901,0.024317,0.206252,0.040974,0.201944,0.023622,72
0.12,model_only_scaling,0,0.12093,0.023855,0.224537,0.033048,0.393519,0.042026,0.164352,0.03626,0.236111,0.039699,0.291667,0.044179,0.206019,0.041621,0.261574,0.042775,0.1875,0.038735,0.344907,0.0506,0.395833,0.048969,0.398148,0.046842,0.219907,0.034691,0.25,0.036551,0.094907,0.026505,0.1875,0.041843,0.0,0.0,0.081732,0.022748,0.201977,0.03898,0.199491,0.020317,72
0.12,model_only_scaling,1,0.100301,0.021149,0.138889,0.03419,0.365741,0.051948,0.194444,0.03539,0.236111,0.046481,0.243056,0.042339,0.215278,0.038464,0.280093,0.041285,0.145833,0.034758,0.351852,0.040638,0.400463,0.047331,0.430556,0.040222,0.206019,0.03626,0.284722,0.041593,0.141204,0.029369,0.159722,0.037918,0.0,0.0,0.059192,0.019038,0.164662,0.036666,0.216759,0.02197,72
0.12,model_only_scaling,2,0.113165,0.022645,0.196759,0.038944,0.324074,0.042315,0.175926,0.035911,0.203704,0.038888,0.24537,0.038753,0.226852,0.039465,0.259259,0.04787,0.166667,0.035975,0.361111,0.04237,0.44213,0.05135,0.428241,0.046516,0.231481,0.037982,0.282407,0.042192,0.106481,0.031193,0.194444,0.037676,0.0,0.0,0.077083,0.021419,0.200597,0.041594,0.204537,0.020786,72
0.12,model_only_scaling,3,0.115916,0.022923,0.243056,0.037083,0.342593,0.044714,0.152778,0.042738,0.266204,0.042202,0.263889,0.043224,0.201389,0.037083,0.219907,0.041788,0.18287,0.033673,0.328704,0.043331,0.467593,0.046879,0.391204,0.049276,0.236111,0.039699,0.268519,0.045024,0.134259,0.028634,0.18287,0.034288,0.0,0.0,0.0817,0.022358,0.227509,0.045337,0.194491,0.023952,72
0.12,model_only_scaling,4,0.115591,0.017308,0.196759,0.039476,0.328704,0.044753,0.185185,0.04215,0.189815,0.034978,0.25,0.040865,0.24537,0.037102,0.206019,0.037394,0.185185,0.035717,0.349537,0.041954,0.474537,0.043661,0.409722,0.051666,0.233796,0.040175,0.256944,0.040833,0.106481,0.031193,0.189815,0.043008,0.0,0.0,0.072015,0.015094,0.208241,0.03846,0.206157,0.022432,72
0.12,model_only_scaling,5,0.094658,0.017564,0.201389,0.032266,0.368056,0.043314,0.173611,0.031281,0.219907,0.038675,0.25463,0.040851,0.259259,0.044714,0.252315,0.040348,0.185185,0.037429,0.340278,0.048969,0.439815,0.040509,0.421296,0.039288,0.208333,0.04603,0.319444,0.045114,0.099537,0.026373,0.173611,0.040059,0.0,0.0,0.051213,0.014465,0.175419,0.0439,0.215509,0.021958,72
0.12,model_only_scaling,6,0.119706,0.020659,0.196759,0.037856,0.363426,0.044918,0.152778,0.032788,0.226852,0.03999,0.233796,0.039652,0.208333,0.041247,0.268519,0.04215,0.18287,0.033048,0.331019,0.044057,0.412037,0.045217,0.439815,0.034376,0.208333,0.042247,0.277778,0.049631,0.118056,0.0368,0.178241,0.038944,0.0,0.0,0.080084,0.019842,0.193611,0.043013,0.194352,0.019421,72
0.12,model_only_scaling,7,0.108376,0.023402,0.178241,0.034991,0.326389,0.051056,0.173611,0.034456,0.219907,0.032836,0.231481,0.038528,0.233796,0.039122,0.212963,0.039947,0.175926,0.033505,0.386574,0.04326,0.430556,0.049102,0.37037,0.054145,0.189815,0.038932,0.256944,0.038735,0.113426,0.027281,0.18287,0.042938,0.0,0.0,0.071554,0.020525,0.176796,0.038871,0.203935,0.019229,72
0.12,model_only_scaling,8,0.126872,0.023798,0.19213,0.036926,0.340278,0.046789,0.152778,0.037537,0.224537,0.044372,0.238426,0.042284,0.219907,0.04326,0.256944,0.041341,0.175926,0.040294,0.381944,0.048541,0.384259,0.046432,0.37963,0.042968,0.19213,0.032086,0.275463,0.046665,0.081019,0.027408,0.168981,0.041621,0.0,0.0,0.087904,0.022436,0.176803,0.035729,0.19625,0.020257,72
0.12,model_only_scaling,9,0.126293,0.021159,0.199074,0.04068,0.337963,0.043331,0.175926,0.038708,0.196759,0.037856,0.268519,0.042643,0.219907,0.038131,0.247685,0.042367,0.168981,0.03509,0.365741,0.048196,0.460648,0.045913,0.425926,0.048304,0.206019,0.033879,0.321759,0.043501,0.111111,0.02961,0.196759,0.040001,0.0,0.0,0.084065,0.021266,0.18009,0.037811,0.200046,0.021193,72
0.12,oracle_exception_selector,0,0.604135,0.039727,0.608796,0.045303,0.173611,0.034456,0.020833,0.014357,0.00463,0.006371,0.659722,0.037363,0.0625,0.01985,0.00463,0.006371,0.175926,0.035325,0.421296,0.04381,0.194444,0.03539,0.268519,0.04215,0.643519,0.04537,0.048611,0.021852,0.016204,0.013178,0.053241,0.023141,0.0,0.0,0.675404,0.040783,0.717588,0.043118,0.028796,0.008786,72
0.12,oracle_exception_selector,1,0.601937,0.039285,0.694444,0.04237,0.145833,0.034152,0.023148,0.013407,0.002315,0.004537,0.627315,0.045457,0.069444,0.024815,0.002315,0.004537,0.203704,0.040979,0.412037,0.050453,0.178241,0.038404,0.277778,0.046143,0.701389,0.041341,0.053241,0.020254,0.018519,0.012184,0.034722,0.017019,0.0,0.0,0.683187,0.039665,0.77416,0.038896,0.031204,0.008393,72
0.12,oracle_exception_selector,2,0.591843,0.040355,0.650463,0.046216,0.148148,0.032664,0.020833,0.012821,0.002315,0.004537,0.634259,0.044126,0.071759,0.026505,0.00463,0.006371,0.215278,0.043554,0.44213,0.047551,0.178241,0.037301,0.31713,0.048851,0.638889,0.046143,0.055556,0.022383,0.023148,0.013407,0.034722,0.015744,0.0,0.0,0.656357,0.04278,0.708125,0.042686,0.031157,0.010355,72
0.12,oracle_exception_selector,3,0.621784,0.041686,0.69213,0.040175,0.159722,0.035057,0.023148,0.013407,0.002315,0.004537,0.606481,0.045828,0.074074,0.02408,0.009259,0.010982,0.226852,0.03557,0.402778,0.03917,0.148148,0.035127,0.280093,0.049558,0.666667,0.047039,0.06713,0.025569,0.025463,0.013948,0.037037,0.016117,0.0,0.0,0.688479,0.041105,0.741111,0.045108,0.033287,0.008916,72
0.12,oracle_exception_selector,4,0.621053,0.043652,0.696759,0.048061,0.166667,0.037676,0.020833,0.012821,0.006944,0.007747,0.594907,0.048277,0.069444,0.024815,0.009259,0.010982,0.180556,0.034037,0.409722,0.043314,0.150463,0.036068,0.335648,0.048993,0.641204,0.046441,0.074074,0.024932,0.018519,0.013791,0.05787,0.023439,0.0,0.0,0.678499,0.043856,0.715461,0.044343,0.031759,0.009072,72
0.12,oracle_exception_selector,5,0.585091,0.041664,0.712963,0.043451,0.171296,0.036535,0.020833,0.012821,0.002315,0.004537,0.601852,0.045024,0.081019,0.02584,0.00463,0.006371,0.19213,0.036356,0.393519,0.048052,0.159722,0.033223,0.298611,0.040319,0.643519,0.051002,0.0625,0.022787,0.018519,0.012184,0.069444,0.023072,0.0,0.0,0.658449,0.043754,0.7159,0.049191,0.033935,0.010262,72
0.12,oracle_exception_selector,6,0.604861,0.040641,0.689815,0.045828,0.18287,0.031759,0.023148,0.013407,0.0,0.0,0.645833,0.047454,0.060185,0.020742,0.006944,0.007747,0.1875,0.030945,0.423611,0.044737,0.159722,0.038464,0.305556,0.045689,0.627315,0.048993,0.078704,0.021403,0.030093,0.016252,0.053241,0.023141,0.0,0.0,0.663499,0.040207,0.700648,0.046453,0.028472,0.007597,72
0.12,oracle_exception_selector,7,0.593513,0.040761,0.678241,0.040001,0.162037,0.026619,0.032407,0.015343,0.002315,0.004537,0.673611,0.048969,0.06713,0.02299,0.00463,0.006371,0.166667,0.032947,0.388889,0.050465,0.173611,0.029917,0.300926,0.040164,0.659722,0.048109,0.076389,0.028118,0.030093,0.017489,0.060185,0.022666,0.0,0.0,0.663924,0.040598,0.732118,0.045798,0.03463,0.010248,72
0.12,oracle_exception_selector,8,0.588702,0.033905,0.706019,0.045457,0.162037,0.032289,0.013889,0.010715,0.006944,0.007747,0.655093,0.04674,0.083333,0.026641,0.0,0.0,0.199074,0.032717,0.358796,0.042202,0.194444,0.03539,0.289352,0.039827,0.625,0.048675,0.050926,0.02006,0.011574,0.009855,0.041667,0.019113,0.0,0.0,0.657193,0.037028,0.697035,0.045679,0.032083,0.009416,72
0.12,oracle_exception_selector,9,0.612215,0.039199,0.645833,0.043314,0.145833,0.032907,0.013889,0.010715,0.002315,0.004537,0.680556,0.043224,0.06713,0.024739,0.00463,0.006371,0.178241,0.036737,0.393519,0.043008,0.148148,0.029999,0.266204,0.043661,0.643519,0.043491,0.053241,0.019196,0.018519,0.013791,0.055556,0.02143,0.0,0.0,0.681215,0.038587,0.719623,0.042386,0.026852,0.008131,72
0.12,proposed_embodied_scale_exception_audit_v4,0,0.423019,0.039688,0.55787,0.048851,0.217593,0.033349,0.064815,0.022895,0.06713,0.025569,0.541667,0.04603,0.122685,0.035971,0.064815,0.024651,0.168981,0.038494,0.303241,0.045838,0.263889,0.041247,0.261574,0.041285,0.530093,0.042037,0.106481,0.029824,0.053241,0.02126,0.104167,0.02921,0.0,0.0,0.460457,0.041879,0.593968,0.042967,0.082593,0.014654,72
0.12,proposed_embodied_scale_exception_audit_v4,1,0.405675,0.043493,0.576389,0.048325,0.212963,0.039947,0.085648,0.026635,0.060185,0.023569,0.511574,0.044918,0.12963,0.033712,0.064815,0.023789,0.222222,0.040865,0.331019,0.044529,0.291667,0.042738,0.25,0.045689,0.541667,0.045574,0.104167,0.024551,0.034722,0.018204,0.081019,0.02417,0.0,0.0,0.438829,0.046719,0.596507,0.048974,0.092176,0.018085,72
0.12,proposed_embodied_scale_exception_audit_v4,2,0.40923,0.036293,0.523148,0.05141,0.18287,0.037207,0.087963,0.025823,0.05787,0.023439,0.506944,0.043072,0.101852,0.029295,0.050926,0.022043,0.199074,0.033349,0.349537,0.045303,0.238426,0.040261,0.25463,0.037661,0.527778,0.045689,0.118056,0.033845,0.034722,0.019317,0.090278,0.026592,0.0,0.0,0.441886,0.038401,0.585581,0.045634,0.083009,0.015931,72
0.12,proposed_embodied_scale_exception_audit_v4,3,0.388146,0.039576,0.539352,0.049838,0.240741,0.038708,0.06713,0.02299,0.06713,0.025569,0.523148,0.042026,0.131944,0.033535,0.076389,0.020369,0.194444,0.033574,0.303241,0.043019,0.282407,0.04317,0.256944,0.039798,0.506944,0.044031,0.099537,0.032086,0.053241,0.020254,0.113426,0.030187,0.0,0.0,0.420992,0.041832,0.570146,0.043544,0.0875,0.013607,72
0.12,proposed_embodied_scale_exception_audit_v4,4,0.432766,0.043514,0.541667,0.04781,0.212963,0.042968,0.039352,0.017687,0.064815,0.021964,0.50463,0.047469,0.12963,0.031137,0.064815,0.02629,0.173611,0.037918,0.31713,0.047551,0.219907,0.042775,0.217593,0.039111,0.5625,0.048109,0.125,0.032788,0.048611,0.01985,0.087963,0.026619,0.0,0.0,0.476909,0.046769,0.629826,0.046552,0.073565,0.013319,72
0.12,proposed_embodied_scale_exception_audit_v4,5,0.40547,0.041436,0.527778,0.049631,0.203704,0.037242,0.092593,0.025756,0.076389,0.028118,0.488426,0.041032,0.108796,0.026766,0.06713,0.021096,0.178241,0.034389,0.326389,0.044969,0.226852,0.041021,0.261574,0.036452,0.55787,0.049698,0.12037,0.029056,0.048611,0.020875,0.081019,0.025019,0.0,0.0,0.440344,0.043591,0.616308,0.050133,0.091991,0.015072,72
0.12,proposed_embodied_scale_exception_audit_v4,6,0.40098,0.037686,0.571759,0.042284,0.219907,0.039211,0.05787,0.021585,0.046296,0.020658,0.560185,0.048052,0.118056,0.02921,0.074074,0.025756,0.1875,0.032907,0.300926,0.044597,0.259259,0.045178,0.266204,0.043661,0.502315,0.050255,0.113426,0.032836,0.039352,0.017687,0.074074,0.02408,0.0,0.0,0.440459,0.040405,0.569815,0.052373,0.075463,0.01378,72
0.12,proposed_embodied_scale_exception_audit_v4,7,0.413838,0.030896,0.560185,0.038392,0.208333,0.035243,0.090278,0.029566,0.053241,0.020254,0.534722,0.043314,0.083333,0.026641,0.064815,0.022895,0.178241,0.031869,0.324074,0.046093,0.259259,0.040808,0.247685,0.041369,0.520833,0.03927,0.131944,0.035939,0.060185,0.025278,0.087963,0.027392,0.0,0.0,0.453852,0.033391,0.584583,0.041128,0.078981,0.01497,72
0.12,proposed_embodied_scale_exception_audit_v4,8,0.391467,0.038893,0.578704,0.046581,0.222222,0.038768,0.076389,0.024973,0.06713,0.02299,0.520833,0.05442,0.141204,0.031429,0.037037,0.017364,0.201389,0.037641,0.293981,0.044995,0.240741,0.04377,0.229167,0.037363,0.50463,0.045217,0.094907,0.027281,0.053241,0.019196,0.069444,0.023959,0.0,0.0,0.421851,0.040327,0.561956,0.045927,0.090231,0.015737,72
0.12,proposed_embodied_scale_exception_audit_v4,9,0.402924,0.03653,0.511574,0.043019,0.236111,0.038633,0.064815,0.022895,0.0625,0.025387,0.513889,0.043704,0.12037,0.031137,0.085648,0.025019,0.180556,0.03583,0.291667,0.049945,0.243056,0.040319,0.280093,0.045149,0.523148,0.03999,0.113426,0.027281,0.039352,0.017687,0.106481,0.03314,0.0,0.0,0.436587,0.039238,0.586648,0.042729,0.083148,0.0154,72
0.12,retrieval_augmented_nearest_failure,0,0.250937,0.028301,0.4375,0.045431,0.270833,0.035057,0.12963,0.033712,0.104167,0.029917,0.416667,0.039831,0.143519,0.033764,0.175926,0.032235,0.189815,0.03557,0.261574,0.038131,0.335648,0.046366,0.277778,0.04523,0.409722,0.048755,0.185185,0.036867,0.074074,0.023197,0.125,0.036977,0.0,0.0,0.249927,0.032149,0.431924,0.051275,0.133843,0.020228,72
0.12,retrieval_augmented_nearest_failure,1,0.256015,0.036719,0.435185,0.045024,0.273148,0.039465,0.101852,0.030687,0.108796,0.025158,0.381944,0.045888,0.134259,0.031415,0.115741,0.035177,0.1875,0.032907,0.273148,0.043968,0.340278,0.048109,0.270833,0.041593,0.430556,0.04603,0.150463,0.036642,0.074074,0.025756,0.125,0.032788,0.0,0.0,0.263836,0.038802,0.479507,0.048451,0.114213,0.016016,72
0.12,retrieval_augmented_nearest_failure,2,0.246927,0.03067,0.439815,0.038932,0.296296,0.045332,0.122685,0.030983,0.108796,0.031759,0.398148,0.040638,0.180556,0.03583,0.143519,0.037289,0.231481,0.037982,0.259259,0.045178,0.340278,0.041593,0.282407,0.038028,0.428241,0.045149,0.203704,0.041985,0.064815,0.022895,0.118056,0.029917,0.0,0.0,0.243278,0.032719,0.452866,0.048708,0.13963,0.01838,72
0.12,retrieval_augmented_nearest_failure,3,0.251639,0.028794,0.368056,0.047454,0.275463,0.046665,0.085648,0.027408,0.101852,0.027833,0.398148,0.052315,0.155093,0.036164,0.127315,0.029955,0.189815,0.034376,0.273148,0.042026,0.368056,0.049182,0.280093,0.042775,0.416667,0.04523,0.168981,0.03626,0.097222,0.024815,0.127315,0.029955,0.0,0.0,0.251238,0.031139,0.459243,0.045992,0.113565,0.016798,72
0.12,retrieval_augmented_nearest_failure,4,0.260622,0.034251,0.449074,0.046432,0.296296,0.047138,0.099537,0.033362,0.108796,0.029722,0.388889,0.039831,0.164352,0.031318,0.125,0.032788,0.171296,0.034173,0.266204,0.032086,0.270833,0.039003,0.219907,0.038131,0.414352,0.05209,0.175926,0.034122,0.053241,0.02222,0.150463,0.036642,0.0,0.0,0.265551,0.037967,0.449581,0.05376,0.123194,0.018913,72
0.12,retrieval_augmented_nearest_failure,5,0.251645,0.032846,0.418981,0.047916,0.259259,0.045178,0.097222,0.030134,0.122685,0.028159,0.425926,0.050419,0.159722,0.031281,0.118056,0.032588,0.208333,0.032788,0.282407,0.04068,0.333333,0.04286,0.236111,0.03917,0.412037,0.046581,0.150463,0.031759,0.087963,0.026619,0.115741,0.026356,0.0,0.0,0.254695,0.034912,0.447926,0.047386,0.122639,0.018327,72
0.12,retrieval_augmented_nearest_failure,6,0.265481,0.037146,0.435185,0.042643,0.289352,0.039827,0.101852,0.027073,0.108796,0.028283,0.407407,0.053238,0.175926,0.036487,0.141204,0.032086,0.180556,0.032145,0.284722,0.039003,0.314815,0.040638,0.261574,0.032194,0.476852,0.048484,0.162037,0.032929,0.083333,0.027413,0.138889,0.034796,0.0,0.0,0.272959,0.039661,0.511442,0.051525,0.129259,0.016993,72
0.12,retrieval_augmented_nearest_failure,7,0.268757,0.032737,0.416667,0.054444,0.289352,0.04659,0.097222,0.027979,0.125,0.031489,0.393519,0.047615,0.162037,0.035959,0.141204,0.035189,0.206019,0.03626,0.293981,0.047258,0.289352,0.038222,0.289352,0.04659,0.458333,0.04175,0.185185,0.037429,0.055556,0.019384,0.118056,0.033223,0.0,0.0,0.268766,0.033506,0.493083,0.040873,0.126065,0.017229,72
0.12,retrieval_augmented_nearest_failure,8,0.287407,0.036243,0.446759,0.047843,0.300926,0.042684,0.118056,0.035057,0.118056,0.032588,0.391204,0.044372,0.157407,0.032235,0.141204,0.039122,0.1875,0.034152,0.296296,0.039421,0.243056,0.042339,0.303241,0.04674,0.453704,0.039947,0.157407,0.034729,0.06713,0.024739,0.125,0.029433,0.0,0.0,0.288244,0.039996,0.485641,0.043256,0.132176,0.018979,72
0.12,retrieval_augmented_nearest_failure,9,0.273458,0.034756,0.381944,0.052268,0.263889,0.036408,0.108796,0.025974,0.122685,0.029605,0.405093,0.044215,0.131944,0.029566,0.164352,0.03509,0.173611,0.037918,0.321759,0.045838,0.305556,0.041373,0.229167,0.035647,0.425926,0.048735,0.180556,0.036408,0.0625,0.022787,0.12963,0.030459,0.0,0.0,0.277482,0.035979,0.469079,0.050697,0.123796,0.01555,72
0.12,risk_sensitive_cvar_policy,0,0.249721,0.031382,0.4375,0.042585,0.280093,0.039739,0.060185,0.021726,0.099537,0.027153,0.439815,0.04673,0.12037,0.029056,0.106481,0.029116,0.224537,0.034891,0.247685,0.034186,0.263889,0.045114,0.252315,0.040348,0.37037,0.044869,0.166667,0.03539,0.085648,0.026635,0.085648,0.02417,0.0,0.0,0.259753,0.031259,0.431009,0.044178,0.089954,0.014645,72
0.12,risk_sensitive_cvar_policy,1,0.246045,0.030955,0.430556,0.049945,0.296296,0.045332,0.081019,0.02417,0.113426,0.030187,0.412037,0.04877,0.136574,0.036164,0.113426,0.03087,0.18287,0.033673,0.243056,0.039798,0.303241,0.037301,0.238426,0.036452,0.375,0.051993,0.189815,0.034376,0.071759,0.024026,0.083333,0.025025,0.0,0.0,0.250686,0.033083,0.4265,0.05157,0.106759,0.015448,72
0.12,risk_sensitive_cvar_policy,2,0.241376,0.031516,0.409722,0.040833,0.25463,0.040337,0.113426,0.034691,0.078704,0.026619,0.483796,0.050116,0.134259,0.029354,0.090278,0.026592,0.247685,0.039827,0.212963,0.037799,0.266204,0.045072,0.212963,0.040979,0.386574,0.04374,0.171296,0.034173,0.076389,0.021369,0.092593,0.029531,0.0,0.0,0.247101,0.034452,0.430463,0.043859,0.111111,0.018217,72
0.12,risk_sensitive_cvar_policy,3,0.225698,0.030442,0.37037,0.047579,0.314815,0.040121,0.108796,0.029722,0.069444,0.025643,0.444444,0.043344,0.148148,0.036296,0.087963,0.025002,0.233796,0.040691,0.256944,0.043314,0.303241,0.043978,0.25,0.040351,0.400463,0.054314,0.180556,0.037537,0.05787,0.021585,0.134259,0.033349,0.0,0.0,0.228519,0.031448,0.445803,0.055428,0.111435,0.016632,72
0.12,risk_sensitive_cvar_policy,4,0.208278,0.026653,0.384259,0.044597,0.268519,0.043611,0.078704,0.026619,0.111111,0.028164,0.430556,0.044179,0.134259,0.035177,0.125,0.032145,0.240741,0.038708,0.25,0.037676,0.268519,0.033918,0.25463,0.038753,0.340278,0.041088,0.152778,0.029433,0.078704,0.023272,0.115741,0.029354,0.0,0.0,0.20712,0.026409,0.393229,0.042048,0.105833,0.016163,72
0.12,risk_sensitive_cvar_policy,5,0.220857,0.030947,0.388889,0.049631,0.268519,0.040121,0.094907,0.029487,0.085648,0.026635,0.472222,0.050877,0.189815,0.036725,0.127315,0.03568,0.247685,0.043341,0.24537,0.040337,0.337963,0.040337,0.275463,0.037207,0.391204,0.040947,0.157407,0.035325,0.074074,0.025756,0.12037,0.026814,0.0,0.0,0.219752,0.033123,0.424465,0.044637,0.124954,0.018177,72
0.12,risk_sensitive_cvar_policy,6,0.244232,0.031723,0.418981,0.039299,0.300926,0.038028,0.085648,0.028159,0.099537,0.033362,0.381944,0.046789,0.152778,0.032788,0.113426,0.029487,0.224537,0.039388,0.203704,0.040979,0.3125,0.041341,0.217593,0.04068,0.418981,0.04614,0.173611,0.037363,0.05787,0.023439,0.101852,0.027833,0.0,0.0,0.251808,0.033562,0.469398,0.04631,0.111065,0.015308,72
0.12,risk_sensitive_cvar_policy,7,0.2334,0.02602,0.391204,0.038854,0.303241,0.042037,0.076389,0.025795,0.101852,0.02629,0.446759,0.046065,0.138889,0.02961,0.118056,0.029917,0.259259,0.040294,0.203704,0.036678,0.344907,0.043501,0.217593,0.033969,0.418981,0.043341,0.180556,0.030819,0.081019,0.029605,0.085648,0.028159,0.0,0.0,0.241308,0.027463,0.474419,0.043601,0.103889,0.014891,72
0.12,risk_sensitive_cvar_policy,8,0.246946,0.030977,0.37037,0.041485,0.310185,0.042026,0.106481,0.02839,0.090278,0.027366,0.4375,0.044031,0.162037,0.036535,0.118056,0.030606,0.222222,0.037676,0.284722,0.039535,0.344907,0.047624,0.243056,0.044737,0.354167,0.040319,0.152778,0.035243,0.053241,0.02222,0.111111,0.031654,0.0,0.0,0.242053,0.033248,0.397306,0.042031,0.121389,0.017919,72
0.12,risk_sensitive_cvar_policy,9,0.243811,0.036647,0.400463,0.048636,0.303241,0.041032,0.085648,0.028891,0.108796,0.029722,0.462963,0.046693,0.127315,0.030644,0.101852,0.032018,0.240741,0.039244,0.259259,0.037614,0.354167,0.047454,0.240741,0.041317,0.393519,0.047175,0.178241,0.037856,0.055556,0.019384,0.078704,0.024152,0.0,0.0,0.25022,0.039958,0.442894,0.049144,0.103935,0.016922,72
0.12,small_behavior_clone,0,0.080428,0.020275,0.1875,0.036515,0.37037,0.050557,0.189815,0.038932,0.175926,0.034729,0.215278,0.040059,0.238426,0.04374,0.210648,0.040348,0.155093,0.034991,0.092593,0.025756,0.439815,0.047615,0.166667,0.031654,0.168981,0.038494,0.178241,0.033153,0.131944,0.034152,0.185185,0.036867,0.0,0.0,0.050821,0.018461,0.153984,0.039418,0.203981,0.023414,72
0.12,small_behavior_clone,1,0.077417,0.017422,0.19213,0.033982,0.391204,0.048851,0.18287,0.035484,0.148148,0.037982,0.229167,0.040059,0.247685,0.040348,0.19213,0.03804,0.199074,0.035177,0.104167,0.026982,0.377315,0.051688,0.115741,0.031415,0.159722,0.034456,0.203704,0.038347,0.125,0.034645,0.199074,0.038573,0.0,0.0,0.051566,0.015132,0.150826,0.037374,0.196991,0.019885,72
0.12,small_behavior_clone,2,0.058078,0.015342,0.206019,0.040088,0.395833,0.039535,0.159722,0.033223,0.143519,0.033764,0.217593,0.04068,0.256944,0.043314,0.168981,0.037948,0.148148,0.033918,0.097222,0.027979,0.356481,0.044441,0.122685,0.030302,0.143519,0.027645,0.150463,0.033673,0.094907,0.029487,0.185185,0.033918,0.0,0.0,0.04065,0.012983,0.140273,0.029403,0.186898,0.022575,72
0.12,small_behavior_clone,3,0.077287,0.019041,0.203704,0.040979,0.405093,0.044215,0.164352,0.031318,0.157407,0.037055,0.24537,0.033557,0.270833,0.040577,0.203704,0.041485,0.148148,0.034528,0.111111,0.032307,0.375,0.043224,0.148148,0.036296,0.194444,0.047039,0.175926,0.037055,0.104167,0.030606,0.18287,0.033048,0.0,0.0,0.053095,0.017305,0.184394,0.047354,0.198981,0.019909,72
0.12,small_behavior_clone,4,0.07962,0.020161,0.185185,0.037429,0.340278,0.044503,0.180556,0.032145,0.199074,0.036344,0.240741,0.038165,0.240741,0.039772,0.178241,0.037301,0.1875,0.034152,0.083333,0.027413,0.358796,0.046441,0.138889,0.033574,0.178241,0.038944,0.19213,0.035189,0.12963,0.03245,0.175926,0.035325,0.0,0.0,0.054424,0.018565,0.157023,0.037119,0.201713,0.019221,72
0.12,small_behavior_clone,5,0.054873,0.016406,0.226852,0.03314,0.368056,0.043793,0.19213,0.040691,0.122685,0.028159,0.185185,0.036867,0.266204,0.045072,0.152778,0.032145,0.150463,0.031095,0.090278,0.028851,0.340278,0.0368,0.171296,0.040337,0.173611,0.036228,0.157407,0.033505,0.12037,0.03245,0.175926,0.034122,0.0,0.0,0.037692,0.013103,0.164822,0.038339,0.197917,0.024373,72
0.12,small_behavior_clone,6,0.067039,0.016305,0.203704,0.039947,0.361111,0.037118,0.19213,0.039122,0.168981,0.041116,0.208333,0.040222,0.25,0.039303,0.173611,0.033845,0.203704,0.034326,0.094907,0.02877,0.347222,0.043224,0.143519,0.034376,0.166667,0.035975,0.212963,0.037242,0.094907,0.027281,0.189815,0.037289,0.0,0.0,0.041146,0.013641,0.15178,0.03614,0.203472,0.023102,72
0.12,small_behavior_clone,7,0.063896,0.015513,0.212963,0.039947,0.365741,0.044597,0.178241,0.037856,0.148148,0.032018,0.240741,0.041317,0.219907,0.04326,0.196759,0.038404,0.131944,0.031613,0.106481,0.026879,0.361111,0.05005,0.171296,0.034779,0.18287,0.034891,0.199074,0.039111,0.12963,0.034326,0.19213,0.034591,0.0,0.0,0.046411,0.015441,0.177877,0.038144,0.187176,0.023281,72
0.12,small_behavior_clone,8,0.081625,0.017518,0.199074,0.038573,0.349537,0.046665,0.18287,0.035484,0.143519,0.030516,0.24537,0.045217,0.247685,0.048349,0.194444,0.036551,0.196759,0.04052,0.094907,0.025705,0.372685,0.044057,0.159722,0.0368,0.231481,0.035717,0.189815,0.037845,0.145833,0.034152,0.185185,0.037982,0.0,0.0,0.060821,0.016559,0.208081,0.040326,0.196389,0.023863,72
0.12,small_behavior_clone,9,0.07828,0.017466,0.199074,0.04119,0.361111,0.050877,0.178241,0.034991,0.173611,0.042585,0.25463,0.041359,0.194444,0.039831,0.178241,0.038404,0.138889,0.03539,0.097222,0.029433,0.365741,0.039641,0.108796,0.029011,0.175926,0.038165,0.212963,0.040466,0.136574,0.033777,0.210648,0.040862,0.0,0.0,0.058925,0.017381,0.17594,0.03776,0.182269,0.021734,72
0.16,boundary_aware_scale_exception_audit_v5,0,0.481421,0.035689,0.645833,0.041843,0.201389,0.040319,0.053241,0.020254,0.032407,0.017858,0.585648,0.044762,0.087963,0.021403,0.032407,0.015343,0.273148,0.043008,0.275463,0.041954,0.222222,0.047481,0.263889,0.038633,0.643519,0.044908,0.085648,0.025019,0.030093,0.014912,0.060185,0.020742,0.0,0.0,0.548924,0.037701,0.714178,0.04165,0.057824,0.011289,72
0.16,boundary_aware_scale_exception_audit_v5,1,0.468375,0.047401,0.597222,0.043224,0.210648,0.039299,0.039352,0.016465,0.018519,0.012184,0.62963,0.046693,0.083333,0.024176,0.025463,0.015372,0.19213,0.040175,0.331019,0.044057,0.1875,0.040319,0.224537,0.037207,0.590278,0.050439,0.101852,0.027833,0.046296,0.020658,0.069444,0.021185,0.0,0.0,0.532577,0.048955,0.665833,0.048633,0.047407,0.010476,72
0.16,boundary_aware_scale_exception_audit_v5,2,0.501097,0.039779,0.634259,0.04317,0.168981,0.033258,0.034722,0.018204,0.039352,0.01883,0.555556,0.044766,0.060185,0.020742,0.023148,0.013407,0.231481,0.035717,0.289352,0.042856,0.196759,0.036164,0.201389,0.04566,0.659722,0.038464,0.094907,0.02877,0.020833,0.012821,0.078704,0.028876,0.0,0.0,0.576967,0.040437,0.736389,0.037021,0.042037,0.01003,72
0.16,boundary_aware_scale_exception_audit_v5,3,0.479853,0.041362,0.657407,0.045178,0.189815,0.043008,0.053241,0.020254,0.023148,0.013407,0.56713,0.048636,0.101852,0.03136,0.025463,0.013948,0.25,0.038226,0.270833,0.042092,0.178241,0.04052,0.201389,0.034758,0.594907,0.053993,0.0625,0.018769,0.034722,0.018204,0.060185,0.020742,0.0,0.0,0.544004,0.044946,0.663942,0.050771,0.05963,0.014102,72
0.16,boundary_aware_scale_exception_audit_v5,4,0.491828,0.038595,0.652778,0.039699,0.189815,0.036152,0.041667,0.019113,0.023148,0.013407,0.569444,0.044179,0.099537,0.030071,0.032407,0.015343,0.229167,0.037363,0.358796,0.045533,0.194444,0.038768,0.231481,0.033918,0.597222,0.047371,0.076389,0.028851,0.023148,0.013407,0.078704,0.028144,0.0,0.0,0.552287,0.039898,0.67009,0.045735,0.054769,0.012858,72
0.16,boundary_aware_scale_exception_audit_v5,5,0.515352,0.045367,0.627315,0.05229,0.18287,0.038313,0.039352,0.017687,0.020833,0.014357,0.576389,0.046566,0.085648,0.026635,0.030093,0.014912,0.178241,0.043978,0.3125,0.043793,0.189815,0.038392,0.270833,0.034456,0.641204,0.046888,0.104167,0.031941,0.020833,0.012821,0.06713,0.020082,0.0,0.0,0.579994,0.047383,0.71235,0.045269,0.048981,0.01183,72
0.16,boundary_aware_scale_exception_audit_v5,6,0.475482,0.045333,0.638889,0.046594,0.194444,0.034796,0.041667,0.020176,0.027778,0.015827,0.581019,0.045226,0.085648,0.02584,0.018519,0.013791,0.201389,0.038735,0.298611,0.044737,0.201389,0.03927,0.236111,0.034645,0.606481,0.052216,0.097222,0.028715,0.025463,0.016674,0.076389,0.023241,0.0,0.0,0.541597,0.048039,0.68035,0.050911,0.050046,0.011973,72
0.16,boundary_aware_scale_exception_audit_v5,7,0.480402,0.035107,0.597222,0.051993,0.180556,0.033418,0.039352,0.017687,0.048611,0.018769,0.571759,0.042775,0.097222,0.033418,0.020833,0.014357,0.19213,0.039122,0.333333,0.044766,0.1875,0.040319,0.229167,0.041088,0.618056,0.045431,0.081019,0.025019,0.023148,0.013407,0.071759,0.028035,0.0,0.0,0.546584,0.039803,0.688375,0.042359,0.056528,0.013554,72
0.16,boundary_aware_scale_exception_audit_v5,8,0.527056,0.041953,0.650463,0.042938,0.166667,0.03419,0.032407,0.015343,0.020833,0.012821,0.564815,0.044558,0.071759,0.026505,0.041667,0.016787,0.222222,0.039303,0.314815,0.045485,0.155093,0.036164,0.219907,0.041285,0.631944,0.045201,0.06713,0.02299,0.032407,0.016648,0.069444,0.022148,0.0,0.0,0.597876,0.042366,0.7075,0.043408,0.043056,0.009472,72
0.16,boundary_aware_scale_exception_audit_v5,9,0.515201,0.042852,0.643519,0.044908,0.166667,0.032947,0.048611,0.020875,0.020833,0.012821,0.587963,0.045217,0.078704,0.025002,0.032407,0.015343,0.201389,0.03927,0.3125,0.043314,0.215278,0.041088,0.240741,0.041317,0.641204,0.048205,0.083333,0.022383,0.025463,0.013948,0.064815,0.024651,0.0,0.0,0.585044,0.043718,0.714384,0.046566,0.051019,0.012341,72
0.16,compute_balanced_scaling,0,0.143885,0.022292,0.289352,0.042367,0.337963,0.043331,0.208333,0.036408,0.226852,0.043491,0.331019,0.043099,0.25,0.039831,0.229167,0.043072,0.180556,0.034645,0.344907,0.047624,0.388889,0.040351,0.391204,0.048851,0.261574,0.04326,0.263889,0.041247,0.092593,0.025756,0.171296,0.030969,0.0,0.0,0.104096,0.020998,0.255806,0.047217,0.22625,0.023273,72
0.16,compute_balanced_scaling,1,0.156242,0.028265,0.289352,0.034791,0.347222,0.044179,0.199074,0.038573,0.19213,0.039122,0.25463,0.040851,0.215278,0.037363,0.196759,0.036164,0.166667,0.031654,0.340278,0.042092,0.456019,0.045686,0.372685,0.040088,0.238426,0.045609,0.256944,0.046566,0.078704,0.022357,0.185185,0.038528,0.0,0.0,0.11896,0.027511,0.250384,0.047438,0.202454,0.020056,72
0.16,compute_balanced_scaling,2,0.161734,0.026064,0.238426,0.03758,0.342593,0.04787,0.134259,0.032717,0.210648,0.039827,0.238426,0.034084,0.180556,0.03583,0.224537,0.035484,0.164352,0.033879,0.391204,0.047551,0.377315,0.04614,0.418981,0.049205,0.252315,0.040862,0.238426,0.038675,0.090278,0.028118,0.168981,0.03509,0.0,0.0,0.128239,0.025558,0.289444,0.042668,0.170926,0.020414,72
0.16,compute_balanced_scaling,3,0.155264,0.019987,0.273148,0.038932,0.328704,0.049197,0.162037,0.036535,0.185185,0.040121,0.293981,0.041621,0.215278,0.041088,0.226852,0.038932,0.141204,0.026373,0.375,0.045574,0.388889,0.041874,0.375,0.042738,0.273148,0.038932,0.293981,0.039564,0.092593,0.024932,0.145833,0.034758,0.0,0.0,0.122367,0.020163,0.2865,0.041409,0.188657,0.020642,72
0.16,compute_balanced_scaling,4,0.144973,0.021081,0.291667,0.045574,0.337963,0.04834,0.178241,0.041537,0.208333,0.034037,0.310185,0.041527,0.233796,0.033982,0.212963,0.040979,0.168981,0.039033,0.358796,0.050324,0.409722,0.047012,0.414352,0.044762,0.259259,0.038708,0.268519,0.037429,0.113426,0.032836,0.175926,0.037614,0.0,0.0,0.111326,0.021171,0.277215,0.040484,0.203796,0.020321,72
0.16,compute_balanced_scaling,5,0.147264,0.028978,0.252315,0.039299,0.377315,0.041871,0.143519,0.034978,0.208333,0.036408,0.296296,0.039947,0.210648,0.040348,0.196759,0.04052,0.166667,0.03539,0.37037,0.049302,0.444444,0.046143,0.423611,0.046566,0.268519,0.041652,0.238426,0.035874,0.104167,0.028487,0.171296,0.032929,0.0,0.0,0.114689,0.027761,0.288794,0.041921,0.180648,0.021298,72
0.16,compute_balanced_scaling,6,0.16135,0.023153,0.240741,0.041317,0.287037,0.041985,0.173611,0.037918,0.166667,0.039303,0.300926,0.046879,0.224537,0.045303,0.238426,0.039739,0.171296,0.032929,0.388889,0.049631,0.405093,0.045609,0.425926,0.050419,0.268519,0.038528,0.229167,0.042585,0.106481,0.027645,0.150463,0.03241,0.0,0.0,0.125858,0.024359,0.281859,0.041725,0.19412,0.020209,72
0.16,compute_balanced_scaling,7,0.15788,0.026561,0.289352,0.044762,0.347222,0.049102,0.131944,0.030945,0.203704,0.037242,0.324074,0.044714,0.217593,0.041694,0.217593,0.039111,0.131944,0.038735,0.402778,0.048244,0.476852,0.048052,0.435185,0.043611,0.275463,0.043421,0.282407,0.040164,0.099537,0.028649,0.175926,0.038165,0.0,0.0,0.128281,0.026178,0.304588,0.045431,0.17912,0.019183,72
0.16,compute_balanced_scaling,8,0.164498,0.023169,0.280093,0.042775,0.342593,0.044245,0.164352,0.03568,0.178241,0.035582,0.273148,0.047615,0.25463,0.042846,0.203704,0.0318,0.171296,0.032289,0.351852,0.044087,0.358796,0.043661,0.400463,0.047331,0.273148,0.043008,0.266204,0.046441,0.083333,0.026641,0.125,0.033418,0.0,0.0,0.129026,0.024003,0.291808,0.04397,0.19787,0.018782,72
0.16,compute_balanced_scaling,9,0.163067,0.023931,0.263889,0.042247,0.342593,0.045178,0.150463,0.034891,0.203704,0.037799,0.273148,0.044441,0.238426,0.039211,0.215278,0.037363,0.18287,0.034891,0.337963,0.043331,0.405093,0.057002,0.391204,0.045762,0.240741,0.037614,0.25,0.040865,0.094907,0.025705,0.175926,0.035911,0.0,0.0,0.124898,0.024423,0.257454,0.040959,0.192917,0.019609,72
0.16,conformal_risk_filter,0,0.251098,0.033176,0.402778,0.049102,0.273148,0.041527,0.085648,0.030302,0.085648,0.025019,0.414352,0.045226,0.155093,0.029839,0.106481,0.031193,0.194444,0.038226,0.247685,0.042367,0.277778,0.043823,0.215278,0.038464,0.386574,0.045149,0.166667,0.03539,0.087963,0.030969,0.127315,0.029955,0.0,0.0,0.259444,0.034296,0.449852,0.046298,0.108565,0.016803,72
0.16,conformal_risk_filter,1,0.254345,0.038845,0.395833,0.045431,0.289352,0.040348,0.097222,0.028715,0.090278,0.028851,0.37037,0.048448,0.159722,0.031941,0.113426,0.028035,0.201389,0.038192,0.289352,0.041871,0.275463,0.038854,0.231481,0.037982,0.395833,0.043072,0.178241,0.037856,0.064815,0.024651,0.122685,0.028891,0.0,0.0,0.257365,0.040211,0.456535,0.04478,0.116343,0.017094,72
0.16,conformal_risk_filter,2,0.248298,0.033549,0.409722,0.045201,0.296296,0.043451,0.083333,0.025025,0.111111,0.030988,0.381944,0.047233,0.157407,0.033505,0.136574,0.031869,0.229167,0.042092,0.222222,0.034796,0.298611,0.044267,0.266204,0.036926,0.407407,0.046544,0.206019,0.03509,0.053241,0.02222,0.136574,0.034991,0.0,0.0,0.25461,0.035329,0.47497,0.047445,0.11588,0.013863,72
0.16,conformal_risk_filter,3,0.270147,0.037925,0.393519,0.049759,0.303241,0.039476,0.090278,0.028118,0.097222,0.024815,0.384259,0.048196,0.12963,0.033712,0.131944,0.032907,0.180556,0.033418,0.268519,0.041652,0.328704,0.045676,0.229167,0.035647,0.398148,0.041652,0.138889,0.026641,0.083333,0.025025,0.12037,0.033087,0.0,0.0,0.277629,0.039924,0.466836,0.042735,0.1075,0.01502,72
0.16,conformal_risk_filter,4,0.25371,0.039613,0.407407,0.040294,0.3125,0.049182,0.06713,0.023881,0.12037,0.03245,0.37963,0.045332,0.122685,0.037114,0.122685,0.032302,0.243056,0.04566,0.261574,0.044685,0.314815,0.04215,0.268519,0.042643,0.384259,0.051138,0.189815,0.046281,0.108796,0.031759,0.12037,0.030459,0.0,0.0,0.260854,0.042425,0.453586,0.052533,0.098935,0.015541,72
0.16,conformal_risk_filter,5,0.276532,0.033366,0.407407,0.045638,0.240741,0.042315,0.094907,0.027281,0.085648,0.02584,0.358796,0.045072,0.159722,0.035647,0.131944,0.031613,0.240741,0.038165,0.219907,0.034691,0.31713,0.046216,0.226852,0.041527,0.402778,0.045574,0.175926,0.035911,0.053241,0.020254,0.12963,0.030459,0.0,0.0,0.281293,0.034292,0.467993,0.048289,0.116389,0.016154,72
0.16,conformal_risk_filter,6,0.247815,0.03616,0.43287,0.045533,0.291667,0.044179,0.099537,0.025569,0.094907,0.025705,0.425926,0.040294,0.175926,0.030913,0.113426,0.031539,0.203704,0.037242,0.270833,0.045431,0.303241,0.041537,0.259259,0.04377,0.393519,0.045828,0.185185,0.035717,0.064815,0.022895,0.118056,0.029917,0.0,0.0,0.253874,0.039735,0.453081,0.047001,0.123009,0.016388,72
0.16,conformal_risk_filter,7,0.25633,0.035805,0.384259,0.049899,0.284722,0.047233,0.099537,0.027911,0.081019,0.02417,0.388889,0.050465,0.12963,0.03245,0.099537,0.03273,0.263889,0.044179,0.256944,0.040833,0.337963,0.043331,0.273148,0.042026,0.430556,0.048244,0.217593,0.046432,0.069444,0.023959,0.106481,0.026091,0.0,0.0,0.264879,0.038056,0.495132,0.048399,0.105231,0.0172,72
0.16,conformal_risk_filter,8,0.251242,0.033055,0.412037,0.04834,0.268519,0.045485,0.090278,0.026592,0.090278,0.029566,0.393519,0.043008,0.12963,0.036104,0.12963,0.029766,0.208333,0.04175,0.289352,0.037672,0.298611,0.041843,0.273148,0.044441,0.365741,0.04317,0.166667,0.034796,0.113426,0.032194,0.136574,0.029131,0.0,0.0,0.255807,0.0354,0.42988,0.045665,0.106019,0.017121,72
0.16,conformal_risk_filter,9,0.259818,0.033145,0.425926,0.046544,0.296296,0.042968,0.0625,0.01985,0.094907,0.032836,0.361111,0.041373,0.150463,0.031095,0.12037,0.027582,0.24537,0.041861,0.252315,0.044294,0.335648,0.038494,0.273148,0.042026,0.421296,0.052082,0.19213,0.041704,0.05787,0.021585,0.108796,0.029722,0.0,0.0,0.267732,0.033524,0.49281,0.052281,0.100509,0.013791,72
0.16,data_only_scaling,0,0.142656,0.024084,0.296296,0.037242,0.310185,0.036152,0.152778,0.03583,0.196759,0.038944,0.289352,0.043341,0.196759,0.036164,0.210648,0.034791,0.199074,0.036914,0.284722,0.044969,0.412037,0.042356,0.337963,0.043331,0.240741,0.039772,0.261574,0.045609,0.087963,0.030969,0.180556,0.034645,0.0,0.0,0.115047,0.023899,0.260405,0.042392,0.179676,0.020875,72
0.16,data_only_scaling,1,0.125173,0.020772,0.266204,0.040175,0.377315,0.045686,0.18287,0.036068,0.25463,0.04381,0.300926,0.04119,0.231481,0.040121,0.206019,0.043099,0.171296,0.039816,0.24537,0.04381,0.400463,0.04318,0.375,0.045114,0.238426,0.045609,0.284722,0.049814,0.12037,0.031137,0.185185,0.040121,0.0,0.0,0.089392,0.021335,0.23791,0.047619,0.212685,0.021011,72
0.16,data_only_scaling,2,0.129959,0.023204,0.226852,0.036725,0.358796,0.044607,0.173611,0.031941,0.164352,0.029955,0.259259,0.039772,0.25463,0.035374,0.238426,0.03702,0.171296,0.039816,0.319444,0.040737,0.430556,0.051184,0.354167,0.040833,0.217593,0.038028,0.266204,0.03804,0.097222,0.024815,0.208333,0.036977,0.0,0.0,0.096443,0.021782,0.227514,0.037694,0.202731,0.0168,72
0.16,data_only_scaling,3,0.113353,0.023279,0.263889,0.044649,0.358796,0.048636,0.164352,0.03626,0.229167,0.044031,0.293981,0.042612,0.217593,0.039641,0.208333,0.038633,0.164352,0.03509,0.30787,0.046888,0.474537,0.051957,0.388889,0.044297,0.224537,0.036642,0.268519,0.041148,0.108796,0.027535,0.162037,0.034173,0.0,0.0,0.085602,0.021453,0.235766,0.039521,0.196389,0.021156,72
0.16,data_only_scaling,4,0.134122,0.022284,0.215278,0.037363,0.326389,0.041088,0.203704,0.039421,0.219907,0.035874,0.287037,0.038347,0.212963,0.038888,0.196759,0.033777,0.166667,0.037118,0.3125,0.044737,0.402778,0.054349,0.386574,0.047843,0.238426,0.039211,0.25,0.040865,0.101852,0.032664,0.173611,0.033223,0.0,0.0,0.092211,0.019979,0.237692,0.039883,0.208704,0.021744,72
0.16,data_only_scaling,5,0.13004,0.024291,0.268519,0.040638,0.305556,0.049208,0.180556,0.03583,0.189815,0.03557,0.233796,0.043661,0.210648,0.041369,0.210648,0.038222,0.173611,0.032588,0.331019,0.047258,0.381944,0.046789,0.400463,0.042202,0.201389,0.038735,0.236111,0.040737,0.115741,0.030057,0.212963,0.04579,0.0,0.0,0.093634,0.024217,0.219646,0.036304,0.194259,0.020325,72
0.16,data_only_scaling,6,0.13661,0.030766,0.280093,0.040776,0.333333,0.040865,0.155093,0.036164,0.194444,0.037676,0.261574,0.040261,0.206019,0.03568,0.233796,0.041201,0.185185,0.043611,0.368056,0.043793,0.421296,0.053661,0.321759,0.050185,0.263889,0.048244,0.219907,0.03702,0.115741,0.030057,0.185185,0.039066,0.0,0.0,0.112621,0.030452,0.284657,0.050395,0.185324,0.020627,72
0.16,data_only_scaling,7,0.142231,0.023974,0.247685,0.035386,0.354167,0.043793,0.134259,0.032073,0.215278,0.035057,0.289352,0.045226,0.1875,0.03927,0.194444,0.03419,0.166667,0.03539,0.324074,0.045638,0.412037,0.044284,0.368056,0.047454,0.231481,0.047725,0.266204,0.036356,0.097222,0.028715,0.171296,0.037102,0.0,0.0,0.113689,0.023456,0.267824,0.048459,0.170833,0.019486,72
0.16,data_only_scaling,8,0.140747,0.02454,0.229167,0.040059,0.337963,0.04381,0.168981,0.036832,0.206019,0.040605,0.287037,0.046244,0.231481,0.040121,0.189815,0.037845,0.166667,0.039831,0.333333,0.040865,0.435185,0.047725,0.347222,0.042738,0.194444,0.036551,0.261574,0.042775,0.101852,0.029295,0.203704,0.040466,0.0,0.0,0.105434,0.024032,0.204065,0.038141,0.196481,0.022731,72
0.16,data_only_scaling,9,0.138902,0.021446,0.252315,0.038222,0.314815,0.044558,0.162037,0.031636,0.194444,0.034796,0.280093,0.041788,0.24537,0.044753,0.18287,0.034891,0.199074,0.04068,0.37037,0.04579,0.416667,0.047481,0.37037,0.046693,0.243056,0.036515,0.247685,0.042367,0.094907,0.02488,0.178241,0.04052,0.0,0.0,0.101717,0.020974,0.25128,0.039091,0.194954,0.022904,72
0.16,dropout_risk_filter,0,0.236209,0.031784,0.37963,0.048015,0.277778,0.040865,0.083333,0.027413,0.101852,0.025484,0.395833,0.045888,0.141204,0.030758,0.12037,0.030459,0.226852,0.037845,0.261574,0.035288,0.331019,0.044057,0.261574,0.041788,0.384259,0.050728,0.164352,0.03568,0.083333,0.026641,0.143519,0.034376,0.0,0.0,0.240379,0.033186,0.448975,0.05076,0.107731,0.014905,72
0.16,dropout_risk_filter,1,0.233974,0.035711,0.412037,0.040851,0.321759,0.047184,0.085648,0.026635,0.101852,0.027833,0.37037,0.048448,0.157407,0.035325,0.097222,0.029433,0.215278,0.041593,0.240741,0.039244,0.324074,0.04377,0.273148,0.041527,0.381944,0.048541,0.194444,0.04237,0.071759,0.026505,0.127315,0.031978,0.0,0.0,0.235492,0.036293,0.442069,0.048376,0.11125,0.01756,72
0.16,dropout_risk_filter,2,0.241702,0.032599,0.400463,0.041201,0.293981,0.045457,0.104167,0.031281,0.090278,0.026592,0.356481,0.04537,0.162037,0.036535,0.113426,0.02877,0.219907,0.038131,0.284722,0.043554,0.31713,0.04484,0.25,0.041874,0.377315,0.053669,0.19213,0.041704,0.083333,0.027413,0.138889,0.032947,0.0,0.0,0.243528,0.035294,0.436604,0.053843,0.119954,0.016906,72
0.16,dropout_risk_filter,3,0.25387,0.03058,0.402778,0.044649,0.268519,0.041652,0.092593,0.028082,0.099537,0.031429,0.37963,0.048015,0.127315,0.033258,0.106481,0.02839,0.203704,0.039947,0.247685,0.042856,0.3125,0.042829,0.25463,0.038753,0.386574,0.049977,0.173611,0.041593,0.076389,0.021369,0.115741,0.027896,0.0,0.0,0.260185,0.033752,0.448088,0.051811,0.105648,0.017557,72
0.16,dropout_risk_filter,4,0.23934,0.032956,0.342593,0.049584,0.296296,0.038888,0.097222,0.030134,0.083333,0.026641,0.368056,0.047454,0.12037,0.026024,0.122685,0.034186,0.231481,0.040121,0.256944,0.041341,0.342593,0.040808,0.261574,0.038675,0.354167,0.039798,0.215278,0.037363,0.106481,0.027645,0.12037,0.029056,0.0,0.0,0.237827,0.033745,0.425806,0.040777,0.104213,0.015343,72
0.16,dropout_risk_filter,5,0.236,0.033905,0.37037,0.048015,0.263889,0.046481,0.111111,0.031654,0.101852,0.02629,0.405093,0.041788,0.173611,0.035647,0.094907,0.027281,0.206019,0.041621,0.275463,0.039388,0.293981,0.039564,0.238426,0.035288,0.358796,0.048636,0.199074,0.039641,0.064815,0.020993,0.150463,0.031759,0.0,0.0,0.233533,0.035939,0.415512,0.050766,0.126574,0.017421,72
0.16,dropout_risk_filter,6,0.233593,0.030188,0.402778,0.047371,0.296296,0.042968,0.115741,0.027896,0.12963,0.03245,0.398148,0.040638,0.162037,0.037102,0.12037,0.033087,0.201389,0.038735,0.273148,0.037845,0.296296,0.042479,0.256944,0.042829,0.384259,0.044597,0.155093,0.034389,0.078704,0.026619,0.145833,0.035939,0.0,0.0,0.232087,0.03318,0.438072,0.044856,0.132593,0.018146,72
0.16,dropout_risk_filter,7,0.230032,0.031511,0.416667,0.045689,0.319444,0.049525,0.108796,0.028283,0.101852,0.028573,0.425926,0.046544,0.136574,0.03053,0.097222,0.027222,0.217593,0.04119,0.268519,0.041652,0.340278,0.046789,0.25,0.044297,0.372685,0.044057,0.18287,0.033048,0.099537,0.028649,0.141204,0.03273,0.0,0.0,0.236744,0.033715,0.441748,0.045174,0.114722,0.014643,72
0.16,dropout_risk_filter,8,0.247426,0.035406,0.405093,0.049558,0.300926,0.042684,0.101852,0.027073,0.108796,0.029011,0.402778,0.05279,0.136574,0.031207,0.155093,0.038404,0.210648,0.039827,0.25,0.039303,0.298611,0.044737,0.238426,0.035874,0.372685,0.048565,0.166667,0.038226,0.101852,0.027073,0.136574,0.03053,0.0,0.0,0.251757,0.037936,0.435373,0.048651,0.118843,0.015838,72
0.16,dropout_risk_filter,9,0.214861,0.0315,0.428241,0.042775,0.280093,0.042775,0.081019,0.025019,0.12963,0.0318,0.363426,0.047184,0.189815,0.038392,0.136574,0.035582,0.215278,0.031281,0.229167,0.035057,0.347222,0.046481,0.231481,0.040638,0.416667,0.046143,0.168981,0.037948,0.069444,0.023072,0.108796,0.029011,0.0,0.0,0.218359,0.033784,0.470292,0.044962,0.127963,0.018096,72
0.16,ensemble_uncertainty_gate,0,0.220308,0.029701,0.4375,0.058666,0.328704,0.04834,0.104167,0.026982,0.101852,0.027833,0.386574,0.046065,0.164352,0.03568,0.155093,0.034389,0.226852,0.038932,0.261574,0.041788,0.331019,0.045457,0.277778,0.05005,0.391204,0.048851,0.196759,0.043501,0.099537,0.030071,0.143519,0.03314,0.0,0.0,0.223005,0.029237,0.447579,0.049435,0.126898,0.017382,72
0.16,ensemble_uncertainty_gate,1,0.200608,0.029487,0.398148,0.039597,0.314815,0.046394,0.12963,0.027582,0.152778,0.034645,0.393519,0.043491,0.162037,0.031636,0.131944,0.031613,0.208333,0.043704,0.275463,0.039388,0.3125,0.045201,0.215278,0.041088,0.358796,0.049487,0.196759,0.043978,0.090278,0.032266,0.118056,0.032588,0.0,0.0,0.196487,0.029389,0.41231,0.050057,0.14375,0.014962,72
0.16,ensemble_uncertainty_gate,2,0.225837,0.030405,0.340278,0.038464,0.291667,0.035243,0.108796,0.031095,0.101852,0.02629,0.388889,0.038226,0.164352,0.036832,0.12037,0.029056,0.208333,0.039699,0.263889,0.038089,0.314815,0.046394,0.256944,0.045201,0.37963,0.045332,0.180556,0.040737,0.076389,0.024122,0.125,0.034645,0.0,0.0,0.222249,0.030895,0.43263,0.047941,0.12537,0.018184,72
0.16,ensemble_uncertainty_gate,3,0.201781,0.033508,0.363426,0.043501,0.333333,0.039303,0.092593,0.028082,0.101852,0.030687,0.400463,0.048636,0.138889,0.035975,0.138889,0.036551,0.210648,0.043341,0.266204,0.039122,0.349537,0.046216,0.289352,0.037114,0.384259,0.048627,0.159722,0.035057,0.048611,0.01985,0.136574,0.031869,0.0,0.0,0.206496,0.035241,0.454697,0.048758,0.112778,0.013347,72
0.16,ensemble_uncertainty_gate,4,0.247005,0.03059,0.421296,0.052878,0.303241,0.041032,0.125,0.035243,0.138889,0.030988,0.377315,0.049628,0.12963,0.029766,0.148148,0.040121,0.238426,0.03758,0.224537,0.036642,0.328704,0.04381,0.319444,0.045114,0.372685,0.036832,0.185185,0.039597,0.071759,0.02488,0.113426,0.028035,0.0,0.0,0.238963,0.032645,0.423887,0.041171,0.131204,0.019016,72
0.16,ensemble_uncertainty_gate,5,0.254709,0.03254,0.416667,0.044766,0.270833,0.036228,0.115741,0.033969,0.141204,0.033982,0.342593,0.044714,0.166667,0.036551,0.138889,0.031654,0.194444,0.047919,0.270833,0.0368,0.324074,0.046544,0.293981,0.045457,0.365741,0.04598,0.206019,0.039033,0.085648,0.02584,0.141204,0.035189,0.0,0.0,0.248787,0.033961,0.421269,0.049523,0.137917,0.016466,72
0.16,ensemble_uncertainty_gate,6,0.223484,0.032355,0.388889,0.048782,0.300926,0.041694,0.111111,0.030306,0.125,0.034037,0.384259,0.048196,0.12963,0.03245,0.150463,0.028283,0.229167,0.041088,0.273148,0.03999,0.351852,0.047285,0.231481,0.041652,0.368056,0.046566,0.215278,0.042585,0.074074,0.026554,0.104167,0.029917,0.0,0.0,0.224683,0.033255,0.429157,0.048568,0.123102,0.016706,72
0.16,ensemble_uncertainty_gate,7,0.238653,0.030901,0.375,0.043704,0.30787,0.04318,0.097222,0.026444,0.101852,0.03136,0.326389,0.044031,0.150463,0.03241,0.145833,0.032907,0.206019,0.03449,0.282407,0.036344,0.331019,0.044529,0.273148,0.047615,0.356481,0.03999,0.166667,0.033574,0.097222,0.028715,0.125,0.030134,0.0,0.0,0.234202,0.031664,0.421169,0.041135,0.118889,0.015593,72
0.16,ensemble_uncertainty_gate,8,0.235806,0.030705,0.333333,0.038226,0.310185,0.048052,0.085648,0.025019,0.115741,0.030743,0.356481,0.048052,0.157407,0.031581,0.150463,0.033673,0.180556,0.034037,0.238426,0.04374,0.342593,0.043291,0.261574,0.044215,0.354167,0.050023,0.164352,0.03626,0.081019,0.023291,0.148148,0.033918,0.0,0.0,0.231795,0.032234,0.418104,0.050915,0.119074,0.016027,72
0.16,ensemble_uncertainty_gate,9,0.221599,0.032951,0.372685,0.05425,0.298611,0.042339,0.099537,0.026373,0.138889,0.031654,0.386574,0.051215,0.141204,0.030071,0.141204,0.031429,0.208333,0.040737,0.282407,0.045063,0.356481,0.04252,0.261574,0.042284,0.37963,0.051781,0.19213,0.036356,0.060185,0.020742,0.122685,0.026635,0.0,0.0,0.220879,0.034409,0.438345,0.049949,0.123287,0.016486,72
0.16,generic_scaling_law_extrapolator,0,0.144903,0.025046,0.236111,0.038633,0.372685,0.046366,0.164352,0.03509,0.19213,0.039122,0.247685,0.050874,0.224537,0.041954,0.256944,0.041341,0.125,0.028715,0.358796,0.043661,0.423611,0.042339,0.43287,0.051957,0.208333,0.040222,0.275463,0.037207,0.078704,0.023272,0.180556,0.040222,0.0,0.0,0.109692,0.025393,0.220266,0.043163,0.196667,0.022484,72
0.16,generic_scaling_law_extrapolator,1,0.146835,0.023433,0.212963,0.042968,0.340278,0.041088,0.143519,0.02839,0.247685,0.039827,0.222222,0.039303,0.210648,0.040348,0.240741,0.035325,0.148148,0.035127,0.372685,0.044995,0.402778,0.048675,0.395833,0.052268,0.298611,0.040833,0.263889,0.036408,0.076389,0.025795,0.166667,0.03419,0.0,0.0,0.110476,0.022032,0.317225,0.043849,0.19213,0.017109,72
0.16,generic_scaling_law_extrapolator,2,0.141677,0.022891,0.189815,0.038392,0.314815,0.041148,0.157407,0.032876,0.208333,0.040737,0.252315,0.040862,0.206019,0.032624,0.236111,0.040222,0.210648,0.042367,0.377315,0.048779,0.449074,0.046432,0.474537,0.044607,0.219907,0.038675,0.280093,0.045609,0.111111,0.028164,0.171296,0.031636,0.0,0.0,0.098946,0.020752,0.238111,0.038453,0.189028,0.02055,72
0.16,generic_scaling_law_extrapolator,3,0.117284,0.022334,0.266204,0.045533,0.358796,0.049487,0.148148,0.035717,0.215278,0.036228,0.261574,0.04326,0.199074,0.04068,0.243056,0.042829,0.1875,0.034758,0.351852,0.04215,0.425926,0.04787,0.409722,0.041843,0.203704,0.039421,0.298611,0.046115,0.12037,0.033087,0.152778,0.03583,0.0,0.0,0.08662,0.021748,0.230734,0.041634,0.185,0.020656,72
0.16,generic_scaling_law_extrapolator,4,0.15634,0.0239,0.194444,0.038226,0.335648,0.047697,0.150463,0.034891,0.194444,0.039831,0.275463,0.041954,0.194444,0.040865,0.252315,0.044762,0.145833,0.034152,0.368056,0.046566,0.456019,0.050047,0.472222,0.047481,0.240741,0.040294,0.247685,0.044762,0.104167,0.030606,0.201389,0.042829,0.0,0.0,0.119294,0.024623,0.26275,0.044546,0.181759,0.022929,72
0.16,generic_scaling_law_extrapolator,5,0.1369,0.021226,0.217593,0.04068,0.296296,0.044401,0.162037,0.034779,0.215278,0.037918,0.217593,0.044126,0.256944,0.041341,0.236111,0.038633,0.157407,0.034729,0.37963,0.051781,0.43287,0.048205,0.453704,0.050968,0.208333,0.04175,0.293981,0.055768,0.12037,0.029766,0.178241,0.038404,0.0,0.0,0.09438,0.020145,0.21972,0.041712,0.2075,0.021643,72
0.16,generic_scaling_law_extrapolator,6,0.140367,0.024139,0.199074,0.034578,0.333333,0.04237,0.180556,0.035243,0.217593,0.037475,0.25463,0.045676,0.240741,0.04377,0.215278,0.037918,0.150463,0.035484,0.351852,0.047285,0.428241,0.044685,0.465278,0.041843,0.266204,0.048205,0.24537,0.040337,0.108796,0.025974,0.175926,0.037614,0.0,0.0,0.098341,0.022082,0.274278,0.046424,0.20875,0.021622,72
0.16,generic_scaling_law_extrapolator,7,0.131042,0.025072,0.282407,0.047761,0.347222,0.050361,0.159722,0.030606,0.238426,0.040776,0.277778,0.04286,0.25,0.03539,0.25463,0.046581,0.178241,0.037856,0.388889,0.038768,0.472222,0.04523,0.462963,0.053369,0.196759,0.037301,0.263889,0.042247,0.081019,0.025019,0.189815,0.042026,0.0,0.0,0.093766,0.023633,0.195292,0.04096,0.210463,0.020287,72
0.16,generic_scaling_law_extrapolator,8,0.134271,0.021904,0.231481,0.037429,0.333333,0.045689,0.1875,0.041341,0.194444,0.028896,0.243056,0.043314,0.208333,0.039699,0.229167,0.044969,0.224537,0.033673,0.388889,0.039831,0.428241,0.046962,0.439815,0.04537,0.25463,0.038211,0.263889,0.046481,0.125,0.030819,0.152778,0.03583,0.0,0.0,0.093954,0.020647,0.262463,0.040873,0.199167,0.02393,72
0.16,generic_scaling_law_extrapolator,9,0.109797,0.023757,0.233796,0.03273,0.3125,0.03927,0.224537,0.038854,0.201389,0.038192,0.25,0.039303,0.212963,0.041985,0.206019,0.041621,0.173611,0.031941,0.395833,0.045431,0.474537,0.049487,0.407407,0.054784,0.210648,0.037672,0.252315,0.04382,0.111111,0.028164,0.175926,0.042806,0.0,0.0,0.077291,0.022523,0.208704,0.043735,0.215046,0.02247,72
0.16,invariance_penalty_policy,0,0.25873,0.035237,0.340278,0.046789,0.280093,0.046516,0.145833,0.036515,0.097222,0.025643,0.393519,0.045828,0.150463,0.031759,0.136574,0.032517,0.203704,0.037799,0.24537,0.038753,0.287037,0.039421,0.310185,0.051002,0.384259,0.051545,0.173611,0.036228,0.071759,0.02488,0.136574,0.029131,0.0,0.0,0.251778,0.038733,0.430975,0.053949,0.137546,0.019524,72
0.16,invariance_penalty_policy,1,0.237408,0.027963,0.377315,0.044294,0.240741,0.039244,0.111111,0.032307,0.134259,0.039641,0.351852,0.046842,0.171296,0.033557,0.155093,0.033153,0.217593,0.033969,0.298611,0.047892,0.349537,0.046216,0.310185,0.043008,0.37963,0.045332,0.150463,0.036068,0.060185,0.022666,0.136574,0.03053,0.0,0.0,0.225895,0.030258,0.426692,0.046061,0.137731,0.018461,72
0.16,invariance_penalty_policy,2,0.252277,0.030784,0.363426,0.04052,0.300926,0.04317,0.12037,0.030459,0.122685,0.029605,0.361111,0.043344,0.189815,0.037845,0.157407,0.037614,0.196759,0.039476,0.305556,0.047481,0.354167,0.045201,0.284722,0.045888,0.363426,0.048922,0.164352,0.03509,0.0625,0.021852,0.12963,0.036104,0.0,0.0,0.239419,0.032491,0.40084,0.051815,0.145324,0.021708,72
0.16,invariance_penalty_policy,3,0.212147,0.028406,0.328704,0.045676,0.280093,0.03702,0.125,0.031489,0.136574,0.026895,0.377315,0.044294,0.180556,0.04175,0.145833,0.030263,0.173611,0.040059,0.270833,0.040577,0.3125,0.042829,0.30787,0.042694,0.342593,0.04787,0.143519,0.033764,0.039352,0.01883,0.152778,0.034645,0.0,0.0,0.199231,0.029167,0.392495,0.050502,0.145833,0.01847,72
0.16,invariance_penalty_policy,4,0.257367,0.029946,0.37963,0.044401,0.3125,0.046566,0.106481,0.031855,0.106481,0.02839,0.365741,0.04598,0.173611,0.037918,0.148148,0.028573,0.206019,0.040605,0.321759,0.047624,0.321759,0.04445,0.305556,0.049631,0.354167,0.041843,0.164352,0.028528,0.05787,0.021585,0.162037,0.032929,0.0,0.0,0.24857,0.032175,0.410007,0.044049,0.130787,0.017948,72
0.16,invariance_penalty_policy,5,0.211168,0.032452,0.342593,0.048304,0.305556,0.037118,0.138889,0.02961,0.150463,0.035484,0.3125,0.043314,0.157407,0.035325,0.152778,0.038089,0.203704,0.039421,0.270833,0.042585,0.321759,0.04445,0.277778,0.041874,0.340278,0.048541,0.155093,0.037856,0.05787,0.021585,0.148148,0.033918,0.0,0.0,0.194862,0.032983,0.387194,0.050356,0.147917,0.017395,72
0.16,invariance_penalty_policy,6,0.24961,0.029326,0.340278,0.048541,0.298611,0.03927,0.118056,0.031941,0.122685,0.029605,0.347222,0.04175,0.185185,0.032018,0.127315,0.031318,0.155093,0.035582,0.252315,0.039827,0.340278,0.045431,0.291667,0.03917,0.351852,0.045024,0.118056,0.027744,0.069444,0.020176,0.131944,0.034758,0.0,0.0,0.238533,0.032045,0.400255,0.046252,0.139954,0.018166,72
0.16,invariance_penalty_policy,7,0.250793,0.031391,0.388889,0.041373,0.310185,0.044441,0.113426,0.03087,0.092593,0.026554,0.377315,0.05209,0.171296,0.034779,0.157407,0.032235,0.196759,0.037856,0.30787,0.044607,0.287037,0.043451,0.314815,0.039066,0.37037,0.047579,0.143519,0.033764,0.071759,0.026505,0.175926,0.041317,0.0,0.0,0.243956,0.032388,0.421759,0.045535,0.131435,0.018264,72
0.16,invariance_penalty_policy,8,0.217914,0.031126,0.347222,0.042738,0.291667,0.044179,0.12963,0.031137,0.099537,0.025569,0.381944,0.046789,0.157407,0.03023,0.134259,0.032073,0.180556,0.032788,0.335648,0.043581,0.326389,0.042092,0.252315,0.040862,0.351852,0.040638,0.145833,0.034152,0.071759,0.024026,0.155093,0.036737,0.0,0.0,0.211907,0.03231,0.406164,0.043197,0.133009,0.017197,72
0.16,invariance_penalty_policy,9,0.239156,0.033249,0.335648,0.047697,0.333333,0.043344,0.101852,0.022895,0.113426,0.02877,0.291667,0.04175,0.178241,0.032517,0.115741,0.028634,0.18287,0.036068,0.319444,0.046928,0.342593,0.048304,0.289352,0.048779,0.391204,0.046216,0.157407,0.034122,0.055556,0.022383,0.141204,0.034591,0.0,0.0,0.232285,0.034498,0.454218,0.04532,0.128241,0.014246,72
0.16,large_behavior_clone,0,0.08863,0.019259,0.166667,0.034796,0.372685,0.051486,0.162037,0.030969,0.266204,0.042202,0.219907,0.03758,0.273148,0.043008,0.261574,0.036452,0.159722,0.034456,0.375,0.040222,0.483796,0.038854,0.4375,0.046789,0.196759,0.043019,0.3125,0.046115,0.113426,0.029487,0.166667,0.034796,0.0,0.0,0.051228,0.015526,0.201463,0.042848,0.224074,0.020653,72
0.16,large_behavior_clone,1,0.094528,0.02046,0.18287,0.034288,0.344907,0.04674,0.152778,0.034645,0.24537,0.038211,0.24537,0.041359,0.240741,0.041317,0.25463,0.045217,0.189815,0.040509,0.319444,0.042738,0.456019,0.04659,0.416667,0.050465,0.18287,0.035484,0.30787,0.047331,0.148148,0.035717,0.173611,0.034456,0.0,0.0,0.063905,0.017474,0.187863,0.037817,0.206019,0.022657,72
0.16,large_behavior_clone,2,0.103577,0.020216,0.185185,0.039597,0.375,0.047371,0.185185,0.038528,0.25463,0.039816,0.238426,0.040261,0.203704,0.038347,0.275463,0.041954,0.155093,0.028405,0.365741,0.048196,0.435185,0.048592,0.418981,0.047036,0.194444,0.034796,0.282407,0.040164,0.106481,0.029824,0.18287,0.033048,0.0,0.0,0.065637,0.017445,0.197079,0.037817,0.212269,0.017674,72
0.16,large_behavior_clone,3,0.096245,0.020833,0.166667,0.035975,0.358796,0.049064,0.18287,0.040947,0.25463,0.036535,0.226852,0.043968,0.270833,0.039535,0.287037,0.037799,0.150463,0.034891,0.356481,0.048052,0.428241,0.046962,0.486111,0.044179,0.19213,0.03804,0.270833,0.042092,0.111111,0.031654,0.194444,0.035975,0.0,0.0,0.060401,0.01828,0.180586,0.042283,0.232593,0.024998,72
0.16,large_behavior_clone,4,0.109494,0.018666,0.143519,0.032504,0.363426,0.043501,0.18287,0.037207,0.233796,0.039652,0.247685,0.042367,0.236111,0.038089,0.273148,0.047175,0.189815,0.041527,0.372685,0.045457,0.456019,0.049628,0.453704,0.047138,0.178241,0.034991,0.284722,0.044969,0.118056,0.032588,0.19213,0.036926,0.0,0.0,0.06626,0.016643,0.173037,0.034451,0.217037,0.022105,72
0.16,large_behavior_clone,5,0.10244,0.020703,0.185185,0.040638,0.37037,0.045332,0.196759,0.04445,0.252315,0.042367,0.231481,0.044558,0.212963,0.037799,0.287037,0.041985,0.196759,0.033777,0.356481,0.039465,0.465278,0.046566,0.400463,0.049064,0.210648,0.045226,0.293981,0.04212,0.078704,0.024152,0.152778,0.038089,0.0,0.0,0.068272,0.018965,0.213442,0.045253,0.220648,0.026818,72
0.16,large_behavior_clone,6,0.094894,0.018163,0.206019,0.040088,0.402778,0.046481,0.206019,0.039033,0.252315,0.040862,0.212963,0.034326,0.266204,0.035777,0.224537,0.035484,0.168981,0.041116,0.328704,0.04381,0.467593,0.040164,0.421296,0.049197,0.201389,0.03927,0.298611,0.039798,0.085648,0.023291,0.19213,0.03804,0.0,0.0,0.056052,0.015508,0.199181,0.043553,0.234259,0.022435,72
0.16,large_behavior_clone,7,0.091484,0.017595,0.175926,0.036487,0.356481,0.048052,0.226852,0.036152,0.247685,0.042367,0.194444,0.037118,0.229167,0.043554,0.266204,0.040175,0.194444,0.03539,0.333333,0.039831,0.43287,0.049907,0.393519,0.044908,0.210648,0.036547,0.310185,0.043008,0.118056,0.030606,0.171296,0.034779,0.0,0.0,0.049103,0.016367,0.193822,0.035609,0.235231,0.020142,72
0.16,large_behavior_clone,8,0.113743,0.021047,0.150463,0.034288,0.405093,0.052423,0.173611,0.033223,0.256944,0.038735,0.196759,0.038944,0.270833,0.047233,0.224537,0.039388,0.131944,0.029566,0.361111,0.047919,0.469907,0.04052,0.363426,0.04538,0.206019,0.03568,0.303241,0.041032,0.106481,0.031193,0.171296,0.037661,0.0,0.0,0.070379,0.018394,0.213389,0.039033,0.22287,0.023684,72
0.16,large_behavior_clone,9,0.104292,0.021792,0.173611,0.039003,0.310185,0.048052,0.1875,0.03927,0.24537,0.044284,0.210648,0.038764,0.199074,0.041694,0.231481,0.037982,0.138889,0.034796,0.321759,0.039476,0.483796,0.050531,0.44213,0.043899,0.180556,0.034037,0.310185,0.043491,0.12963,0.03245,0.180556,0.038633,0.0,0.0,0.068042,0.019869,0.18915,0.034641,0.205787,0.023664,72
0.16,medium_behavior_clone,0,0.113818,0.019405,0.199074,0.036344,0.328704,0.045676,0.159722,0.032588,0.199074,0.031415,0.273148,0.040509,0.243056,0.040833,0.196759,0.037856,0.143519,0.031855,0.18287,0.036068,0.372685,0.043099,0.289352,0.043341,0.201389,0.034758,0.270833,0.043554,0.115741,0.029354,0.175926,0.038165,0.0,0.0,0.082894,0.019659,0.217123,0.035497,0.195509,0.020304,72
0.16,medium_behavior_clone,1,0.107013,0.020533,0.203704,0.037242,0.375,0.043224,0.159722,0.032588,0.19213,0.039122,0.196759,0.041537,0.194444,0.036551,0.19213,0.037487,0.143519,0.033764,0.219907,0.040261,0.381944,0.048109,0.263889,0.035243,0.19213,0.038585,0.252315,0.04382,0.094907,0.029487,0.178241,0.033777,0.0,0.0,0.078894,0.018221,0.223565,0.039453,0.179213,0.017903,72
0.16,medium_behavior_clone,2,0.099402,0.017098,0.173611,0.031281,0.347222,0.054349,0.194444,0.040351,0.196759,0.042531,0.222222,0.041874,0.212963,0.036678,0.194444,0.037676,0.152778,0.036408,0.206019,0.036832,0.372685,0.044995,0.287037,0.042479,0.215278,0.033845,0.215278,0.037918,0.094907,0.025705,0.173611,0.039535,0.0,0.0,0.066398,0.01515,0.218743,0.034282,0.200417,0.023606,72
0.16,medium_behavior_clone,3,0.116219,0.020423,0.1875,0.035939,0.340278,0.043072,0.185185,0.038528,0.194444,0.03539,0.261574,0.041285,0.243056,0.036515,0.219907,0.042775,0.159722,0.037363,0.233796,0.039122,0.388889,0.047039,0.291667,0.043224,0.217593,0.039641,0.224537,0.043421,0.125,0.036408,0.166667,0.031654,0.0,0.0,0.082933,0.01874,0.219525,0.042152,0.207685,0.021926,72
0.16,medium_behavior_clone,4,0.08479,0.017455,0.189815,0.037845,0.37963,0.047579,0.157407,0.034729,0.155093,0.033777,0.252315,0.036547,0.208333,0.035243,0.201389,0.03927,0.19213,0.034591,0.247685,0.045226,0.393519,0.047615,0.259259,0.044714,0.206019,0.03509,0.238426,0.041788,0.127315,0.02925,0.180556,0.03583,0.0,0.0,0.062888,0.015669,0.226609,0.036693,0.176667,0.020427,72
0.16,medium_behavior_clone,5,0.085447,0.020556,0.180556,0.036977,0.356481,0.044441,0.157407,0.034122,0.173611,0.039535,0.240741,0.040808,0.247685,0.042856,0.208333,0.033418,0.152778,0.032788,0.196759,0.035582,0.388889,0.043823,0.25,0.04286,0.208333,0.034645,0.275463,0.042938,0.134259,0.032073,0.196759,0.031869,0.0,0.0,0.062193,0.019099,0.226785,0.036603,0.1925,0.019321,72
0.16,medium_behavior_clone,6,0.084475,0.018305,0.196759,0.039476,0.377315,0.04659,0.194444,0.037676,0.189815,0.031193,0.243056,0.041341,0.259259,0.035911,0.229167,0.038464,0.196759,0.036164,0.224537,0.043899,0.425926,0.05124,0.296296,0.043929,0.180556,0.038089,0.201389,0.041341,0.125,0.032788,0.159722,0.034456,0.0,0.0,0.056305,0.015059,0.188657,0.041837,0.216528,0.016132,72
0.16,medium_behavior_clone,7,0.1096,0.02293,0.206019,0.041621,0.358796,0.04318,0.166667,0.033574,0.19213,0.041201,0.25,0.044297,0.231481,0.041652,0.222222,0.039831,0.155093,0.033153,0.231481,0.040638,0.409722,0.03927,0.289352,0.04614,0.217593,0.038573,0.222222,0.044297,0.127315,0.03449,0.18287,0.033048,0.0,0.0,0.082926,0.022115,0.226745,0.042956,0.19625,0.021039,72
0.16,medium_behavior_clone,8,0.090177,0.019247,0.208333,0.038633,0.354167,0.053648,0.175926,0.032876,0.171296,0.035374,0.296296,0.042968,0.212963,0.041485,0.189815,0.036152,0.194444,0.036551,0.189815,0.037289,0.412037,0.049619,0.238426,0.038675,0.210648,0.035971,0.219907,0.03758,0.101852,0.025484,0.203704,0.036678,0.0,0.0,0.066414,0.017666,0.223502,0.034315,0.187593,0.021547,72
0.16,medium_behavior_clone,9,0.117601,0.026934,0.178241,0.039476,0.335648,0.039033,0.175926,0.035325,0.171296,0.037102,0.219907,0.036452,0.25,0.04523,0.222222,0.038226,0.148148,0.033918,0.231481,0.037982,0.460648,0.046366,0.287037,0.044869,0.233796,0.043661,0.210648,0.041369,0.097222,0.030819,0.196759,0.036164,0.0,0.0,0.090138,0.025513,0.235727,0.042761,0.201944,0.023622,72
0.16,model_only_scaling,0,0.126671,0.024741,0.224537,0.033048,0.393519,0.042026,0.164352,0.03626,0.236111,0.039699,0.291667,0.044179,0.206019,0.041621,0.261574,0.042775,0.1875,0.038735,0.344907,0.0506,0.395833,0.048969,0.398148,0.046842,0.219907,0.034691,0.25,0.036551,0.094907,0.026505,0.1875,0.041843,0.0,0.0,0.091234,0.023566,0.231025,0.039321,0.199491,0.020317,72
0.16,model_only_scaling,1,0.105791,0.022128,0.138889,0.03419,0.365741,0.051948,0.194444,0.03539,0.236111,0.046481,0.243056,0.042339,0.215278,0.038464,0.280093,0.041285,0.145833,0.034758,0.351852,0.040638,0.400463,0.047331,0.430556,0.040222,0.206019,0.03626,0.284722,0.041593,0.141204,0.029369,0.159722,0.037918,0.0,0.0,0.067015,0.020114,0.197549,0.038327,0.216759,0.02197,72
0.16,model_only_scaling,2,0.118013,0.023457,0.196759,0.038944,0.324074,0.042315,0.175926,0.035911,0.203704,0.038888,0.24537,0.038753,0.226852,0.039465,0.259259,0.04787,0.166667,0.035975,0.361111,0.04237,0.44213,0.05135,0.428241,0.046516,0.231481,0.037982,0.282407,0.042192,0.106481,0.031193,0.194444,0.037676,0.0,0.0,0.084779,0.022237,0.232944,0.041882,0.204537,0.020786,72
0.16,model_only_scaling,3,0.121139,0.023901,0.243056,0.037083,0.342593,0.044714,0.152778,0.042738,0.266204,0.042202,0.263889,0.043224,0.201389,0.037083,0.219907,0.041788,0.18287,0.033673,0.328704,0.043331,0.467593,0.046879,0.391204,0.049276,0.236111,0.039699,0.268519,0.045024,0.134259,0.028634,0.18287,0.034288,0.0,0.0,0.089642,0.023402,0.255762,0.045301,0.194491,0.023952,72
0.16,model_only_scaling,4,0.121823,0.018432,0.196759,0.039476,0.328704,0.044753,0.185185,0.04215,0.189815,0.034978,0.25,0.040865,0.24537,0.037102,0.206019,0.037394,0.185185,0.035717,0.349537,0.041954,0.474537,0.043661,0.409722,0.051666,0.233796,0.040175,0.256944,0.040833,0.106481,0.031193,0.189815,0.043008,0.0,0.0,0.081495,0.016348,0.242391,0.040316,0.206157,0.022432,72
0.16,model_only_scaling,5,0.099794,0.018626,0.201389,0.032266,0.368056,0.043314,0.173611,0.031281,0.219907,0.038675,0.25463,0.040851,0.259259,0.044714,0.252315,0.040348,0.185185,0.037429,0.340278,0.048969,0.439815,0.040509,0.421296,0.039288,0.208333,0.04603,0.319444,0.045114,0.099537,0.026373,0.173611,0.040059,0.0,0.0,0.059507,0.015654,0.20506,0.044716,0.215509,0.021958,72
0.16,model_only_scaling,6,0.125873,0.021695,0.196759,0.037856,0.363426,0.044918,0.152778,0.032788,0.226852,0.03999,0.233796,0.039652,0.208333,0.041247,0.268519,0.04215,0.18287,0.033048,0.331019,0.044057,0.412037,0.045217,0.439815,0.034376,0.208333,0.042247,0.277778,0.049631,0.118056,0.0368,0.178241,0.038944,0.0,0.0,0.089576,0.020806,0.225667,0.043263,0.194352,0.019421,72
0.16,model_only_scaling,7,0.113554,0.024337,0.178241,0.034991,0.326389,0.051056,0.173611,0.034456,0.219907,0.032836,0.231481,0.038528,0.233796,0.039122,0.212963,0.039947,0.175926,0.033505,0.386574,0.04326,0.430556,0.049102,0.37037,0.054145,0.189815,0.038932,0.256944,0.038735,0.113426,0.027281,0.18287,0.042938,0.0,0.0,0.079854,0.021413,0.208366,0.039659,0.203935,0.019229,72
0.16,model_only_scaling,8,0.132813,0.024403,0.19213,0.036926,0.340278,0.046789,0.152778,0.037537,0.224537,0.044372,0.238426,0.042284,0.219907,0.04326,0.256944,0.041341,0.175926,0.040294,0.381944,0.048541,0.384259,0.046432,0.37963,0.042968,0.19213,0.032086,0.275463,0.046665,0.081019,0.027408,0.168981,0.041621,0.0,0.0,0.096899,0.022823,0.208211,0.035863,0.19625,0.020257,72
0.16,model_only_scaling,9,0.13266,0.021879,0.199074,0.04068,0.337963,0.043331,0.175926,0.038708,0.196759,0.037856,0.268519,0.042643,0.219907,0.038131,0.247685,0.042367,0.168981,0.03509,0.365741,0.048196,0.460648,0.045913,0.425926,0.048304,0.206019,0.033879,0.321759,0.043501,0.111111,0.02961,0.196759,0.040001,0.0,0.0,0.09327,0.021721,0.211433,0.037697,0.200046,0.021193,72
0.16,oracle_exception_selector,0,0.60431,0.039731,0.608796,0.045303,0.173611,0.034456,0.020833,0.014357,0.00463,0.006371,0.659722,0.037363,0.0625,0.01985,0.00463,0.006371,0.175926,0.035325,0.421296,0.04381,0.194444,0.03539,0.268519,0.04215,0.643519,0.04537,0.048611,0.021852,0.016204,0.013178,0.053241,0.023141,0.0,0.0,0.675662,0.040779,0.717963,0.043203,0.028796,0.008786,72
0.16,oracle_exception_selector,1,0.602068,0.039232,0.694444,0.04237,0.145833,0.034152,0.023148,0.013407,0.002315,0.004537,0.627315,0.045457,0.069444,0.024815,0.002315,0.004537,0.203704,0.040979,0.412037,0.050453,0.178241,0.038404,0.277778,0.046143,0.701389,0.041341,0.053241,0.020254,0.018519,0.012184,0.034722,0.017019,0.0,0.0,0.683454,0.039561,0.774722,0.038989,0.031204,0.008393,72
0.16,oracle_exception_selector,2,0.592193,0.040311,0.650463,0.046216,0.148148,0.032664,0.020833,0.012821,0.002315,0.004537,0.634259,0.044126,0.071759,0.026505,0.00463,0.006371,0.215278,0.043554,0.44213,0.047551,0.178241,0.037301,0.31713,0.048851,0.638889,0.046143,0.055556,0.022383,0.023148,0.013407,0.034722,0.015744,0.0,0.0,0.656994,0.042738,0.708875,0.04262,0.031157,0.010355,72
0.16,oracle_exception_selector,3,0.621784,0.041686,0.69213,0.040175,0.159722,0.035057,0.023148,0.013407,0.002315,0.004537,0.606481,0.045828,0.074074,0.02408,0.009259,0.010982,0.226852,0.03557,0.402778,0.03917,0.148148,0.035127,0.280093,0.049558,0.666667,0.047039,0.06713,0.025569,0.025463,0.013948,0.037037,0.016117,0.0,0.0,0.688479,0.041105,0.741111,0.045108,0.033287,0.008916,72
0.16,oracle_exception_selector,4,0.621162,0.043647,0.696759,0.048061,0.166667,0.037676,0.020833,0.012821,0.006944,0.007747,0.594907,0.048277,0.069444,0.024815,0.009259,0.010982,0.180556,0.034037,0.409722,0.043314,0.150463,0.036068,0.335648,0.048993,0.641204,0.046441,0.074074,0.024932,0.018519,0.013791,0.05787,0.023439,0.0,0.0,0.678658,0.043848,0.715648,0.044311,0.031759,0.009072,72
0.16,oracle_exception_selector,5,0.585988,0.041675,0.712963,0.043451,0.171296,0.036535,0.020833,0.012821,0.002315,0.004537,0.601852,0.045024,0.081019,0.02584,0.00463,0.006371,0.19213,0.036356,0.393519,0.048052,0.159722,0.033223,0.298611,0.040319,0.643519,0.051002,0.0625,0.022787,0.018519,0.012184,0.069444,0.023072,0.0,0.0,0.65976,0.043724,0.717588,0.049075,0.033935,0.010262,72
0.16,oracle_exception_selector,6,0.604861,0.040641,0.689815,0.045828,0.18287,0.031759,0.023148,0.013407,0.0,0.0,0.645833,0.047454,0.060185,0.020742,0.006944,0.007747,0.1875,0.030945,0.423611,0.044737,0.159722,0.038464,0.305556,0.045689,0.627315,0.048993,0.078704,0.021403,0.030093,0.016252,0.053241,0.023141,0.0,0.0,0.663499,0.040207,0.700648,0.046453,0.028472,0.007597,72
0.16,oracle_exception_selector,7,0.593863,0.040731,0.678241,0.040001,0.162037,0.026619,0.032407,0.015343,0.002315,0.004537,0.673611,0.048969,0.06713,0.02299,0.00463,0.006371,0.166667,0.032947,0.388889,0.050465,0.173611,0.029917,0.300926,0.040164,0.659722,0.048109,0.076389,0.028118,0.030093,0.017489,0.060185,0.022666,0.0,0.0,0.664463,0.040543,0.732868,0.045774,0.03463,0.010248,72
0.16,oracle_exception_selector,8,0.588833,0.033929,0.706019,0.045457,0.162037,0.032289,0.013889,0.010715,0.006944,0.007747,0.655093,0.04674,0.083333,0.026641,0.0,0.0,0.199074,0.032717,0.358796,0.042202,0.194444,0.03539,0.289352,0.039827,0.625,0.048675,0.050926,0.02006,0.011574,0.009855,0.041667,0.019113,0.0,0.0,0.657445,0.037062,0.697222,0.045651,0.032083,0.009416,72
0.16,oracle_exception_selector,9,0.612543,0.039139,0.645833,0.043314,0.145833,0.032907,0.013889,0.010715,0.002315,0.004537,0.680556,0.043224,0.06713,0.024739,0.00463,0.006371,0.178241,0.036737,0.393519,0.043008,0.148148,0.029999,0.266204,0.043661,0.643519,0.043491,0.053241,0.019196,0.018519,0.013791,0.055556,0.02143,0.0,0.0,0.681658,0.03845,0.720185,0.042151,0.026852,0.008131,72
0.16,proposed_embodied_scale_exception_audit_v4,0,0.427205,0.039759,0.55787,0.048851,0.217593,0.033349,0.064815,0.022895,0.06713,0.025569,0.541667,0.04603,0.122685,0.035971,0.064815,0.024651,0.168981,0.038494,0.303241,0.045838,0.263889,0.041247,0.261574,0.041285,0.530093,0.042037,0.106481,0.029824,0.053241,0.02126,0.104167,0.02921,0.0,0.0,0.466658,0.041566,0.604155,0.042251,0.082593,0.014654,72
0.16,proposed_embodied_scale_exception_audit_v4,1,0.40943,0.04318,0.576389,0.048325,0.212963,0.039947,0.085648,0.026635,0.060185,0.023569,0.511574,0.044918,0.12963,0.033712,0.064815,0.023789,0.222222,0.040865,0.331019,0.044529,0.291667,0.042738,0.25,0.045689,0.541667,0.045574,0.104167,0.024551,0.034722,0.018204,0.081019,0.02417,0.0,0.0,0.444775,0.045903,0.607257,0.047933,0.092176,0.018085,72
0.16,proposed_embodied_scale_exception_audit_v4,2,0.412746,0.036477,0.523148,0.05141,0.18287,0.037207,0.087963,0.025823,0.05787,0.023439,0.506944,0.043072,0.101852,0.029295,0.050926,0.022043,0.199074,0.033349,0.349537,0.045303,0.238426,0.040261,0.25463,0.037661,0.527778,0.045689,0.118056,0.033845,0.034722,0.019317,0.090278,0.026592,0.0,0.0,0.447251,0.038339,0.594569,0.045218,0.083009,0.015931,72
0.16,proposed_embodied_scale_exception_audit_v4,3,0.392157,0.039858,0.539352,0.049838,0.240741,0.038708,0.06713,0.02299,0.06713,0.025569,0.523148,0.042026,0.131944,0.033535,0.076389,0.020369,0.194444,0.033574,0.303241,0.043019,0.282407,0.04317,0.256944,0.039798,0.506944,0.044031,0.099537,0.032086,0.053241,0.020254,0.113426,0.030187,0.0,0.0,0.42704,0.042012,0.579771,0.043409,0.0875,0.013607,72
0.16,proposed_embodied_scale_exception_audit_v4,4,0.435931,0.043723,0.541667,0.04781,0.212963,0.042968,0.039352,0.017687,0.064815,0.021964,0.50463,0.047469,0.12963,0.031137,0.064815,0.02629,0.173611,0.037918,0.31713,0.047551,0.219907,0.042775,0.217593,0.039111,0.5625,0.048109,0.125,0.032788,0.048611,0.01985,0.087963,0.026619,0.0,0.0,0.481709,0.046843,0.637514,0.046679,0.073565,0.013319,72
0.16,proposed_embodied_scale_exception_audit_v4,5,0.410133,0.041572,0.527778,0.049631,0.203704,0.037242,0.092593,0.025756,0.076389,0.028118,0.488426,0.041032,0.108796,0.026766,0.06713,0.021096,0.178241,0.034389,0.326389,0.044969,0.226852,0.041021,0.261574,0.036452,0.55787,0.049698,0.12037,0.029056,0.048611,0.020875,0.081019,0.025019,0.0,0.0,0.447574,0.043386,0.629634,0.049373,0.091991,0.015072,72
0.16,proposed_embodied_scale_exception_audit_v4,6,0.404217,0.037862,0.571759,0.042284,0.219907,0.039211,0.05787,0.021585,0.046296,0.020658,0.560185,0.048052,0.118056,0.02921,0.074074,0.025756,0.1875,0.032907,0.300926,0.044597,0.259259,0.045178,0.266204,0.043661,0.502315,0.050255,0.113426,0.032836,0.039352,0.017687,0.074074,0.02408,0.0,0.0,0.445104,0.040201,0.576877,0.051442,0.075463,0.01378,72
0.16,proposed_embodied_scale_exception_audit_v4,7,0.418075,0.030938,0.560185,0.038392,0.208333,0.035243,0.090278,0.029566,0.053241,0.020254,0.534722,0.043314,0.083333,0.026641,0.064815,0.022895,0.178241,0.031869,0.324074,0.046093,0.259259,0.040808,0.247685,0.041369,0.520833,0.03927,0.131944,0.035939,0.060185,0.025278,0.087963,0.027392,0.0,0.0,0.460114,0.032897,0.594396,0.039936,0.078981,0.01497,72
0.16,proposed_embodied_scale_exception_audit_v4,8,0.396673,0.039129,0.578704,0.046581,0.222222,0.038768,0.076389,0.024973,0.06713,0.02299,0.520833,0.05442,0.141204,0.031429,0.037037,0.017364,0.201389,0.037641,0.293981,0.044995,0.240741,0.04377,0.229167,0.037363,0.50463,0.045217,0.094907,0.027281,0.053241,0.019196,0.069444,0.023959,0.0,0.0,0.429732,0.040061,0.575331,0.045383,0.090231,0.015737,72
0.16,proposed_embodied_scale_exception_audit_v4,9,0.406992,0.036726,0.511574,0.043019,0.236111,0.038633,0.064815,0.022895,0.0625,0.025387,0.513889,0.043704,0.12037,0.031137,0.085648,0.025019,0.180556,0.03583,0.291667,0.049945,0.243056,0.040319,0.280093,0.045149,0.523148,0.03999,0.113426,0.027281,0.039352,0.017687,0.106481,0.03314,0.0,0.0,0.442537,0.039128,0.596398,0.041958,0.083148,0.0154,72
0.16,retrieval_augmented_nearest_failure,0,0.257514,0.028774,0.4375,0.045431,0.270833,0.035057,0.12963,0.033712,0.104167,0.029917,0.416667,0.039831,0.143519,0.033764,0.175926,0.032235,0.189815,0.03557,0.261574,0.038131,0.335648,0.046366,0.277778,0.04523,0.409722,0.048755,0.185185,0.036867,0.074074,0.023197,0.125,0.036977,0.0,0.0,0.260509,0.032082,0.455361,0.050367,0.133843,0.020228,72
0.16,retrieval_augmented_nearest_failure,1,0.260427,0.037212,0.435185,0.045024,0.273148,0.039465,0.101852,0.030687,0.108796,0.025158,0.381944,0.045888,0.134259,0.031415,0.115741,0.035177,0.1875,0.032907,0.273148,0.043968,0.340278,0.048109,0.270833,0.041593,0.430556,0.04603,0.150463,0.036642,0.074074,0.025756,0.125,0.032788,0.0,0.0,0.270715,0.039048,0.495819,0.047303,0.114213,0.016016,72
0.16,retrieval_augmented_nearest_failure,2,0.253584,0.030921,0.439815,0.038932,0.296296,0.045332,0.122685,0.030983,0.108796,0.031759,0.398148,0.040638,0.180556,0.03583,0.143519,0.037289,0.231481,0.037982,0.259259,0.045178,0.340278,0.041593,0.282407,0.038028,0.428241,0.045149,0.203704,0.041985,0.064815,0.022895,0.118056,0.029917,0.0,0.0,0.25371,0.032567,0.475741,0.046968,0.13963,0.01838,72
0.16,retrieval_augmented_nearest_failure,3,0.257148,0.029083,0.368056,0.047454,0.275463,0.046665,0.085648,0.027408,0.101852,0.027833,0.398148,0.052315,0.155093,0.036164,0.127315,0.029955,0.189815,0.034376,0.273148,0.042026,0.368056,0.049182,0.280093,0.042775,0.416667,0.04523,0.168981,0.03626,0.097222,0.024815,0.127315,0.029955,0.0,0.0,0.259961,0.030985,0.478979,0.045059,0.113565,0.016798,72
0.16,retrieval_augmented_nearest_failure,4,0.266006,0.034503,0.449074,0.046432,0.296296,0.047138,0.099537,0.033362,0.108796,0.029722,0.388889,0.039831,0.164352,0.031318,0.125,0.032788,0.171296,0.034173,0.266204,0.032086,0.270833,0.039003,0.219907,0.038131,0.414352,0.05209,0.175926,0.034122,0.053241,0.02222,0.150463,0.036642,0.0,0.0,0.274163,0.037757,0.467755,0.052914,0.123194,0.018913,72
0.16,retrieval_augmented_nearest_failure,5,0.256603,0.033092,0.418981,0.047916,0.259259,0.045178,0.097222,0.030134,0.122685,0.028159,0.425926,0.050419,0.159722,0.031281,0.118056,0.032588,0.208333,0.032788,0.282407,0.04068,0.333333,0.04286,0.236111,0.03917,0.412037,0.046581,0.150463,0.031759,0.087963,0.026619,0.115741,0.026356,0.0,0.0,0.262568,0.034746,0.466613,0.046861,0.122639,0.018327,72
0.16,retrieval_augmented_nearest_failure,6,0.271934,0.037504,0.435185,0.042643,0.289352,0.039827,0.101852,0.027073,0.108796,0.028283,0.407407,0.053238,0.175926,0.036487,0.141204,0.032086,0.180556,0.032145,0.284722,0.039003,0.314815,0.040638,0.261574,0.032194,0.476852,0.048484,0.162037,0.032929,0.083333,0.027413,0.138889,0.034796,0.0,0.0,0.283636,0.039756,0.535692,0.050364,0.129259,0.016993,72
0.16,retrieval_augmented_nearest_failure,7,0.274838,0.033216,0.416667,0.054444,0.289352,0.04659,0.097222,0.027979,0.125,0.031489,0.393519,0.047615,0.162037,0.035959,0.141204,0.035189,0.206019,0.03626,0.293981,0.047258,0.289352,0.038222,0.289352,0.04659,0.458333,0.04175,0.185185,0.037429,0.055556,0.019384,0.118056,0.033223,0.0,0.0,0.278618,0.033624,0.515583,0.040499,0.126065,0.017229,72
0.16,retrieval_augmented_nearest_failure,8,0.293218,0.036618,0.446759,0.047843,0.300926,0.042684,0.118056,0.035057,0.118056,0.032588,0.391204,0.044372,0.157407,0.032235,0.141204,0.039122,0.1875,0.034152,0.296296,0.039421,0.243056,0.042339,0.303241,0.04674,0.453704,0.039947,0.157407,0.034729,0.06713,0.024739,0.125,0.029433,0.0,0.0,0.297014,0.040121,0.504891,0.042106,0.132176,0.018979,72
0.16,retrieval_augmented_nearest_failure,9,0.279382,0.035526,0.381944,0.052268,0.263889,0.036408,0.108796,0.025974,0.122685,0.029605,0.405093,0.044215,0.131944,0.029566,0.164352,0.03509,0.173611,0.037918,0.321759,0.045838,0.305556,0.041373,0.229167,0.035647,0.425926,0.048735,0.180556,0.036408,0.0625,0.022787,0.12963,0.030459,0.0,0.0,0.286667,0.036453,0.487252,0.049948,0.123796,0.01555,72
0.16,risk_sensitive_cvar_policy,0,0.253353,0.032066,0.4375,0.042585,0.280093,0.039739,0.060185,0.021726,0.099537,0.027153,0.439815,0.04673,0.12037,0.029056,0.106481,0.029116,0.224537,0.034891,0.247685,0.034186,0.263889,0.045114,0.252315,0.040348,0.37037,0.044869,0.166667,0.03539,0.085648,0.026635,0.085648,0.02417,0.0,0.0,0.265286,0.031916,0.442009,0.044005,0.089954,0.014645,72
0.16,risk_sensitive_cvar_policy,1,0.251134,0.031424,0.430556,0.049945,0.296296,0.045332,0.081019,0.02417,0.113426,0.030187,0.412037,0.04877,0.136574,0.036164,0.113426,0.03087,0.18287,0.033673,0.243056,0.039798,0.303241,0.037301,0.238426,0.036452,0.375,0.051993,0.189815,0.034376,0.071759,0.024026,0.083333,0.025025,0.0,0.0,0.258787,0.033225,0.443576,0.050974,0.106759,0.015448,72
0.16,risk_sensitive_cvar_policy,2,0.245298,0.03174,0.409722,0.040833,0.25463,0.040337,0.113426,0.034691,0.078704,0.026619,0.483796,0.050116,0.134259,0.029354,0.090278,0.026592,0.247685,0.039827,0.212963,0.037799,0.266204,0.045072,0.212963,0.040979,0.386574,0.04374,0.171296,0.034173,0.076389,0.021369,0.092593,0.029531,0.0,0.0,0.253665,0.034219,0.44665,0.043597,0.111111,0.018217,72
0.16,risk_sensitive_cvar_policy,3,0.230878,0.030936,0.37037,0.047579,0.314815,0.040121,0.108796,0.029722,0.069444,0.025643,0.444444,0.043344,0.148148,0.036296,0.087963,0.025002,0.233796,0.040691,0.256944,0.043314,0.303241,0.043978,0.25,0.040351,0.400463,0.054314,0.180556,0.037537,0.05787,0.021585,0.134259,0.033349,0.0,0.0,0.237089,0.031561,0.464852,0.054774,0.111435,0.016632,72
0.16,risk_sensitive_cvar_policy,4,0.212004,0.026895,0.384259,0.044597,0.268519,0.043611,0.078704,0.026619,0.111111,0.028164,0.430556,0.044179,0.134259,0.035177,0.125,0.032145,0.240741,0.038708,0.25,0.037676,0.268519,0.033918,0.25463,0.038753,0.340278,0.041088,0.152778,0.029433,0.078704,0.023272,0.115741,0.029354,0.0,0.0,0.213317,0.02642,0.407354,0.041713,0.105833,0.016163,72
0.16,risk_sensitive_cvar_policy,5,0.226773,0.03156,0.388889,0.049631,0.268519,0.040121,0.094907,0.029487,0.085648,0.026635,0.472222,0.050877,0.189815,0.036725,0.127315,0.03568,0.247685,0.043341,0.24537,0.040337,0.337963,0.040337,0.275463,0.037207,0.391204,0.040947,0.157407,0.035325,0.074074,0.025756,0.12037,0.026814,0.0,0.0,0.229594,0.03355,0.448079,0.043358,0.124954,0.018177,72
0.16,risk_sensitive_cvar_policy,6,0.247497,0.031901,0.418981,0.039299,0.300926,0.038028,0.085648,0.028159,0.099537,0.033362,0.381944,0.046789,0.152778,0.032788,0.113426,0.029487,0.224537,0.039388,0.203704,0.040979,0.3125,0.041341,0.217593,0.04068,0.418981,0.04614,0.173611,0.037363,0.05787,0.023439,0.101852,0.027833,0.0,0.0,0.257085,0.033383,0.481447,0.04545,0.111065,0.015308,72
0.16,risk_sensitive_cvar_policy,7,0.237469,0.026436,0.391204,0.038854,0.303241,0.042037,0.076389,0.025795,0.101852,0.02629,0.446759,0.046065,0.138889,0.02961,0.118056,0.029917,0.259259,0.040294,0.203704,0.036678,0.344907,0.043501,0.217593,0.033969,0.418981,0.043341,0.180556,0.030819,0.081019,0.029605,0.085648,0.028159,0.0,0.0,0.247911,0.027586,0.488919,0.042832,0.103889,0.014891,72
0.16,risk_sensitive_cvar_policy,8,0.251474,0.03102,0.37037,0.041485,0.310185,0.042026,0.106481,0.02839,0.090278,0.027366,0.4375,0.044031,0.162037,0.036535,0.118056,0.030606,0.222222,0.037676,0.284722,0.039535,0.344907,0.047624,0.243056,0.044737,0.354167,0.040319,0.152778,0.035243,0.053241,0.02222,0.111111,0.031654,0.0,0.0,0.249378,0.032719,0.415368,0.040098,0.121389,0.017919,72
0.16,risk_sensitive_cvar_policy,9,0.247719,0.036661,0.400463,0.048636,0.303241,0.041032,0.085648,0.028891,0.108796,0.029722,0.462963,0.046693,0.127315,0.030644,0.101852,0.032018,0.240741,0.039244,0.259259,0.037614,0.354167,0.047454,0.240741,0.041317,0.393519,0.047175,0.178241,0.037856,0.055556,0.019384,0.078704,0.024152,0.0,0.0,0.256656,0.039582,0.458331,0.048333,0.103935,0.016922,72
0.16,small_behavior_clone,0,0.083619,0.020681,0.1875,0.036515,0.37037,0.050557,0.189815,0.038932,0.175926,0.034729,0.215278,0.040059,0.238426,0.04374,0.210648,0.040348,0.155093,0.034991,0.092593,0.025756,0.439815,0.047615,0.166667,0.031654,0.168981,0.038494,0.178241,0.033153,0.131944,0.034152,0.185185,0.036867,0.0,0.0,0.056595,0.018951,0.180292,0.040475,0.203981,0.023414,72
0.16,small_behavior_clone,1,0.081406,0.018321,0.19213,0.033982,0.391204,0.048851,0.18287,0.035484,0.148148,0.037982,0.229167,0.040059,0.247685,0.040348,0.19213,0.03804,0.199074,0.035177,0.104167,0.026982,0.377315,0.051688,0.115741,0.031415,0.159722,0.034456,0.203704,0.038347,0.125,0.034645,0.199074,0.038573,0.0,0.0,0.058722,0.016314,0.180648,0.037923,0.196991,0.019885,72
0.16,small_behavior_clone,2,0.06121,0.016281,0.206019,0.040088,0.395833,0.039535,0.159722,0.033223,0.143519,0.033764,0.217593,0.04068,0.256944,0.043314,0.168981,0.037948,0.148148,0.033918,0.097222,0.027979,0.356481,0.044441,0.122685,0.030302,0.143519,0.027645,0.150463,0.033673,0.094907,0.029487,0.185185,0.033918,0.0,0.0,0.045843,0.014133,0.165775,0.029818,0.186898,0.022575,72
0.16,small_behavior_clone,3,0.080905,0.020121,0.203704,0.040979,0.405093,0.044215,0.164352,0.031318,0.157407,0.037055,0.24537,0.033557,0.270833,0.040577,0.203704,0.041485,0.148148,0.034528,0.111111,0.032307,0.375,0.043224,0.148148,0.036296,0.194444,0.047039,0.175926,0.037055,0.104167,0.030606,0.18287,0.033048,0.0,0.0,0.059719,0.018682,0.212574,0.048926,0.198981,0.019909,72
0.16,small_behavior_clone,4,0.083154,0.020832,0.185185,0.037429,0.340278,0.044503,0.180556,0.032145,0.199074,0.036344,0.240741,0.038165,0.240741,0.039772,0.178241,0.037301,0.1875,0.034152,0.083333,0.027413,0.358796,0.046441,0.138889,0.033574,0.178241,0.038944,0.19213,0.035189,0.12963,0.03245,0.175926,0.035325,0.0,0.0,0.060728,0.019216,0.189421,0.038153,0.201713,0.019221,72
0.16,small_behavior_clone,5,0.057942,0.0173,0.226852,0.03314,0.368056,0.043793,0.19213,0.040691,0.122685,0.028159,0.185185,0.036867,0.266204,0.045072,0.152778,0.032145,0.150463,0.031095,0.090278,0.028851,0.340278,0.0368,0.171296,0.040337,0.173611,0.036228,0.157407,0.033505,0.12037,0.03245,0.175926,0.034122,0.0,0.0,0.042854,0.014285,0.191421,0.038886,0.197917,0.024373,72
0.16,small_behavior_clone,6,0.070565,0.017255,0.203704,0.039947,0.361111,0.037118,0.19213,0.039122,0.168981,0.041116,0.208333,0.040222,0.25,0.039303,0.173611,0.033845,0.203704,0.034326,0.094907,0.02877,0.347222,0.043224,0.143519,0.034376,0.166667,0.035975,0.212963,0.037242,0.094907,0.027281,0.189815,0.037289,0.0,0.0,0.04744,0.014854,0.181519,0.037064,0.203472,0.023102,72
0.16,small_behavior_clone,7,0.06644,0.015873,0.212963,0.039947,0.365741,0.044597,0.178241,0.037856,0.148148,0.032018,0.240741,0.041317,0.219907,0.04326,0.196759,0.038404,0.131944,0.031613,0.106481,0.026879,0.361111,0.05005,0.171296,0.034779,0.18287,0.034891,0.199074,0.039111,0.12963,0.034326,0.19213,0.034591,0.0,0.0,0.051175,0.015712,0.203604,0.038643,0.187176,0.023281,72
0.16,small_behavior_clone,8,0.085807,0.018481,0.199074,0.038573,0.349537,0.046665,0.18287,0.035484,0.143519,0.030516,0.24537,0.045217,0.247685,0.048349,0.194444,0.036551,0.196759,0.04052,0.094907,0.025705,0.372685,0.044057,0.159722,0.0368,0.231481,0.035717,0.189815,0.037845,0.145833,0.034152,0.185185,0.037982,0.0,0.0,0.067579,0.017462,0.237243,0.039825,0.196389,0.023863,72
0.16,small_behavior_clone,9,0.080543,0.017762,0.199074,0.04119,0.361111,0.050877,0.178241,0.034991,0.173611,0.042585,0.25463,0.041359,0.194444,0.039831,0.178241,0.038404,0.138889,0.03539,0.097222,0.029433,0.365741,0.039641,0.108796,0.029011,0.175926,0.038165,0.212963,0.040466,0.136574,0.033777,0.210648,0.040862,0.0,0.0,0.063805,0.01772,0.198623,0.039488,0.182269,0.021734,72
0.2,boundary_aware_scale_exception_audit_v5,0,0.482004,0.035694,0.645833,0.041843,0.201389,0.040319,0.053241,0.020254,0.032407,0.017858,0.585648,0.044762,0.087963,0.021403,0.032407,0.015343,0.273148,0.043008,0.275463,0.041954,0.222222,0.047481,0.263889,0.038633,0.643519,0.044908,0.085648,0.025019,0.030093,0.014912,0.060185,0.020742,0.0,0.0,0.549956,0.037721,0.715616,0.041767,0.057824,0.011289,72
0.2,boundary_aware_scale_exception_audit_v5,1,0.468375,0.047401,0.597222,0.043224,0.210648,0.039299,0.039352,0.016465,0.018519,0.012184,0.62963,0.046693,0.083333,0.024176,0.025463,0.015372,0.19213,0.040175,0.331019,0.044057,0.1875,0.040319,0.224537,0.037207,0.590278,0.050439,0.101852,0.027833,0.046296,0.020658,0.069444,0.021185,0.0,0.0,0.532577,0.048955,0.665833,0.048633,0.047407,0.010476,72
0.2,boundary_aware_scale_exception_audit_v5,2,0.501097,0.039779,0.634259,0.04317,0.168981,0.033258,0.034722,0.018204,0.039352,0.01883,0.555556,0.044766,0.060185,0.020742,0.023148,0.013407,0.231481,0.035717,0.289352,0.042856,0.196759,0.036164,0.201389,0.04566,0.659722,0.038464,0.094907,0.02877,0.020833,0.012821,0.078704,0.028876,0.0,0.0,0.576967,0.040437,0.736389,0.037021,0.042037,0.01003,72
0.2,boundary_aware_scale_exception_audit_v5,3,0.480553,0.041448,0.657407,0.045178,0.189815,0.043008,0.053241,0.020254,0.023148,0.013407,0.56713,0.048636,0.101852,0.03136,0.025463,0.013948,0.25,0.038226,0.270833,0.042092,0.178241,0.04052,0.201389,0.034758,0.594907,0.053993,0.0625,0.018769,0.034722,0.018204,0.060185,0.020742,0.0,0.0,0.545008,0.044995,0.665255,0.050677,0.05963,0.014102,72
0.2,boundary_aware_scale_exception_audit_v5,4,0.492776,0.038606,0.652778,0.039699,0.189815,0.036152,0.041667,0.019113,0.023148,0.013407,0.569444,0.044179,0.099537,0.030071,0.032407,0.015343,0.229167,0.037363,0.358796,0.045533,0.194444,0.038768,0.231481,0.033918,0.597222,0.047371,0.076389,0.028851,0.023148,0.013407,0.078704,0.028144,0.0,0.0,0.553658,0.039791,0.672028,0.045575,0.054769,0.012858,72
0.2,boundary_aware_scale_exception_audit_v5,5,0.515892,0.045264,0.627315,0.05229,0.18287,0.038313,0.039352,0.017687,0.020833,0.014357,0.576389,0.046566,0.085648,0.026635,0.030093,0.014912,0.178241,0.043978,0.3125,0.043793,0.189815,0.038392,0.270833,0.034456,0.641204,0.046888,0.104167,0.031941,0.020833,0.012821,0.06713,0.020082,0.0,0.0,0.580807,0.047163,0.713787,0.044791,0.048981,0.01183,72
0.2,boundary_aware_scale_exception_audit_v5,6,0.476095,0.045265,0.638889,0.046594,0.194444,0.034796,0.041667,0.020176,0.027778,0.015827,0.581019,0.045226,0.085648,0.02584,0.018519,0.013791,0.201389,0.038735,0.298611,0.044737,0.201389,0.03927,0.236111,0.034645,0.606481,0.052216,0.097222,0.028715,0.025463,0.016674,0.076389,0.023241,0.0,0.0,0.542497,0.047882,0.68185,0.050572,0.050046,0.011973,72
0.2,boundary_aware_scale_exception_audit_v5,7,0.481255,0.0353,0.597222,0.051993,0.180556,0.033418,0.039352,0.017687,0.048611,0.018769,0.571759,0.042775,0.097222,0.033418,0.020833,0.014357,0.19213,0.039122,0.333333,0.044766,0.1875,0.040319,0.229167,0.041088,0.618056,0.045431,0.081019,0.025019,0.023148,0.013407,0.071759,0.028035,0.0,0.0,0.54783,0.039987,0.690063,0.04258,0.056528,0.013554,72
0.2,boundary_aware_scale_exception_audit_v5,8,0.527056,0.041953,0.650463,0.042938,0.166667,0.03419,0.032407,0.015343,0.020833,0.012821,0.564815,0.044558,0.071759,0.026505,0.041667,0.016787,0.222222,0.039303,0.314815,0.045485,0.155093,0.036164,0.219907,0.041285,0.631944,0.045201,0.06713,0.02299,0.032407,0.016648,0.069444,0.022148,0.0,0.0,0.597876,0.042366,0.7075,0.043408,0.043056,0.009472,72
0.2,boundary_aware_scale_exception_audit_v5,9,0.516208,0.043082,0.643519,0.044908,0.166667,0.032947,0.048611,0.020875,0.020833,0.012821,0.587963,0.045217,0.078704,0.025002,0.032407,0.015343,0.201389,0.03927,0.3125,0.043314,0.215278,0.041088,0.240741,0.041317,0.641204,0.048205,0.083333,0.022383,0.025463,0.013948,0.064815,0.024651,0.0,0.0,0.586424,0.043868,0.716259,0.046517,0.051019,0.012341,72
0.2,compute_balanced_scaling,0,0.150001,0.023367,0.289352,0.042367,0.337963,0.043331,0.208333,0.036408,0.226852,0.043491,0.331019,0.043099,0.25,0.039831,0.229167,0.043072,0.180556,0.034645,0.344907,0.047624,0.388889,0.040351,0.391204,0.048851,0.261574,0.04326,0.263889,0.041247,0.092593,0.025756,0.171296,0.030969,0.0,0.0,0.113682,0.022082,0.28247,0.048749,0.22625,0.023273,72
0.2,compute_balanced_scaling,1,0.162608,0.029239,0.289352,0.034791,0.347222,0.044179,0.199074,0.038573,0.19213,0.039122,0.25463,0.040851,0.215278,0.037363,0.196759,0.036164,0.166667,0.031654,0.340278,0.042092,0.456019,0.045686,0.372685,0.040088,0.238426,0.045609,0.256944,0.046566,0.078704,0.022357,0.185185,0.038528,0.0,0.0,0.128471,0.028366,0.278009,0.047444,0.202454,0.020056,72
0.2,compute_balanced_scaling,2,0.166078,0.026575,0.238426,0.03758,0.342593,0.04787,0.134259,0.032717,0.210648,0.039827,0.238426,0.034084,0.180556,0.03583,0.224537,0.035484,0.164352,0.033879,0.391204,0.047551,0.377315,0.04614,0.418981,0.049205,0.252315,0.040862,0.238426,0.038675,0.090278,0.028118,0.168981,0.03509,0.0,0.0,0.13456,0.025969,0.309995,0.042516,0.170926,0.020414,72
0.2,compute_balanced_scaling,3,0.160813,0.020632,0.273148,0.038932,0.328704,0.049197,0.162037,0.036535,0.185185,0.040121,0.293981,0.041621,0.215278,0.041088,0.226852,0.038932,0.141204,0.026373,0.375,0.045574,0.388889,0.041874,0.375,0.042738,0.273148,0.038932,0.293981,0.039564,0.092593,0.024932,0.145833,0.034758,0.0,0.0,0.130761,0.020559,0.311875,0.0408,0.188657,0.020642,72
0.2,compute_balanced_scaling,4,0.15007,0.021773,0.291667,0.045574,0.337963,0.04834,0.178241,0.041537,0.208333,0.034037,0.310185,0.041527,0.233796,0.033982,0.212963,0.040979,0.168981,0.039033,0.358796,0.050324,0.409722,0.047012,0.414352,0.044762,0.259259,0.038708,0.268519,0.037429,0.113426,0.032836,0.175926,0.037614,0.0,0.0,0.119181,0.021773,0.30309,0.041566,0.203796,0.020321,72
0.2,compute_balanced_scaling,5,0.151676,0.029666,0.252315,0.039299,0.377315,0.041871,0.143519,0.034978,0.208333,0.036408,0.296296,0.039947,0.210648,0.040348,0.196759,0.04052,0.166667,0.03539,0.37037,0.049302,0.444444,0.046143,0.423611,0.046566,0.268519,0.041652,0.238426,0.035874,0.104167,0.028487,0.171296,0.032929,0.0,0.0,0.121381,0.02841,0.312106,0.041483,0.180648,0.021298,72
0.2,compute_balanced_scaling,6,0.166824,0.023554,0.240741,0.041317,0.287037,0.041985,0.173611,0.037918,0.166667,0.039303,0.300926,0.046879,0.224537,0.045303,0.238426,0.039739,0.171296,0.032929,0.388889,0.049631,0.405093,0.045609,0.425926,0.050419,0.268519,0.038528,0.229167,0.042585,0.106481,0.027645,0.150463,0.03241,0.0,0.0,0.133801,0.024381,0.308532,0.040047,0.19412,0.020209,72
0.2,compute_balanced_scaling,7,0.163358,0.027399,0.289352,0.044762,0.347222,0.049102,0.131944,0.030945,0.203704,0.037242,0.324074,0.044714,0.217593,0.041694,0.217593,0.039111,0.131944,0.038735,0.402778,0.048244,0.476852,0.048052,0.435185,0.043611,0.275463,0.043421,0.282407,0.040164,0.099537,0.028649,0.175926,0.038165,0.0,0.0,0.136401,0.026872,0.326002,0.045209,0.17912,0.019183,72
0.2,compute_balanced_scaling,8,0.17073,0.02379,0.280093,0.042775,0.342593,0.044245,0.164352,0.03568,0.178241,0.035582,0.273148,0.047615,0.25463,0.042846,0.203704,0.0318,0.171296,0.032289,0.351852,0.044087,0.358796,0.043661,0.400463,0.047331,0.273148,0.043008,0.266204,0.046441,0.083333,0.026641,0.125,0.033418,0.0,0.0,0.138546,0.024515,0.318245,0.044234,0.19787,0.018782,72
0.2,compute_balanced_scaling,9,0.16881,0.024294,0.263889,0.042247,0.342593,0.045178,0.150463,0.034891,0.203704,0.037799,0.273148,0.044441,0.238426,0.039211,0.215278,0.037363,0.18287,0.034891,0.337963,0.043331,0.405093,0.057002,0.391204,0.045762,0.240741,0.037614,0.25,0.040865,0.094907,0.025705,0.175926,0.035911,0.0,0.0,0.133684,0.024377,0.282843,0.04023,0.192917,0.019609,72
0.2,conformal_risk_filter,0,0.253484,0.033372,0.402778,0.049102,0.273148,0.041527,0.085648,0.030302,0.085648,0.025019,0.414352,0.045226,0.155093,0.029839,0.106481,0.031193,0.194444,0.038226,0.247685,0.042367,0.277778,0.043823,0.215278,0.038464,0.386574,0.045149,0.166667,0.03539,0.087963,0.030969,0.127315,0.029955,0.0,0.0,0.263216,0.034163,0.458588,0.045309,0.108565,0.016803,72
0.2,conformal_risk_filter,1,0.2574,0.038851,0.395833,0.045431,0.289352,0.040348,0.097222,0.028715,0.090278,0.028851,0.37037,0.048448,0.159722,0.031941,0.113426,0.028035,0.201389,0.038192,0.289352,0.041871,0.275463,0.038854,0.231481,0.037982,0.395833,0.043072,0.178241,0.037856,0.064815,0.024651,0.122685,0.028891,0.0,0.0,0.262327,0.039959,0.46766,0.043569,0.116343,0.017094,72
0.2,conformal_risk_filter,2,0.25074,0.033922,0.409722,0.045201,0.296296,0.043451,0.083333,0.025025,0.111111,0.030988,0.381944,0.047233,0.157407,0.033505,0.136574,0.031869,0.229167,0.042092,0.222222,0.034796,0.298611,0.044267,0.266204,0.036926,0.407407,0.046544,0.206019,0.03509,0.053241,0.02222,0.136574,0.034991,0.0,0.0,0.258344,0.035688,0.483157,0.047047,0.11588,0.013863,72
0.2,conformal_risk_filter,3,0.271883,0.037919,0.393519,0.049759,0.303241,0.039476,0.090278,0.028118,0.097222,0.024815,0.384259,0.048196,0.12963,0.033712,0.131944,0.032907,0.180556,0.033418,0.268519,0.041652,0.328704,0.045676,0.229167,0.035647,0.398148,0.041652,0.138889,0.026641,0.083333,0.025025,0.12037,0.033087,0.0,0.0,0.280242,0.039744,0.473273,0.041918,0.1075,0.01502,72
0.2,conformal_risk_filter,4,0.255496,0.039509,0.407407,0.040294,0.3125,0.049182,0.06713,0.023881,0.12037,0.03245,0.37963,0.045332,0.122685,0.037114,0.122685,0.032302,0.243056,0.04566,0.261574,0.044685,0.314815,0.04215,0.268519,0.042643,0.384259,0.051138,0.189815,0.046281,0.108796,0.031759,0.12037,0.030459,0.0,0.0,0.263825,0.042102,0.461947,0.051481,0.098935,0.015541,72
0.2,conformal_risk_filter,5,0.278892,0.033244,0.407407,0.045638,0.240741,0.042315,0.094907,0.027281,0.085648,0.02584,0.358796,0.045072,0.159722,0.035647,0.131944,0.031613,0.240741,0.038165,0.219907,0.034691,0.31713,0.046216,0.226852,0.041527,0.402778,0.045574,0.175926,0.035911,0.053241,0.020254,0.12963,0.030459,0.0,0.0,0.285087,0.033901,0.476903,0.047443,0.116389,0.016154,72
0.2,conformal_risk_filter,6,0.251103,0.036287,0.43287,0.045533,0.291667,0.044179,0.099537,0.025569,0.094907,0.025705,0.425926,0.040294,0.175926,0.030913,0.113426,0.031539,0.203704,0.037242,0.270833,0.045431,0.303241,0.041537,0.259259,0.04377,0.393519,0.045828,0.185185,0.035717,0.064815,0.022895,0.118056,0.029917,0.0,0.0,0.259331,0.039567,0.466894,0.046595,0.123009,0.016388,72
0.2,conformal_risk_filter,7,0.258138,0.035892,0.384259,0.049899,0.284722,0.047233,0.099537,0.027911,0.081019,0.02417,0.388889,0.050465,0.12963,0.03245,0.099537,0.03273,0.263889,0.044179,0.256944,0.040833,0.337963,0.043331,0.273148,0.042026,0.430556,0.048244,0.217593,0.046432,0.069444,0.023959,0.106481,0.026091,0.0,0.0,0.2679,0.038038,0.503569,0.047916,0.105231,0.0172,72
0.2,conformal_risk_filter,8,0.253812,0.033333,0.412037,0.04834,0.268519,0.045485,0.090278,0.026592,0.090278,0.029566,0.393519,0.043008,0.12963,0.036104,0.12963,0.029766,0.208333,0.04175,0.289352,0.037672,0.298611,0.041843,0.273148,0.044441,0.365741,0.04317,0.166667,0.034796,0.113426,0.032194,0.136574,0.029131,0.0,0.0,0.259716,0.035475,0.438741,0.044809,0.106019,0.017121,72
0.2,conformal_risk_filter,9,0.261809,0.033502,0.425926,0.046544,0.296296,0.042968,0.0625,0.01985,0.094907,0.032836,0.361111,0.041373,0.150463,0.031095,0.12037,0.027582,0.24537,0.041861,0.252315,0.044294,0.335648,0.038494,0.273148,0.042026,0.421296,0.052082,0.19213,0.041704,0.05787,0.021585,0.108796,0.029722,0.0,0.0,0.270503,0.033785,0.497623,0.051861,0.100509,0.013791,72
0.2,data_only_scaling,0,0.14754,0.024726,0.296296,0.037242,0.310185,0.036152,0.152778,0.03583,0.196759,0.038944,0.289352,0.043341,0.196759,0.036164,0.210648,0.034791,0.199074,0.036914,0.284722,0.044969,0.412037,0.042356,0.337963,0.043331,0.240741,0.039772,0.261574,0.045609,0.087963,0.030969,0.180556,0.034645,0.0,0.0,0.12239,0.024299,0.285067,0.041445,0.179676,0.020875,72
0.2,data_only_scaling,1,0.129909,0.021056,0.266204,0.040175,0.377315,0.045686,0.18287,0.036068,0.25463,0.04381,0.300926,0.04119,0.231481,0.040121,0.206019,0.043099,0.171296,0.039816,0.24537,0.04381,0.400463,0.04318,0.375,0.045114,0.238426,0.045609,0.284722,0.049814,0.12037,0.031137,0.185185,0.040121,0.0,0.0,0.096752,0.021483,0.265972,0.048073,0.212685,0.021011,72
0.2,data_only_scaling,2,0.135334,0.023862,0.226852,0.036725,0.358796,0.044607,0.173611,0.031941,0.164352,0.029955,0.259259,0.039772,0.25463,0.035374,0.238426,0.03702,0.171296,0.039816,0.319444,0.040737,0.430556,0.051184,0.354167,0.040833,0.217593,0.038028,0.266204,0.03804,0.097222,0.024815,0.208333,0.036977,0.0,0.0,0.104838,0.022419,0.257572,0.037857,0.202731,0.0168,72
0.2,data_only_scaling,3,0.118123,0.024162,0.263889,0.044649,0.358796,0.048636,0.164352,0.03626,0.229167,0.044031,0.293981,0.042612,0.217593,0.039641,0.208333,0.038633,0.164352,0.03509,0.30787,0.046888,0.474537,0.051957,0.388889,0.044297,0.224537,0.036642,0.268519,0.041148,0.108796,0.027535,0.162037,0.034173,0.0,0.0,0.092552,0.022327,0.26265,0.038922,0.196389,0.021156,72
0.2,data_only_scaling,4,0.140772,0.023324,0.215278,0.037363,0.326389,0.041088,0.203704,0.039421,0.219907,0.035874,0.287037,0.038347,0.212963,0.038888,0.196759,0.033777,0.166667,0.037118,0.3125,0.044737,0.402778,0.054349,0.386574,0.047843,0.238426,0.039211,0.25,0.040865,0.101852,0.032664,0.173611,0.033223,0.0,0.0,0.102058,0.021031,0.265854,0.039927,0.208704,0.021744,72
0.2,data_only_scaling,5,0.135035,0.024867,0.268519,0.040638,0.305556,0.049208,0.180556,0.03583,0.189815,0.03557,0.233796,0.043661,0.210648,0.041369,0.210648,0.038222,0.173611,0.032588,0.331019,0.047258,0.381944,0.046789,0.400463,0.042202,0.201389,0.038735,0.236111,0.040737,0.115741,0.030057,0.212963,0.04579,0.0,0.0,0.100983,0.024656,0.245333,0.037314,0.194259,0.020325,72
0.2,data_only_scaling,6,0.141316,0.031321,0.280093,0.040776,0.333333,0.040865,0.155093,0.036164,0.194444,0.037676,0.261574,0.040261,0.206019,0.03568,0.233796,0.041201,0.185185,0.043611,0.368056,0.043793,0.421296,0.053661,0.321759,0.050185,0.263889,0.048244,0.219907,0.03702,0.115741,0.030057,0.185185,0.039066,0.0,0.0,0.119845,0.030931,0.310942,0.050066,0.185324,0.020627,72
0.2,data_only_scaling,7,0.146383,0.02447,0.247685,0.035386,0.354167,0.043793,0.134259,0.032073,0.215278,0.035057,0.289352,0.045226,0.1875,0.03927,0.194444,0.03419,0.166667,0.03539,0.324074,0.045638,0.412037,0.044284,0.368056,0.047454,0.231481,0.047725,0.266204,0.036356,0.097222,0.028715,0.171296,0.037102,0.0,0.0,0.119877,0.023995,0.28772,0.04871,0.170833,0.019486,72
0.2,data_only_scaling,8,0.146152,0.025265,0.229167,0.040059,0.337963,0.04381,0.168981,0.036832,0.206019,0.040605,0.287037,0.046244,0.231481,0.040121,0.189815,0.037845,0.166667,0.039831,0.333333,0.040865,0.435185,0.047725,0.347222,0.042738,0.194444,0.036551,0.261574,0.042775,0.101852,0.029295,0.203704,0.040466,0.0,0.0,0.113393,0.024438,0.228475,0.037633,0.196481,0.022731,72
0.2,data_only_scaling,9,0.144303,0.022162,0.252315,0.038222,0.314815,0.044558,0.162037,0.031636,0.194444,0.034796,0.280093,0.041788,0.24537,0.044753,0.18287,0.034891,0.199074,0.04068,0.37037,0.04579,0.416667,0.047481,0.37037,0.046693,0.243056,0.036515,0.247685,0.042367,0.094907,0.02488,0.178241,0.04052,0.0,0.0,0.110003,0.021321,0.276782,0.038322,0.194954,0.022904,72
0.2,dropout_risk_filter,0,0.238528,0.031875,0.37963,0.048015,0.277778,0.040865,0.083333,0.027413,0.101852,0.025484,0.395833,0.045888,0.141204,0.030758,0.12037,0.030459,0.226852,0.037845,0.261574,0.035288,0.331019,0.044057,0.261574,0.041788,0.384259,0.050728,0.164352,0.03568,0.083333,0.026641,0.143519,0.034376,0.0,0.0,0.24389,0.033009,0.456975,0.049866,0.107731,0.014905,72
0.2,dropout_risk_filter,1,0.236781,0.03599,0.412037,0.040851,0.321759,0.047184,0.085648,0.026635,0.101852,0.027833,0.37037,0.048448,0.157407,0.035325,0.097222,0.029433,0.215278,0.041593,0.240741,0.039244,0.324074,0.04377,0.273148,0.041527,0.381944,0.048541,0.194444,0.04237,0.071759,0.026505,0.127315,0.031978,0.0,0.0,0.239918,0.036489,0.453694,0.048768,0.11125,0.01756,72
0.2,dropout_risk_filter,2,0.244246,0.032643,0.400463,0.041201,0.293981,0.045457,0.104167,0.031281,0.090278,0.026592,0.356481,0.04537,0.162037,0.036535,0.113426,0.02877,0.219907,0.038131,0.284722,0.043554,0.31713,0.04484,0.25,0.041874,0.377315,0.053669,0.19213,0.041704,0.083333,0.027413,0.138889,0.032947,0.0,0.0,0.247515,0.035084,0.446104,0.053362,0.119954,0.016906,72
0.2,dropout_risk_filter,3,0.256342,0.030567,0.402778,0.044649,0.268519,0.041652,0.092593,0.028082,0.099537,0.031429,0.37963,0.048015,0.127315,0.033258,0.106481,0.02839,0.203704,0.039947,0.247685,0.042856,0.3125,0.042829,0.25463,0.038753,0.386574,0.049977,0.173611,0.041593,0.076389,0.021369,0.115741,0.027896,0.0,0.0,0.263936,0.033386,0.457088,0.050542,0.105648,0.017557,72
0.2,dropout_risk_filter,4,0.240915,0.033093,0.342593,0.049584,0.296296,0.038888,0.097222,0.030134,0.083333,0.026641,0.368056,0.047454,0.12037,0.026024,0.122685,0.034186,0.231481,0.040121,0.256944,0.041341,0.342593,0.040808,0.261574,0.038675,0.354167,0.039798,0.215278,0.037363,0.106481,0.027645,0.12037,0.029056,0.0,0.0,0.240284,0.033748,0.431368,0.040719,0.104213,0.015343,72
0.2,dropout_risk_filter,5,0.239311,0.033976,0.37037,0.048015,0.263889,0.046481,0.111111,0.031654,0.101852,0.02629,0.405093,0.041788,0.173611,0.035647,0.094907,0.027281,0.206019,0.041621,0.275463,0.039388,0.293981,0.039564,0.238426,0.035288,0.358796,0.048636,0.199074,0.039641,0.064815,0.020993,0.150463,0.031759,0.0,0.0,0.238839,0.035598,0.428734,0.049985,0.126574,0.017421,72
0.2,dropout_risk_filter,6,0.236852,0.030207,0.402778,0.047371,0.296296,0.042968,0.115741,0.027896,0.12963,0.03245,0.398148,0.040638,0.162037,0.037102,0.12037,0.033087,0.201389,0.038735,0.273148,0.037845,0.296296,0.042479,0.256944,0.042829,0.384259,0.044597,0.155093,0.034389,0.078704,0.026619,0.145833,0.035939,0.0,0.0,0.237422,0.032851,0.451947,0.043887,0.132593,0.018146,72
0.2,dropout_risk_filter,7,0.23195,0.031643,0.416667,0.045689,0.319444,0.049525,0.108796,0.028283,0.101852,0.028573,0.425926,0.046544,0.136574,0.03053,0.097222,0.027222,0.217593,0.04119,0.268519,0.041652,0.340278,0.046789,0.25,0.044297,0.372685,0.044057,0.18287,0.033048,0.099537,0.028649,0.141204,0.03273,0.0,0.0,0.239552,0.033663,0.447998,0.044608,0.114722,0.014643,72
0.2,dropout_risk_filter,8,0.249992,0.035562,0.405093,0.049558,0.300926,0.042684,0.101852,0.027073,0.108796,0.029011,0.402778,0.05279,0.136574,0.031207,0.155093,0.038404,0.210648,0.039827,0.25,0.039303,0.298611,0.044737,0.238426,0.035874,0.372685,0.048565,0.166667,0.038226,0.101852,0.027073,0.136574,0.03053,0.0,0.0,0.255849,0.038054,0.444123,0.048555,0.118843,0.015838,72
0.2,dropout_risk_filter,9,0.217668,0.031599,0.428241,0.042775,0.280093,0.042775,0.081019,0.025019,0.12963,0.0318,0.363426,0.047184,0.189815,0.038392,0.136574,0.035582,0.215278,0.031281,0.229167,0.035057,0.347222,0.046481,0.231481,0.040638,0.416667,0.046143,0.168981,0.037948,0.069444,0.023072,0.108796,0.029011,0.0,0.0,0.223067,0.033577,0.482917,0.044856,0.127963,0.018096,72
0.2,ensemble_uncertainty_gate,0,0.224355,0.030596,0.4375,0.058666,0.328704,0.04834,0.104167,0.026982,0.101852,0.027833,0.386574,0.046065,0.164352,0.03568,0.155093,0.034389,0.226852,0.038932,0.261574,0.041788,0.331019,0.045457,0.277778,0.05005,0.391204,0.048851,0.196759,0.043501,0.099537,0.030071,0.143519,0.03314,0.0,0.0,0.228911,0.030085,0.460641,0.048517,0.126898,0.017382,72
0.2,ensemble_uncertainty_gate,1,0.204313,0.029878,0.398148,0.039597,0.314815,0.046394,0.12963,0.027582,0.152778,0.034645,0.393519,0.043491,0.162037,0.031636,0.131944,0.031613,0.208333,0.043704,0.275463,0.039388,0.3125,0.045201,0.215278,0.041088,0.358796,0.049487,0.196759,0.043978,0.090278,0.032266,0.118056,0.032588,0.0,0.0,0.202284,0.029553,0.427185,0.049359,0.14375,0.014962,72
0.2,ensemble_uncertainty_gate,2,0.230212,0.030626,0.340278,0.038464,0.291667,0.035243,0.108796,0.031095,0.101852,0.02629,0.388889,0.038226,0.164352,0.036832,0.12037,0.029056,0.208333,0.039699,0.263889,0.038089,0.314815,0.046394,0.256944,0.045201,0.37963,0.045332,0.180556,0.040737,0.076389,0.024122,0.125,0.034645,0.0,0.0,0.228822,0.03075,0.448755,0.046172,0.12537,0.018184,72
0.2,ensemble_uncertainty_gate,3,0.203567,0.033716,0.363426,0.043501,0.333333,0.039303,0.092593,0.028082,0.101852,0.030687,0.400463,0.048636,0.138889,0.035975,0.138889,0.036551,0.210648,0.043341,0.266204,0.039122,0.349537,0.046216,0.289352,0.037114,0.384259,0.048627,0.159722,0.035057,0.048611,0.01985,0.136574,0.031869,0.0,0.0,0.209266,0.035382,0.462009,0.048674,0.112778,0.013347,72
0.2,ensemble_uncertainty_gate,4,0.250053,0.03065,0.421296,0.052878,0.303241,0.041032,0.125,0.035243,0.138889,0.030988,0.377315,0.049628,0.12963,0.029766,0.148148,0.040121,0.238426,0.03758,0.224537,0.036642,0.328704,0.04381,0.319444,0.045114,0.372685,0.036832,0.185185,0.039597,0.071759,0.02488,0.113426,0.028035,0.0,0.0,0.243696,0.032264,0.435137,0.039811,0.131204,0.019016,72
0.2,ensemble_uncertainty_gate,5,0.258506,0.032934,0.416667,0.044766,0.270833,0.036228,0.115741,0.033969,0.141204,0.033982,0.342593,0.044714,0.166667,0.036551,0.138889,0.031654,0.194444,0.047919,0.270833,0.0368,0.324074,0.046544,0.293981,0.045457,0.365741,0.04598,0.206019,0.039033,0.085648,0.02584,0.141204,0.035189,0.0,0.0,0.254363,0.03401,0.432942,0.048243,0.137917,0.016466,72
0.2,ensemble_uncertainty_gate,6,0.225938,0.032801,0.388889,0.048782,0.300926,0.041694,0.111111,0.030306,0.125,0.034037,0.384259,0.048196,0.12963,0.03245,0.150463,0.028283,0.229167,0.041088,0.273148,0.03999,0.351852,0.047285,0.231481,0.041652,0.368056,0.046566,0.215278,0.042585,0.074074,0.026554,0.104167,0.029917,0.0,0.0,0.228529,0.033507,0.438118,0.048435,0.123102,0.016706,72
0.2,ensemble_uncertainty_gate,7,0.241526,0.031252,0.375,0.043704,0.30787,0.04318,0.097222,0.026444,0.101852,0.03136,0.326389,0.044031,0.150463,0.03241,0.145833,0.032907,0.206019,0.03449,0.282407,0.036344,0.331019,0.044529,0.273148,0.047615,0.356481,0.03999,0.166667,0.033574,0.097222,0.028715,0.125,0.030134,0.0,0.0,0.238505,0.031885,0.430481,0.040406,0.118889,0.015593,72
0.2,ensemble_uncertainty_gate,8,0.237592,0.030824,0.333333,0.038226,0.310185,0.048052,0.085648,0.025019,0.115741,0.030743,0.356481,0.048052,0.157407,0.031581,0.150463,0.033673,0.180556,0.034037,0.238426,0.04374,0.342593,0.043291,0.261574,0.044215,0.354167,0.050023,0.164352,0.03626,0.081019,0.023291,0.148148,0.033918,0.0,0.0,0.234423,0.032217,0.425917,0.050412,0.119074,0.016027,72
0.2,ensemble_uncertainty_gate,9,0.224605,0.033524,0.372685,0.05425,0.298611,0.042339,0.099537,0.026373,0.138889,0.031654,0.386574,0.051215,0.141204,0.030071,0.141204,0.031429,0.208333,0.040737,0.282407,0.045063,0.356481,0.04252,0.261574,0.042284,0.37963,0.051781,0.19213,0.036356,0.060185,0.020742,0.122685,0.026635,0.0,0.0,0.22538,0.034834,0.450581,0.049797,0.123287,0.016486,72
0.2,generic_scaling_law_extrapolator,0,0.150249,0.02565,0.236111,0.038633,0.372685,0.046366,0.164352,0.03509,0.19213,0.039122,0.247685,0.050874,0.224537,0.041954,0.256944,0.041341,0.125,0.028715,0.358796,0.043661,0.423611,0.042339,0.43287,0.051957,0.208333,0.040222,0.275463,0.037207,0.078704,0.023272,0.180556,0.040222,0.0,0.0,0.11758,0.025788,0.245215,0.04205,0.196667,0.022484,72
0.2,generic_scaling_law_extrapolator,1,0.152205,0.02408,0.212963,0.042968,0.340278,0.041088,0.143519,0.02839,0.247685,0.039827,0.222222,0.039303,0.210648,0.040348,0.240741,0.035325,0.148148,0.035127,0.372685,0.044995,0.402778,0.048675,0.395833,0.052268,0.298611,0.040833,0.263889,0.036408,0.076389,0.025795,0.166667,0.03419,0.0,0.0,0.118544,0.022467,0.344576,0.04302,0.19213,0.017109,72
0.2,generic_scaling_law_extrapolator,2,0.147105,0.023884,0.189815,0.038392,0.314815,0.041148,0.157407,0.032876,0.208333,0.040737,0.252315,0.040862,0.206019,0.032624,0.236111,0.040222,0.210648,0.042367,0.377315,0.048779,0.449074,0.046432,0.474537,0.044607,0.219907,0.038675,0.280093,0.045609,0.111111,0.028164,0.171296,0.031636,0.0,0.0,0.106594,0.021637,0.260838,0.039049,0.189028,0.02055,72
0.2,generic_scaling_law_extrapolator,3,0.121117,0.023135,0.266204,0.045533,0.358796,0.049487,0.148148,0.035717,0.215278,0.036228,0.261574,0.04326,0.199074,0.04068,0.243056,0.042829,0.1875,0.034758,0.351852,0.04215,0.425926,0.04787,0.409722,0.041843,0.203704,0.039421,0.298611,0.046115,0.12037,0.033087,0.152778,0.03583,0.0,0.0,0.09269,0.022574,0.251597,0.041673,0.185,0.020656,72
0.2,generic_scaling_law_extrapolator,4,0.16055,0.024287,0.194444,0.038226,0.335648,0.047697,0.150463,0.034891,0.194444,0.039831,0.275463,0.041954,0.194444,0.040865,0.252315,0.044762,0.145833,0.034152,0.368056,0.046566,0.456019,0.050047,0.472222,0.047481,0.240741,0.040294,0.247685,0.044762,0.104167,0.030606,0.201389,0.042829,0.0,0.0,0.12556,0.024777,0.280146,0.043823,0.181759,0.022929,72
0.2,generic_scaling_law_extrapolator,5,0.141684,0.021948,0.217593,0.04068,0.296296,0.044401,0.162037,0.034779,0.215278,0.037918,0.217593,0.044126,0.256944,0.041341,0.236111,0.038633,0.157407,0.034729,0.37963,0.051781,0.43287,0.048205,0.453704,0.050968,0.208333,0.04175,0.293981,0.055768,0.12037,0.029766,0.178241,0.038404,0.0,0.0,0.10169,0.020691,0.244146,0.042731,0.2075,0.021643,72
0.2,generic_scaling_law_extrapolator,6,0.145519,0.025135,0.199074,0.034578,0.333333,0.04237,0.180556,0.035243,0.217593,0.037475,0.25463,0.045676,0.240741,0.04377,0.215278,0.037918,0.150463,0.035484,0.351852,0.047285,0.428241,0.044685,0.465278,0.041843,0.266204,0.048205,0.24537,0.040337,0.108796,0.025974,0.175926,0.037614,0.0,0.0,0.10593,0.022971,0.298613,0.047603,0.20875,0.021622,72
0.2,generic_scaling_law_extrapolator,7,0.136389,0.026068,0.282407,0.047761,0.347222,0.050361,0.159722,0.030606,0.238426,0.040776,0.277778,0.04286,0.25,0.03539,0.25463,0.046581,0.178241,0.037856,0.388889,0.038768,0.472222,0.04523,0.462963,0.053369,0.196759,0.037301,0.263889,0.042247,0.081019,0.025019,0.189815,0.042026,0.0,0.0,0.10202,0.024635,0.222829,0.040396,0.210463,0.020287,72
0.2,generic_scaling_law_extrapolator,8,0.139452,0.02238,0.231481,0.037429,0.333333,0.045689,0.1875,0.041341,0.194444,0.028896,0.243056,0.043314,0.208333,0.039699,0.229167,0.044969,0.224537,0.033673,0.388889,0.039831,0.428241,0.046962,0.439815,0.04537,0.25463,0.038211,0.263889,0.046481,0.125,0.030819,0.152778,0.03583,0.0,0.0,0.101374,0.02091,0.287873,0.039944,0.199167,0.02393,72
0.2,generic_scaling_law_extrapolator,9,0.11322,0.024215,0.233796,0.03273,0.3125,0.03927,0.224537,0.038854,0.201389,0.038192,0.25,0.039303,0.212963,0.041985,0.206019,0.041621,0.173611,0.031941,0.395833,0.045431,0.474537,0.049487,0.407407,0.054784,0.210648,0.037672,0.252315,0.04382,0.111111,0.028164,0.175926,0.042806,0.0,0.0,0.08261,0.022812,0.231354,0.043078,0.215046,0.02247,72
0.2,invariance_penalty_policy,0,0.263596,0.03541,0.340278,0.046789,0.280093,0.046516,0.145833,0.036515,0.097222,0.025643,0.393519,0.045828,0.150463,0.031759,0.136574,0.032517,0.203704,0.037799,0.24537,0.038753,0.287037,0.039421,0.310185,0.051002,0.384259,0.051545,0.173611,0.036228,0.071759,0.02488,0.136574,0.029131,0.0,0.0,0.258826,0.038497,0.447009,0.052563,0.137546,0.019524,72
0.2,invariance_penalty_policy,1,0.242075,0.02823,0.377315,0.044294,0.240741,0.039244,0.111111,0.032307,0.134259,0.039641,0.351852,0.046842,0.171296,0.033557,0.155093,0.033153,0.217593,0.033969,0.298611,0.047892,0.349537,0.046216,0.310185,0.043008,0.37963,0.045332,0.150463,0.036068,0.060185,0.022666,0.136574,0.03053,0.0,0.0,0.232903,0.030182,0.443442,0.045954,0.137731,0.018461,72
0.2,invariance_penalty_policy,2,0.257837,0.031008,0.363426,0.04052,0.300926,0.04317,0.12037,0.030459,0.122685,0.029605,0.361111,0.043344,0.189815,0.037845,0.157407,0.037614,0.196759,0.039476,0.305556,0.047481,0.354167,0.045201,0.284722,0.045888,0.363426,0.048922,0.164352,0.03509,0.0625,0.021852,0.12963,0.036104,0.0,0.0,0.247655,0.032161,0.418752,0.050425,0.145324,0.021708,72
0.2,invariance_penalty_policy,3,0.216194,0.028636,0.328704,0.045676,0.280093,0.03702,0.125,0.031489,0.136574,0.026895,0.377315,0.044294,0.180556,0.04175,0.145833,0.030263,0.173611,0.040059,0.270833,0.040577,0.3125,0.042829,0.30787,0.042694,0.342593,0.04787,0.143519,0.033764,0.039352,0.01883,0.152778,0.034645,0.0,0.0,0.205724,0.028995,0.40812,0.048907,0.145833,0.01847,72
0.2,invariance_penalty_policy,4,0.26094,0.030161,0.37963,0.044401,0.3125,0.046566,0.106481,0.031855,0.106481,0.02839,0.365741,0.04598,0.173611,0.037918,0.148148,0.028573,0.206019,0.040605,0.321759,0.047624,0.321759,0.04445,0.305556,0.049631,0.354167,0.041843,0.164352,0.028528,0.05787,0.021585,0.162037,0.032929,0.0,0.0,0.254029,0.032006,0.422257,0.043022,0.130787,0.017948,72
0.2,invariance_penalty_policy,5,0.215681,0.032906,0.342593,0.048304,0.305556,0.037118,0.138889,0.02961,0.150463,0.035484,0.3125,0.043314,0.157407,0.035325,0.152778,0.038089,0.203704,0.039421,0.270833,0.042585,0.321759,0.04445,0.277778,0.041874,0.340278,0.048541,0.155093,0.037856,0.05787,0.021585,0.148148,0.033918,0.0,0.0,0.201689,0.033214,0.403618,0.049525,0.147917,0.017395,72
0.2,invariance_penalty_policy,6,0.253976,0.029543,0.340278,0.048541,0.298611,0.03927,0.118056,0.031941,0.122685,0.029605,0.347222,0.04175,0.185185,0.032018,0.127315,0.031318,0.155093,0.035582,0.252315,0.039827,0.340278,0.045431,0.291667,0.03917,0.351852,0.045024,0.118056,0.027744,0.069444,0.020176,0.131944,0.034758,0.0,0.0,0.245201,0.031986,0.415491,0.04558,0.139954,0.018166,72
0.2,invariance_penalty_policy,7,0.254418,0.031811,0.388889,0.041373,0.310185,0.044441,0.113426,0.03087,0.092593,0.026554,0.377315,0.05209,0.171296,0.034779,0.157407,0.032235,0.196759,0.037856,0.30787,0.044607,0.287037,0.043451,0.314815,0.039066,0.37037,0.047579,0.143519,0.033764,0.071759,0.026505,0.175926,0.041317,0.0,0.0,0.249647,0.032721,0.43462,0.046774,0.131435,0.018264,72
0.2,invariance_penalty_policy,8,0.221144,0.031273,0.347222,0.042738,0.291667,0.044179,0.12963,0.031137,0.099537,0.025569,0.381944,0.046789,0.157407,0.03023,0.134259,0.032073,0.180556,0.032788,0.335648,0.043581,0.326389,0.042092,0.252315,0.040862,0.351852,0.040638,0.145833,0.034152,0.071759,0.024026,0.155093,0.036737,0.0,0.0,0.216848,0.032204,0.417727,0.041876,0.133009,0.017197,72
0.2,invariance_penalty_policy,9,0.241212,0.033502,0.335648,0.047697,0.333333,0.043344,0.101852,0.022895,0.113426,0.02877,0.291667,0.04175,0.178241,0.032517,0.115741,0.028634,0.18287,0.036068,0.319444,0.046928,0.342593,0.048304,0.289352,0.048779,0.391204,0.046216,0.157407,0.034122,0.055556,0.022383,0.141204,0.034591,0.0,0.0,0.235731,0.034595,0.464218,0.045907,0.128241,0.014246,72
0.2,large_behavior_clone,0,0.092149,0.019988,0.166667,0.034796,0.372685,0.051486,0.162037,0.030969,0.266204,0.042202,0.219907,0.03758,0.273148,0.043008,0.261574,0.036452,0.159722,0.034456,0.375,0.040222,0.483796,0.038854,0.4375,0.046789,0.196759,0.043019,0.3125,0.046115,0.113426,0.029487,0.166667,0.034796,0.0,0.0,0.056405,0.01646,0.226437,0.044241,0.224074,0.020653,72
0.2,large_behavior_clone,1,0.09799,0.021165,0.18287,0.034288,0.344907,0.04674,0.152778,0.034645,0.24537,0.038211,0.24537,0.041359,0.240741,0.041317,0.25463,0.045217,0.189815,0.040509,0.319444,0.042738,0.456019,0.04659,0.416667,0.050465,0.18287,0.035484,0.30787,0.047331,0.148148,0.035717,0.173611,0.034456,0.0,0.0,0.069126,0.018026,0.2124,0.037115,0.206019,0.022657,72
0.2,large_behavior_clone,2,0.10881,0.021064,0.185185,0.039597,0.375,0.047371,0.185185,0.038528,0.25463,0.039816,0.238426,0.040261,0.203704,0.038347,0.275463,0.041954,0.155093,0.028405,0.365741,0.048196,0.435185,0.048592,0.418981,0.047036,0.194444,0.034796,0.282407,0.040164,0.106481,0.029824,0.18287,0.033048,0.0,0.0,0.073358,0.018119,0.228463,0.037599,0.212269,0.017674,72
0.2,large_behavior_clone,3,0.100399,0.021634,0.166667,0.035975,0.358796,0.049064,0.18287,0.040947,0.25463,0.036535,0.226852,0.043968,0.270833,0.039535,0.287037,0.037799,0.150463,0.034891,0.356481,0.048052,0.428241,0.046962,0.486111,0.044179,0.19213,0.03804,0.270833,0.042092,0.111111,0.031654,0.194444,0.035975,0.0,0.0,0.066713,0.018902,0.205692,0.041784,0.232593,0.024998,72
0.2,large_behavior_clone,4,0.114482,0.019317,0.143519,0.032504,0.363426,0.043501,0.18287,0.037207,0.233796,0.039652,0.247685,0.042367,0.236111,0.038089,0.273148,0.047175,0.189815,0.041527,0.372685,0.045457,0.456019,0.049628,0.453704,0.047138,0.178241,0.034991,0.284722,0.044969,0.118056,0.032588,0.19213,0.036926,0.0,0.0,0.073529,0.017134,0.200019,0.034948,0.217037,0.022105,72
0.2,large_behavior_clone,5,0.106063,0.021275,0.185185,0.040638,0.37037,0.045332,0.196759,0.04445,0.252315,0.042367,0.231481,0.044558,0.212963,0.037799,0.287037,0.041985,0.196759,0.033777,0.356481,0.039465,0.465278,0.046566,0.400463,0.049064,0.210648,0.045226,0.293981,0.04212,0.078704,0.024152,0.152778,0.038089,0.0,0.0,0.073651,0.019337,0.235979,0.04557,0.220648,0.026818,72
0.2,large_behavior_clone,6,0.099411,0.01908,0.206019,0.040088,0.402778,0.046481,0.206019,0.039033,0.252315,0.040862,0.212963,0.034326,0.266204,0.035777,0.224537,0.035484,0.168981,0.041116,0.328704,0.04381,0.467593,0.040164,0.421296,0.049197,0.201389,0.03927,0.298611,0.039798,0.085648,0.023291,0.19213,0.03804,0.0,0.0,0.063015,0.016428,0.226252,0.04388,0.234259,0.022435,72
0.2,large_behavior_clone,7,0.095798,0.018108,0.175926,0.036487,0.356481,0.048052,0.226852,0.036152,0.247685,0.042367,0.194444,0.037118,0.229167,0.043554,0.266204,0.040175,0.194444,0.03539,0.333333,0.039831,0.43287,0.049907,0.393519,0.044908,0.210648,0.036547,0.310185,0.043008,0.118056,0.030606,0.171296,0.034779,0.0,0.0,0.05558,0.016769,0.226021,0.036618,0.235231,0.020142,72
0.2,large_behavior_clone,8,0.118196,0.021904,0.150463,0.034288,0.405093,0.052423,0.173611,0.033223,0.256944,0.038735,0.196759,0.038944,0.270833,0.047233,0.224537,0.039388,0.131944,0.029566,0.361111,0.047919,0.469907,0.04052,0.363426,0.04538,0.206019,0.03568,0.303241,0.041032,0.106481,0.031193,0.171296,0.037661,0.0,0.0,0.077257,0.019207,0.236289,0.03999,0.22287,0.023684,72
0.2,large_behavior_clone,9,0.10738,0.022169,0.173611,0.039003,0.310185,0.048052,0.1875,0.03927,0.24537,0.044284,0.210648,0.038764,0.199074,0.041694,0.231481,0.037982,0.138889,0.034796,0.321759,0.039476,0.483796,0.050531,0.44213,0.043899,0.180556,0.034037,0.310185,0.043491,0.12963,0.03245,0.180556,0.038633,0.0,0.0,0.07244,0.020066,0.211863,0.035603,0.205787,0.023664,72
0.2,medium_behavior_clone,0,0.117955,0.019847,0.199074,0.036344,0.328704,0.045676,0.159722,0.032588,0.199074,0.031415,0.273148,0.040509,0.243056,0.040833,0.196759,0.037856,0.143519,0.031855,0.18287,0.036068,0.372685,0.043099,0.289352,0.043341,0.201389,0.034758,0.270833,0.043554,0.115741,0.029354,0.175926,0.038165,0.0,0.0,0.089083,0.019868,0.239984,0.03543,0.195509,0.020304,72
0.2,medium_behavior_clone,1,0.110003,0.020958,0.203704,0.037242,0.375,0.043224,0.159722,0.032588,0.19213,0.039122,0.196759,0.041537,0.194444,0.036551,0.19213,0.037487,0.143519,0.033764,0.219907,0.040261,0.381944,0.048109,0.263889,0.035243,0.19213,0.038585,0.252315,0.04382,0.094907,0.029487,0.178241,0.033777,0.0,0.0,0.084186,0.018546,0.2429,0.040052,0.179213,0.017903,72
0.2,medium_behavior_clone,2,0.103941,0.017931,0.173611,0.031281,0.347222,0.054349,0.194444,0.040351,0.196759,0.042531,0.222222,0.041874,0.212963,0.036678,0.194444,0.037676,0.152778,0.036408,0.206019,0.036832,0.372685,0.044995,0.287037,0.042479,0.215278,0.033845,0.215278,0.037918,0.094907,0.025705,0.173611,0.039535,0.0,0.0,0.073107,0.01584,0.246252,0.033613,0.200417,0.023606,72
0.2,medium_behavior_clone,3,0.120835,0.021028,0.1875,0.035939,0.340278,0.043072,0.185185,0.038528,0.194444,0.03539,0.261574,0.041285,0.243056,0.036515,0.219907,0.042775,0.159722,0.037363,0.233796,0.039122,0.388889,0.047039,0.291667,0.043224,0.217593,0.039641,0.224537,0.043421,0.125,0.036408,0.166667,0.031654,0.0,0.0,0.090136,0.01922,0.246924,0.041984,0.207685,0.021926,72
0.2,medium_behavior_clone,4,0.087945,0.018178,0.189815,0.037845,0.37963,0.047579,0.157407,0.034729,0.155093,0.033777,0.252315,0.036547,0.208333,0.035243,0.201389,0.03927,0.19213,0.034591,0.247685,0.045226,0.393519,0.047615,0.259259,0.044714,0.206019,0.03509,0.238426,0.041788,0.127315,0.02925,0.180556,0.03583,0.0,0.0,0.067718,0.016291,0.251907,0.035656,0.176667,0.020427,72
0.2,medium_behavior_clone,5,0.08828,0.021002,0.180556,0.036977,0.356481,0.044441,0.157407,0.034122,0.173611,0.039535,0.240741,0.040808,0.247685,0.042856,0.208333,0.033418,0.152778,0.032788,0.196759,0.035582,0.388889,0.043823,0.25,0.04286,0.208333,0.034645,0.275463,0.042938,0.134259,0.032073,0.196759,0.031869,0.0,0.0,0.066363,0.019463,0.251949,0.037034,0.1925,0.019321,72
0.2,medium_behavior_clone,6,0.087592,0.018726,0.196759,0.039476,0.377315,0.04659,0.194444,0.037676,0.189815,0.031193,0.243056,0.041341,0.259259,0.035911,0.229167,0.038464,0.196759,0.036164,0.224537,0.043899,0.425926,0.05124,0.296296,0.043929,0.180556,0.038089,0.201389,0.041341,0.125,0.032788,0.159722,0.034456,0.0,0.0,0.061851,0.015456,0.216056,0.041195,0.216528,0.016132,72
0.2,medium_behavior_clone,7,0.113766,0.023443,0.206019,0.041621,0.358796,0.04318,0.166667,0.033574,0.19213,0.041201,0.25,0.044297,0.231481,0.041652,0.222222,0.039831,0.155093,0.033153,0.231481,0.040638,0.409722,0.03927,0.289352,0.04614,0.217593,0.038573,0.222222,0.044297,0.127315,0.03449,0.18287,0.033048,0.0,0.0,0.089461,0.022435,0.254898,0.041688,0.19625,0.021039,72
0.2,medium_behavior_clone,8,0.093289,0.01977,0.208333,0.038633,0.354167,0.053648,0.175926,0.032876,0.171296,0.035374,0.296296,0.042968,0.212963,0.041485,0.189815,0.036152,0.194444,0.036551,0.189815,0.037289,0.412037,0.049619,0.238426,0.038675,0.210648,0.035971,0.219907,0.03758,0.101852,0.025484,0.203704,0.036678,0.0,0.0,0.07101,0.01818,0.248988,0.034652,0.187593,0.021547,72
0.2,medium_behavior_clone,9,0.120932,0.027441,0.178241,0.039476,0.335648,0.039033,0.175926,0.035325,0.171296,0.037102,0.219907,0.036452,0.25,0.04523,0.222222,0.038226,0.148148,0.033918,0.231481,0.037982,0.460648,0.046366,0.287037,0.044869,0.233796,0.043661,0.210648,0.041369,0.097222,0.030819,0.196759,0.036164,0.0,0.0,0.095296,0.025953,0.260623,0.042741,0.201944,0.023622,72
0.2,model_only_scaling,0,0.13183,0.025192,0.224537,0.033048,0.393519,0.042026,0.164352,0.03626,0.236111,0.039699,0.291667,0.044179,0.206019,0.041621,0.261574,0.042775,0.1875,0.038735,0.344907,0.0506,0.395833,0.048969,0.398148,0.046842,0.219907,0.034691,0.25,0.036551,0.094907,0.026505,0.1875,0.041843,0.0,0.0,0.099188,0.02377,0.256336,0.038513,0.199491,0.020317,72
0.2,model_only_scaling,1,0.110429,0.022815,0.138889,0.03419,0.365741,0.051948,0.194444,0.03539,0.236111,0.046481,0.243056,0.042339,0.215278,0.038464,0.280093,0.041285,0.145833,0.034758,0.351852,0.040638,0.400463,0.047331,0.430556,0.040222,0.206019,0.03626,0.284722,0.041593,0.141204,0.029369,0.159722,0.037918,0.0,0.0,0.073451,0.020784,0.225495,0.038343,0.216759,0.02197,72
0.2,model_only_scaling,2,0.122121,0.023936,0.196759,0.038944,0.324074,0.042315,0.175926,0.035911,0.203704,0.038888,0.24537,0.038753,0.226852,0.039465,0.259259,0.04787,0.166667,0.035975,0.361111,0.04237,0.44213,0.05135,0.428241,0.046516,0.231481,0.037982,0.282407,0.042192,0.106481,0.031193,0.194444,0.037676,0.0,0.0,0.090796,0.022552,0.260255,0.041264,0.204537,0.020786,72
0.2,model_only_scaling,3,0.124894,0.024515,0.243056,0.037083,0.342593,0.044714,0.152778,0.042738,0.266204,0.042202,0.263889,0.043224,0.201389,0.037083,0.219907,0.041788,0.18287,0.033673,0.328704,0.043331,0.467593,0.046879,0.391204,0.049276,0.236111,0.039699,0.268519,0.045024,0.134259,0.028634,0.18287,0.034288,0.0,0.0,0.095109,0.023898,0.275949,0.044761,0.194491,0.023952,72
0.2,model_only_scaling,4,0.12707,0.019353,0.196759,0.039476,0.328704,0.044753,0.185185,0.04215,0.189815,0.034978,0.25,0.040865,0.24537,0.037102,0.206019,0.037394,0.185185,0.035717,0.349537,0.041954,0.474537,0.043661,0.409722,0.051666,0.233796,0.040175,0.256944,0.040833,0.106481,0.031193,0.189815,0.043008,0.0,0.0,0.089392,0.017215,0.269164,0.040908,0.206157,0.022432,72
0.2,model_only_scaling,5,0.104176,0.019491,0.201389,0.032266,0.368056,0.043314,0.173611,0.031281,0.219907,0.038675,0.25463,0.040851,0.259259,0.044714,0.252315,0.040348,0.185185,0.037429,0.340278,0.048969,0.439815,0.040509,0.421296,0.039288,0.208333,0.04603,0.319444,0.045114,0.099537,0.026373,0.173611,0.040059,0.0,0.0,0.066277,0.016523,0.232069,0.045585,0.215509,0.021958,72
0.2,model_only_scaling,6,0.131043,0.022536,0.196759,0.037856,0.363426,0.044918,0.152778,0.032788,0.226852,0.03999,0.233796,0.039652,0.208333,0.041247,0.268519,0.04215,0.18287,0.033048,0.331019,0.044057,0.412037,0.045217,0.439815,0.034376,0.208333,0.042247,0.277778,0.049631,0.118056,0.0368,0.178241,0.038944,0.0,0.0,0.097164,0.021575,0.25284,0.043276,0.194352,0.019421,72
0.2,model_only_scaling,7,0.117541,0.025122,0.178241,0.034991,0.326389,0.051056,0.173611,0.034456,0.219907,0.032836,0.231481,0.038528,0.233796,0.039122,0.212963,0.039947,0.175926,0.033505,0.386574,0.04326,0.430556,0.049102,0.37037,0.054145,0.189815,0.038932,0.256944,0.038735,0.113426,0.027281,0.18287,0.042938,0.0,0.0,0.085923,0.022056,0.232035,0.040245,0.203935,0.019229,72
0.2,model_only_scaling,8,0.137853,0.02485,0.19213,0.036926,0.340278,0.046789,0.152778,0.037537,0.224537,0.044372,0.238426,0.042284,0.219907,0.04326,0.256944,0.041341,0.175926,0.040294,0.381944,0.048541,0.384259,0.046432,0.37963,0.042968,0.19213,0.032086,0.275463,0.046665,0.081019,0.027408,0.168981,0.041621,0.0,0.0,0.104362,0.022944,0.23606,0.034484,0.19625,0.020257,72
0.2,model_only_scaling,9,0.13791,0.02228,0.199074,0.04068,0.337963,0.043331,0.175926,0.038708,0.196759,0.037856,0.268519,0.042643,0.219907,0.038131,0.247685,0.042367,0.168981,0.03509,0.365741,0.048196,0.460648,0.045913,0.425926,0.048304,0.206019,0.033879,0.321759,0.043501,0.111111,0.02961,0.196759,0.040001,0.0,0.0,0.100508,0.021795,0.239481,0.036069,0.200046,0.021193,72
0.2,oracle_exception_selector,0,0.60431,0.039731,0.608796,0.045303,0.173611,0.034456,0.020833,0.014357,0.00463,0.006371,0.659722,0.037363,0.0625,0.01985,0.00463,0.006371,0.175926,0.035325,0.421296,0.04381,0.194444,0.03539,0.268519,0.04215,0.643519,0.04537,0.048611,0.021852,0.016204,0.013178,0.053241,0.023141,0.0,0.0,0.675662,0.040779,0.717963,0.043203,0.028796,0.008786,72
0.2,oracle_exception_selector,1,0.602068,0.039232,0.694444,0.04237,0.145833,0.034152,0.023148,0.013407,0.002315,0.004537,0.627315,0.045457,0.069444,0.024815,0.002315,0.004537,0.203704,0.040979,0.412037,0.050453,0.178241,0.038404,0.277778,0.046143,0.701389,0.041341,0.053241,0.020254,0.018519,0.012184,0.034722,0.017019,0.0,0.0,0.683454,0.039561,0.774722,0.038989,0.031204,0.008393,72
0.2,oracle_exception_selector,2,0.592543,0.040278,0.650463,0.046216,0.148148,0.032664,0.020833,0.012821,0.002315,0.004537,0.634259,0.044126,0.071759,0.026505,0.00463,0.006371,0.215278,0.043554,0.44213,0.047551,0.178241,0.037301,0.31713,0.048851,0.638889,0.046143,0.055556,0.022383,0.023148,0.013407,0.034722,0.015744,0.0,0.0,0.657549,0.042685,0.709625,0.042604,0.031157,0.010355,72
0.2,oracle_exception_selector,3,0.621784,0.041686,0.69213,0.040175,0.159722,0.035057,0.023148,0.013407,0.002315,0.004537,0.606481,0.045828,0.074074,0.02408,0.009259,0.010982,0.226852,0.03557,0.402778,0.03917,0.148148,0.035127,0.280093,0.049558,0.666667,0.047039,0.06713,0.025569,0.025463,0.013948,0.037037,0.016117,0.0,0.0,0.688479,0.041105,0.741111,0.045108,0.033287,0.008916,72
0.2,oracle_exception_selector,4,0.621162,0.043647,0.696759,0.048061,0.166667,0.037676,0.020833,0.012821,0.006944,0.007747,0.594907,0.048277,0.069444,0.024815,0.009259,0.010982,0.180556,0.034037,0.409722,0.043314,0.150463,0.036068,0.335648,0.048993,0.641204,0.046441,0.074074,0.024932,0.018519,0.013791,0.05787,0.023439,0.0,0.0,0.678658,0.043848,0.715648,0.044311,0.031759,0.009072,72
0.2,oracle_exception_selector,5,0.586185,0.041688,0.712963,0.043451,0.171296,0.036535,0.020833,0.012821,0.002315,0.004537,0.601852,0.045024,0.081019,0.02584,0.00463,0.006371,0.19213,0.036356,0.393519,0.048052,0.159722,0.033223,0.298611,0.040319,0.643519,0.051002,0.0625,0.022787,0.018519,0.012184,0.069444,0.023072,0.0,0.0,0.660051,0.04374,0.717963,0.049084,0.033935,0.010262,72
0.2,oracle_exception_selector,6,0.604861,0.040641,0.689815,0.045828,0.18287,0.031759,0.023148,0.013407,0.0,0.0,0.645833,0.047454,0.060185,0.020742,0.006944,0.007747,0.1875,0.030945,0.423611,0.044737,0.159722,0.038464,0.305556,0.045689,0.627315,0.048993,0.078704,0.021403,0.030093,0.016252,0.053241,0.023141,0.0,0.0,0.663499,0.040207,0.700648,0.046453,0.028472,0.007597,72
0.2,oracle_exception_selector,7,0.593951,0.040725,0.678241,0.040001,0.162037,0.026619,0.032407,0.015343,0.002315,0.004537,0.673611,0.048969,0.06713,0.02299,0.00463,0.006371,0.166667,0.032947,0.388889,0.050465,0.173611,0.029917,0.300926,0.040164,0.659722,0.048109,0.076389,0.028118,0.030093,0.017489,0.060185,0.022666,0.0,0.0,0.664598,0.040533,0.733056,0.045776,0.03463,0.010248,72
0.2,oracle_exception_selector,8,0.588833,0.033929,0.706019,0.045457,0.162037,0.032289,0.013889,0.010715,0.006944,0.007747,0.655093,0.04674,0.083333,0.026641,0.0,0.0,0.199074,0.032717,0.358796,0.042202,0.194444,0.03539,0.289352,0.039827,0.625,0.048675,0.050926,0.02006,0.011574,0.009855,0.041667,0.019113,0.0,0.0,0.657445,0.037062,0.697222,0.045651,0.032083,0.009416,72
0.2,oracle_exception_selector,9,0.612543,0.039139,0.645833,0.043314,0.145833,0.032907,0.013889,0.010715,0.002315,0.004537,0.680556,0.043224,0.06713,0.024739,0.00463,0.006371,0.178241,0.036737,0.393519,0.043008,0.148148,0.029999,0.266204,0.043661,0.643519,0.043491,0.053241,0.019196,0.018519,0.013791,0.055556,0.02143,0.0,0.0,0.681658,0.03845,0.720185,0.042151,0.026852,0.008131,72
0.2,proposed_embodied_scale_exception_audit_v4,0,0.428692,0.039614,0.55787,0.048851,0.217593,0.033349,0.064815,0.022895,0.06713,0.025569,0.541667,0.04603,0.122685,0.035971,0.064815,0.024651,0.168981,0.038494,0.303241,0.045838,0.263889,0.041247,0.261574,0.041285,0.530093,0.042037,0.106481,0.029824,0.053241,0.02126,0.104167,0.02921,0.0,0.0,0.46894,0.041177,0.608468,0.041946,0.082593,0.014654,72
0.2,proposed_embodied_scale_exception_audit_v4,1,0.411705,0.04301,0.576389,0.048325,0.212963,0.039947,0.085648,0.026635,0.060185,0.023569,0.511574,0.044918,0.12963,0.033712,0.064815,0.023789,0.222222,0.040865,0.331019,0.044529,0.291667,0.042738,0.25,0.045689,0.541667,0.045574,0.104167,0.024551,0.034722,0.018204,0.081019,0.02417,0.0,0.0,0.448282,0.045392,0.613569,0.04717,0.092176,0.018085,72
0.2,proposed_embodied_scale_exception_audit_v4,2,0.414934,0.036669,0.523148,0.05141,0.18287,0.037207,0.087963,0.025823,0.05787,0.023439,0.506944,0.043072,0.101852,0.029295,0.050926,0.022043,0.199074,0.033349,0.349537,0.045303,0.238426,0.040261,0.25463,0.037661,0.527778,0.045689,0.118056,0.033845,0.034722,0.019317,0.090278,0.026592,0.0,0.0,0.450414,0.038392,0.599632,0.044914,0.083009,0.015931,72
0.2,proposed_embodied_scale_exception_audit_v4,3,0.394009,0.03993,0.539352,0.049838,0.240741,0.038708,0.06713,0.02299,0.06713,0.025569,0.523148,0.042026,0.131944,0.033535,0.076389,0.020369,0.194444,0.033574,0.303241,0.043019,0.282407,0.04317,0.256944,0.039798,0.506944,0.044031,0.099537,0.032086,0.053241,0.020254,0.113426,0.030187,0.0,0.0,0.429846,0.04199,0.584521,0.043578,0.0875,0.013607,72
0.2,proposed_embodied_scale_exception_audit_v4,4,0.436641,0.043722,0.541667,0.04781,0.212963,0.042968,0.039352,0.017687,0.064815,0.021964,0.50463,0.047469,0.12963,0.031137,0.064815,0.02629,0.173611,0.037918,0.31713,0.047551,0.219907,0.042775,0.217593,0.039111,0.5625,0.048109,0.125,0.032788,0.048611,0.01985,0.087963,0.026619,0.0,0.0,0.482916,0.046798,0.639715,0.047046,0.073565,0.013319,72
0.2,proposed_embodied_scale_exception_audit_v4,5,0.41181,0.041536,0.527778,0.049631,0.203704,0.037242,0.092593,0.025756,0.076389,0.028118,0.488426,0.041032,0.108796,0.026766,0.06713,0.021096,0.178241,0.034389,0.326389,0.044969,0.226852,0.041021,0.261574,0.036452,0.55787,0.049698,0.12037,0.029056,0.048611,0.020875,0.081019,0.025019,0.0,0.0,0.450385,0.043121,0.635197,0.049046,0.091991,0.015072,72
0.2,proposed_embodied_scale_exception_audit_v4,6,0.405705,0.037834,0.571759,0.042284,0.219907,0.039211,0.05787,0.021585,0.046296,0.020658,0.560185,0.048052,0.118056,0.02921,0.074074,0.025756,0.1875,0.032907,0.300926,0.044597,0.259259,0.045178,0.266204,0.043661,0.502315,0.050255,0.113426,0.032836,0.039352,0.017687,0.074074,0.02408,0.0,0.0,0.447257,0.03992,0.580377,0.050892,0.075463,0.01378,72
0.2,proposed_embodied_scale_exception_audit_v4,7,0.419934,0.030982,0.560185,0.038392,0.208333,0.035243,0.090278,0.029566,0.053241,0.020254,0.534722,0.043314,0.083333,0.026641,0.064815,0.022895,0.178241,0.031869,0.324074,0.046093,0.259259,0.040808,0.247685,0.041369,0.520833,0.03927,0.131944,0.035939,0.060185,0.025278,0.087963,0.027392,0.0,0.0,0.46274,0.032656,0.598396,0.039166,0.078981,0.01497,72
0.2,proposed_embodied_scale_exception_audit_v4,8,0.398328,0.03909,0.578704,0.046581,0.222222,0.038768,0.076389,0.024973,0.06713,0.02299,0.520833,0.05442,0.141204,0.031429,0.037037,0.017364,0.201389,0.037641,0.293981,0.044995,0.240741,0.04377,0.229167,0.037363,0.50463,0.045217,0.094907,0.027281,0.053241,0.019196,0.069444,0.023959,0.0,0.0,0.432242,0.039736,0.580019,0.045051,0.090231,0.015737,72
0.2,proposed_embodied_scale_exception_audit_v4,9,0.408232,0.036756,0.511574,0.043019,0.236111,0.038633,0.064815,0.022895,0.0625,0.025387,0.513889,0.043704,0.12037,0.031137,0.085648,0.025019,0.180556,0.03583,0.291667,0.049945,0.243056,0.040319,0.280093,0.045149,0.523148,0.03999,0.113426,0.027281,0.039352,0.017687,0.106481,0.03314,0.0,0.0,0.444308,0.038999,0.599586,0.041487,0.083148,0.0154,72
0.2,retrieval_augmented_nearest_failure,0,0.262048,0.028923,0.4375,0.045431,0.270833,0.035057,0.12963,0.033712,0.104167,0.029917,0.416667,0.039831,0.143519,0.033764,0.175926,0.032235,0.189815,0.03557,0.261574,0.038131,0.335648,0.046366,0.277778,0.04523,0.409722,0.048755,0.185185,0.036867,0.074074,0.023197,0.125,0.036977,0.0,0.0,0.267749,0.031715,0.472285,0.049566,0.133843,0.020228,72
0.2,retrieval_augmented_nearest_failure,1,0.26249,0.037513,0.435185,0.045024,0.273148,0.039465,0.101852,0.030687,0.108796,0.025158,0.381944,0.045888,0.134259,0.031415,0.115741,0.035177,0.1875,0.032907,0.273148,0.043968,0.340278,0.048109,0.270833,0.041593,0.430556,0.04603,0.150463,0.036642,0.074074,0.025756,0.125,0.032788,0.0,0.0,0.273658,0.039241,0.503194,0.046735,0.114213,0.016016,72
0.2,retrieval_augmented_nearest_failure,2,0.257908,0.03125,0.439815,0.038932,0.296296,0.045332,0.122685,0.030983,0.108796,0.031759,0.398148,0.040638,0.180556,0.03583,0.143519,0.037289,0.231481,0.037982,0.259259,0.045178,0.340278,0.041593,0.282407,0.038028,0.428241,0.045149,0.203704,0.041985,0.064815,0.022895,0.118056,0.029917,0.0,0.0,0.260257,0.032628,0.489928,0.046243,0.13963,0.01838,72
0.2,retrieval_augmented_nearest_failure,3,0.260532,0.029559,0.368056,0.047454,0.275463,0.046665,0.085648,0.027408,0.101852,0.027833,0.398148,0.052315,0.155093,0.036164,0.127315,0.029955,0.189815,0.034376,0.273148,0.042026,0.368056,0.049182,0.280093,0.042775,0.416667,0.04523,0.168981,0.03626,0.097222,0.024815,0.127315,0.029955,0.0,0.0,0.265153,0.03131,0.490042,0.044899,0.113565,0.016798,72
0.2,retrieval_augmented_nearest_failure,4,0.269145,0.034526,0.449074,0.046432,0.296296,0.047138,0.099537,0.033362,0.108796,0.029722,0.388889,0.039831,0.164352,0.031318,0.125,0.032788,0.171296,0.034173,0.266204,0.032086,0.270833,0.039003,0.219907,0.038131,0.414352,0.05209,0.175926,0.034122,0.053241,0.02222,0.150463,0.036642,0.0,0.0,0.278927,0.037455,0.478116,0.051839,0.123194,0.018913,72
0.2,retrieval_augmented_nearest_failure,5,0.259626,0.033228,0.418981,0.047916,0.259259,0.045178,0.097222,0.030134,0.122685,0.028159,0.425926,0.050419,0.159722,0.031281,0.118056,0.032588,0.208333,0.032788,0.282407,0.04068,0.333333,0.04286,0.236111,0.03917,0.412037,0.046581,0.150463,0.031759,0.087963,0.026619,0.115741,0.026356,0.0,0.0,0.267198,0.034601,0.478725,0.046742,0.122639,0.018327,72
0.2,retrieval_augmented_nearest_failure,6,0.274569,0.037475,0.435185,0.042643,0.289352,0.039827,0.101852,0.027073,0.108796,0.028283,0.407407,0.053238,0.175926,0.036487,0.141204,0.032086,0.180556,0.032145,0.284722,0.039003,0.314815,0.040638,0.261574,0.032194,0.476852,0.048484,0.162037,0.032929,0.083333,0.027413,0.138889,0.034796,0.0,0.0,0.287951,0.039447,0.546803,0.049453,0.129259,0.016993,72
0.2,retrieval_augmented_nearest_failure,7,0.278535,0.033547,0.416667,0.054444,0.289352,0.04659,0.097222,0.027979,0.125,0.031489,0.393519,0.047615,0.162037,0.035959,0.141204,0.035189,0.206019,0.03626,0.293981,0.047258,0.289352,0.038222,0.289352,0.04659,0.458333,0.04175,0.185185,0.037429,0.055556,0.019384,0.118056,0.033223,0.0,0.0,0.284563,0.033661,0.529396,0.040421,0.126065,0.017229,72
0.2,retrieval_augmented_nearest_failure,8,0.296478,0.036674,0.446759,0.047843,0.300926,0.042684,0.118056,0.035057,0.118056,0.032588,0.391204,0.044372,0.157407,0.032235,0.141204,0.039122,0.1875,0.034152,0.296296,0.039421,0.243056,0.042339,0.303241,0.04674,0.453704,0.039947,0.157407,0.034729,0.06713,0.024739,0.125,0.029433,0.0,0.0,0.302014,0.039812,0.516454,0.040967,0.132176,0.018979,72
0.2,retrieval_augmented_nearest_failure,9,0.282749,0.035982,0.381944,0.052268,0.263889,0.036408,0.108796,0.025974,0.122685,0.029605,0.405093,0.044215,0.131944,0.029566,0.164352,0.03509,0.173611,0.037918,0.321759,0.045838,0.305556,0.041373,0.229167,0.035647,0.425926,0.048735,0.180556,0.036408,0.0625,0.022787,0.12963,0.030459,0.0,0.0,0.291749,0.036675,0.497676,0.049298,0.123796,0.01555,72
0.2,risk_sensitive_cvar_policy,0,0.254767,0.032435,0.4375,0.042585,0.280093,0.039739,0.060185,0.021726,0.099537,0.027153,0.439815,0.04673,0.12037,0.029056,0.106481,0.029116,0.224537,0.034891,0.247685,0.034186,0.263889,0.045114,0.252315,0.040348,0.37037,0.044869,0.166667,0.03539,0.085648,0.026635,0.085648,0.02417,0.0,0.0,0.26738,0.032348,0.446384,0.044092,0.089954,0.014645,72
0.2,risk_sensitive_cvar_policy,1,0.25338,0.031805,0.430556,0.049945,0.296296,0.045332,0.081019,0.02417,0.113426,0.030187,0.412037,0.04877,0.136574,0.036164,0.113426,0.03087,0.18287,0.033673,0.243056,0.039798,0.303241,0.037301,0.238426,0.036452,0.375,0.051993,0.189815,0.034376,0.071759,0.024026,0.083333,0.025025,0.0,0.0,0.262253,0.033465,0.450514,0.051049,0.106759,0.015448,72
0.2,risk_sensitive_cvar_policy,2,0.247778,0.031807,0.409722,0.040833,0.25463,0.040337,0.113426,0.034691,0.078704,0.026619,0.483796,0.050116,0.134259,0.029354,0.090278,0.026592,0.247685,0.039827,0.212963,0.037799,0.266204,0.045072,0.212963,0.040979,0.386574,0.04374,0.171296,0.034173,0.076389,0.021369,0.092593,0.029531,0.0,0.0,0.257759,0.033883,0.456525,0.043636,0.111111,0.018217,72
0.2,risk_sensitive_cvar_policy,3,0.234097,0.031231,0.37037,0.047579,0.314815,0.040121,0.108796,0.029722,0.069444,0.025643,0.444444,0.043344,0.148148,0.036296,0.087963,0.025002,0.233796,0.040691,0.256944,0.043314,0.303241,0.043978,0.25,0.040351,0.400463,0.054314,0.180556,0.037537,0.05787,0.021585,0.134259,0.033349,0.0,0.0,0.242095,0.031635,0.475963,0.054099,0.111435,0.016632,72
0.2,risk_sensitive_cvar_policy,4,0.213683,0.026924,0.384259,0.044597,0.268519,0.043611,0.078704,0.026619,0.111111,0.028164,0.430556,0.044179,0.134259,0.035177,0.125,0.032145,0.240741,0.038708,0.25,0.037676,0.268519,0.033918,0.25463,0.038753,0.340278,0.041088,0.152778,0.029433,0.078704,0.023272,0.115741,0.029354,0.0,0.0,0.215962,0.026263,0.413403,0.041232,0.105833,0.016163,72
0.2,risk_sensitive_cvar_policy,5,0.229806,0.031662,0.388889,0.049631,0.268519,0.040121,0.094907,0.029487,0.085648,0.026635,0.472222,0.050877,0.189815,0.036725,0.127315,0.03568,0.247685,0.043341,0.24537,0.040337,0.337963,0.040337,0.275463,0.037207,0.391204,0.040947,0.157407,0.035325,0.074074,0.025756,0.12037,0.026814,0.0,0.0,0.234459,0.033383,0.461516,0.04264,0.124954,0.018177,72
0.2,risk_sensitive_cvar_policy,6,0.249976,0.032138,0.418981,0.039299,0.300926,0.038028,0.085648,0.028159,0.099537,0.033362,0.381944,0.046789,0.152778,0.032788,0.113426,0.029487,0.224537,0.039388,0.203704,0.040979,0.3125,0.041341,0.217593,0.04068,0.418981,0.04614,0.173611,0.037363,0.05787,0.023439,0.101852,0.027833,0.0,0.0,0.260867,0.033383,0.489947,0.045057,0.111065,0.015308,72
0.2,risk_sensitive_cvar_policy,7,0.239409,0.026786,0.391204,0.038854,0.303241,0.042037,0.076389,0.025795,0.101852,0.02629,0.446759,0.046065,0.138889,0.02961,0.118056,0.029917,0.259259,0.040294,0.203704,0.036678,0.344907,0.043501,0.217593,0.033969,0.418981,0.043341,0.180556,0.030819,0.081019,0.029605,0.085648,0.028159,0.0,0.0,0.250832,0.027894,0.494481,0.042636,0.103889,0.014891,72
0.2,risk_sensitive_cvar_policy,8,0.253669,0.031122,0.37037,0.041485,0.310185,0.042026,0.106481,0.02839,0.090278,0.027366,0.4375,0.044031,0.162037,0.036535,0.118056,0.030606,0.222222,0.037676,0.284722,0.039535,0.344907,0.047624,0.243056,0.044737,0.354167,0.040319,0.152778,0.035243,0.053241,0.02222,0.111111,0.031654,0.0,0.0,0.252753,0.032517,0.423181,0.039634,0.121389,0.017919,72
0.2,risk_sensitive_cvar_policy,9,0.24987,0.036639,0.400463,0.048636,0.303241,0.041032,0.085648,0.028891,0.108796,0.029722,0.462963,0.046693,0.127315,0.030644,0.101852,0.032018,0.240741,0.039244,0.259259,0.037614,0.354167,0.047454,0.240741,0.041317,0.393519,0.047175,0.178241,0.037856,0.055556,0.019384,0.078704,0.024152,0.0,0.0,0.260107,0.039274,0.466894,0.047648,0.103935,0.016922,72
0.2,small_behavior_clone,0,0.086178,0.020996,0.1875,0.036515,0.37037,0.050557,0.189815,0.038932,0.175926,0.034729,0.215278,0.040059,0.238426,0.04374,0.210648,0.040348,0.155093,0.034991,0.092593,0.025756,0.439815,0.047615,0.166667,0.031654,0.168981,0.038494,0.178241,0.033153,0.131944,0.034152,0.185185,0.036867,0.0,0.0,0.061064,0.019111,0.199801,0.040435,0.203981,0.023414,72
0.2,small_behavior_clone,1,0.084398,0.018889,0.19213,0.033982,0.391204,0.048851,0.18287,0.035484,0.148148,0.037982,0.229167,0.040059,0.247685,0.040348,0.19213,0.03804,0.199074,0.035177,0.104167,0.026982,0.377315,0.051688,0.115741,0.031415,0.159722,0.034456,0.203704,0.038347,0.125,0.034645,0.199074,0.038573,0.0,0.0,0.063937,0.017004,0.204317,0.037807,0.196991,0.019885,72
0.2,small_behavior_clone,2,0.063199,0.016917,0.206019,0.040088,0.395833,0.039535,0.159722,0.033223,0.143519,0.033764,0.217593,0.04068,0.256944,0.043314,0.168981,0.037948,0.148148,0.033918,0.097222,0.027979,0.356481,0.044441,0.122685,0.030302,0.143519,0.027645,0.150463,0.033673,0.094907,0.029487,0.185185,0.033918,0.0,0.0,0.04923,0.014872,0.183296,0.030131,0.186898,0.022575,72
0.2,small_behavior_clone,3,0.084084,0.020972,0.203704,0.040979,0.405093,0.044215,0.164352,0.031318,0.157407,0.037055,0.24537,0.033557,0.270833,0.040577,0.203704,0.041485,0.148148,0.034528,0.111111,0.032307,0.375,0.043224,0.148148,0.036296,0.194444,0.047039,0.175926,0.037055,0.104167,0.030606,0.18287,0.033048,0.0,0.0,0.06536,0.01957,0.236729,0.049075,0.198981,0.019909,72
0.2,small_behavior_clone,4,0.085756,0.021431,0.185185,0.037429,0.340278,0.044503,0.180556,0.032145,0.199074,0.036344,0.240741,0.038165,0.240741,0.039772,0.178241,0.037301,0.1875,0.034152,0.083333,0.027413,0.358796,0.046441,0.138889,0.033574,0.178241,0.038944,0.19213,0.035189,0.12963,0.03245,0.175926,0.035325,0.0,0.0,0.065081,0.019774,0.214667,0.038658,0.201713,0.019221,72
0.2,small_behavior_clone,5,0.059694,0.01791,0.226852,0.03314,0.368056,0.043793,0.19213,0.040691,0.122685,0.028159,0.185185,0.036867,0.266204,0.045072,0.152778,0.032145,0.150463,0.031095,0.090278,0.028851,0.340278,0.0368,0.171296,0.040337,0.173611,0.036228,0.157407,0.033505,0.12037,0.03245,0.175926,0.034122,0.0,0.0,0.045611,0.014944,0.21097,0.038792,0.197917,0.024373,72
0.2,small_behavior_clone,6,0.072787,0.017652,0.203704,0.039947,0.361111,0.037118,0.19213,0.039122,0.168981,0.041116,0.208333,0.040222,0.25,0.039303,0.173611,0.033845,0.203704,0.034326,0.094907,0.02877,0.347222,0.043224,0.143519,0.034376,0.166667,0.035975,0.212963,0.037242,0.094907,0.027281,0.189815,0.037289,0.0,0.0,0.051408,0.015248,0.203868,0.037668,0.203472,0.023102,72
0.2,small_behavior_clone,7,0.068112,0.016065,0.212963,0.039947,0.365741,0.044597,0.178241,0.037856,0.148148,0.032018,0.240741,0.041317,0.219907,0.04326,0.196759,0.038404,0.131944,0.031613,0.106481,0.026879,0.361111,0.05005,0.171296,0.034779,0.18287,0.034891,0.199074,0.039111,0.12963,0.034326,0.19213,0.034591,0.0,0.0,0.054545,0.015758,0.223412,0.038904,0.187176,0.023281,72
0.2,small_behavior_clone,8,0.089415,0.019316,0.199074,0.038573,0.349537,0.046665,0.18287,0.035484,0.143519,0.030516,0.24537,0.045217,0.247685,0.048349,0.194444,0.036551,0.196759,0.04052,0.094907,0.025705,0.372685,0.044057,0.159722,0.0368,0.231481,0.035717,0.189815,0.037845,0.145833,0.034152,0.185185,0.037982,0.0,0.0,0.07299,0.018221,0.263595,0.038797,0.196389,0.023863,72
0.2,small_behavior_clone,9,0.081857,0.017835,0.199074,0.04119,0.361111,0.050877,0.178241,0.034991,0.173611,0.042585,0.25463,0.041359,0.194444,0.039831,0.178241,0.038404,0.138889,0.03539,0.097222,0.029433,0.365741,0.039641,0.108796,0.029011,0.175926,0.038165,0.212963,0.040466,0.136574,0.033777,0.210648,0.040862,0.0,0.0,0.066638,0.017695,0.217215,0.038918,0.182269,0.021734,72
