method,split,seed,mean_success,ci95_success,mean_rare_failure_recall,ci95_rare_failure_recall,mean_contact_boundary_error,ci95_contact_boundary_error,mean_unsafe_commitment,ci95_unsafe_commitment,mean_overtrust_rate,ci95_overtrust_rate,mean_recovery_success,ci95_recovery_success,mean_tail_risk_rate,ci95_tail_risk_rate,mean_calibration_ece,ci95_calibration_ece,mean_intervention_cost,ci95_intervention_cost,mean_average_scaling_gain,ci95_average_scaling_gain,mean_boundary_risk_slope,ci95_boundary_risk_slope,mean_scale_exception_gap,ci95_scale_exception_gap,mean_boundary_coverage,ci95_boundary_coverage,mean_shortcut_reliance,ci95_shortcut_reliance,mean_morphology_transfer_gap,ci95_morphology_transfer_gap,mean_recoverability_deficit,ci95_recoverability_deficit,mean_regret_to_oracle,ci95_regret_to_oracle,mean_utility,ci95_utility,groups
boundary_aware_scale_exception_audit_v5,combined_exception_stress,0,0.606481,0.043968,0.645833,0.041843,0.201389,0.040319,0.053241,0.020254,0.032407,0.017858,0.585648,0.044762,0.087963,0.021403,0.032407,0.015343,0.273148,0.043008,0.275463,0.041954,0.222222,0.047481,0.263889,0.038633,0.643519,0.044908,0.085648,0.025019,0.030093,0.014912,0.060185,0.020742,0.194444,0.044766,0.694236,0.043445,72
boundary_aware_scale_exception_audit_v5,combined_exception_stress,1,0.608796,0.053734,0.597222,0.043224,0.210648,0.039299,0.039352,0.016465,0.018519,0.012184,0.62963,0.046693,0.083333,0.024176,0.025463,0.015372,0.19213,0.040175,0.331019,0.044057,0.1875,0.040319,0.224537,0.037207,0.590278,0.050439,0.101852,0.027833,0.046296,0.020658,0.069444,0.021185,0.164352,0.049417,0.699757,0.05304,72
boundary_aware_scale_exception_audit_v5,combined_exception_stress,2,0.618056,0.046789,0.634259,0.04317,0.168981,0.033258,0.034722,0.018204,0.039352,0.01883,0.555556,0.044766,0.060185,0.020742,0.023148,0.013407,0.231481,0.035717,0.289352,0.042856,0.196759,0.036164,0.201389,0.04566,0.659722,0.038464,0.094907,0.02877,0.020833,0.012821,0.078704,0.028876,0.185185,0.046842,0.71478,0.046466,72
boundary_aware_scale_exception_audit_v5,combined_exception_stress,3,0.62963,0.047138,0.657407,0.045178,0.189815,0.043008,0.053241,0.020254,0.023148,0.013407,0.56713,0.048636,0.101852,0.03136,0.025463,0.013948,0.25,0.038226,0.270833,0.042092,0.178241,0.04052,0.201389,0.034758,0.594907,0.053993,0.0625,0.018769,0.034722,0.018204,0.060185,0.020742,0.180556,0.050774,0.719514,0.04822,72
boundary_aware_scale_exception_audit_v5,combined_exception_stress,4,0.643519,0.044441,0.652778,0.039699,0.189815,0.036152,0.041667,0.019113,0.023148,0.013407,0.569444,0.044179,0.099537,0.030071,0.032407,0.015343,0.229167,0.037363,0.358796,0.045533,0.194444,0.038768,0.231481,0.033918,0.597222,0.047371,0.076389,0.028851,0.023148,0.013407,0.078704,0.028144,0.168981,0.041621,0.730833,0.042474,72
boundary_aware_scale_exception_audit_v5,combined_exception_stress,5,0.641204,0.045989,0.627315,0.05229,0.18287,0.038313,0.039352,0.017687,0.020833,0.014357,0.576389,0.046566,0.085648,0.026635,0.030093,0.014912,0.178241,0.043978,0.3125,0.043793,0.189815,0.038392,0.270833,0.034456,0.641204,0.046888,0.104167,0.031941,0.020833,0.012821,0.06713,0.020082,0.143519,0.040509,0.730093,0.046608,72
boundary_aware_scale_exception_audit_v5,combined_exception_stress,6,0.606481,0.047175,0.638889,0.046594,0.194444,0.034796,0.041667,0.020176,0.027778,0.015827,0.581019,0.045226,0.085648,0.02584,0.018519,0.013791,0.201389,0.038735,0.298611,0.044737,0.201389,0.03927,0.236111,0.034645,0.606481,0.052216,0.097222,0.028715,0.025463,0.016674,0.076389,0.023241,0.210648,0.052886,0.695394,0.04793,72
boundary_aware_scale_exception_audit_v5,combined_exception_stress,7,0.615741,0.038573,0.597222,0.051993,0.180556,0.033418,0.039352,0.017687,0.048611,0.018769,0.571759,0.042775,0.097222,0.033418,0.020833,0.014357,0.19213,0.039122,0.333333,0.044766,0.1875,0.040319,0.229167,0.041088,0.618056,0.045431,0.081019,0.025019,0.023148,0.013407,0.071759,0.028035,0.168981,0.044057,0.705833,0.04023,72
boundary_aware_scale_exception_audit_v5,combined_exception_stress,8,0.666667,0.047039,0.650463,0.042938,0.166667,0.03419,0.032407,0.015343,0.020833,0.012821,0.564815,0.044558,0.071759,0.026505,0.041667,0.016787,0.222222,0.039303,0.314815,0.045485,0.155093,0.036164,0.219907,0.041285,0.631944,0.045201,0.06713,0.02299,0.032407,0.016648,0.069444,0.022148,0.143519,0.039465,0.762639,0.044723,72
boundary_aware_scale_exception_audit_v5,combined_exception_stress,9,0.643519,0.046281,0.643519,0.044908,0.166667,0.032947,0.048611,0.020875,0.020833,0.012821,0.587963,0.045217,0.078704,0.025002,0.032407,0.015343,0.201389,0.03927,0.3125,0.043314,0.215278,0.041088,0.240741,0.041317,0.641204,0.048205,0.083333,0.022383,0.025463,0.013948,0.064815,0.024651,0.180556,0.04603,0.735718,0.044209,72
boundary_aware_scale_exception_audit_v5,contact_tail_shift,0,0.636574,0.042037,0.673611,0.042092,0.178241,0.039476,0.043981,0.018268,0.043981,0.019377,0.622685,0.041871,0.071759,0.02126,0.032407,0.016648,0.219907,0.038675,0.340278,0.040577,0.212963,0.041485,0.277778,0.04286,0.694444,0.040865,0.069444,0.027222,0.030093,0.014912,0.06713,0.027153,0.189815,0.042026,0.735266,0.041076,72
boundary_aware_scale_exception_audit_v5,contact_tail_shift,1,0.641204,0.046888,0.627315,0.047258,0.171296,0.039288,0.043981,0.019377,0.037037,0.017364,0.62037,0.049724,0.087963,0.023272,0.023148,0.013407,0.185185,0.034528,0.275463,0.042938,0.162037,0.035959,0.240741,0.041317,0.662037,0.046131,0.064815,0.025484,0.016204,0.011485,0.05787,0.022531,0.18287,0.050116,0.736829,0.045218,72
boundary_aware_scale_exception_audit_v5,contact_tail_shift,2,0.668981,0.044057,0.641204,0.045989,0.1875,0.037641,0.025463,0.013948,0.023148,0.013407,0.606481,0.04537,0.081019,0.02584,0.034722,0.015744,0.166667,0.032307,0.291667,0.038089,0.164352,0.033258,0.217593,0.037475,0.641204,0.046441,0.090278,0.026592,0.013889,0.010715,0.076389,0.023241,0.164352,0.041621,0.769005,0.042454,72
boundary_aware_scale_exception_audit_v5,contact_tail_shift,3,0.664352,0.043581,0.638889,0.04286,0.189815,0.036725,0.046296,0.019622,0.016204,0.013178,0.581019,0.051688,0.108796,0.030416,0.011574,0.009855,0.217593,0.033969,0.356481,0.04252,0.180556,0.040222,0.233796,0.042694,0.662037,0.04381,0.083333,0.025845,0.020833,0.012821,0.0625,0.022787,0.166667,0.040865,0.752245,0.04212,72
boundary_aware_scale_exception_audit_v5,contact_tail_shift,4,0.645833,0.046115,0.636574,0.04674,0.173611,0.035057,0.039352,0.016465,0.027778,0.014448,0.611111,0.046143,0.078704,0.025823,0.023148,0.013407,0.152778,0.031489,0.296296,0.043451,0.189815,0.038392,0.266204,0.040691,0.643519,0.043491,0.083333,0.025845,0.011574,0.009855,0.050926,0.017858,0.189815,0.04537,0.737627,0.044463,72
boundary_aware_scale_exception_audit_v5,contact_tail_shift,5,0.673611,0.046789,0.657407,0.049584,0.162037,0.032929,0.027778,0.015827,0.034722,0.017019,0.583333,0.051286,0.094907,0.025705,0.006944,0.007747,0.136574,0.034389,0.37037,0.044401,0.194444,0.036551,0.243056,0.037641,0.662037,0.041359,0.111111,0.030306,0.030093,0.014912,0.046296,0.018528,0.168981,0.047258,0.77044,0.044942,72
boundary_aware_scale_exception_audit_v5,contact_tail_shift,6,0.643519,0.043968,0.622685,0.049205,0.180556,0.039699,0.032407,0.015343,0.037037,0.018528,0.613426,0.04374,0.085648,0.02584,0.043981,0.018268,0.189815,0.03999,0.319444,0.042247,0.196759,0.031869,0.224537,0.035484,0.631944,0.045201,0.087963,0.025002,0.020833,0.012821,0.050926,0.021075,0.150463,0.037764,0.735718,0.041422,72
boundary_aware_scale_exception_audit_v5,contact_tail_shift,7,0.662037,0.044753,0.62037,0.041985,0.1875,0.035353,0.053241,0.02126,0.027778,0.014448,0.62963,0.043451,0.069444,0.022148,0.011574,0.009855,0.173611,0.032588,0.319444,0.04175,0.164352,0.031978,0.25463,0.046581,0.636574,0.042037,0.090278,0.030263,0.018519,0.013791,0.0625,0.023686,0.194444,0.046143,0.751586,0.041549,72
boundary_aware_scale_exception_audit_v5,contact_tail_shift,8,0.696759,0.043501,0.608796,0.051755,0.155093,0.028405,0.037037,0.019622,0.027778,0.015827,0.615741,0.050315,0.111111,0.028164,0.023148,0.013407,0.199074,0.035765,0.321759,0.043019,0.196759,0.041032,0.236111,0.039699,0.662037,0.041861,0.074074,0.02408,0.016204,0.011485,0.05787,0.023439,0.145833,0.041843,0.779005,0.040503,72
boundary_aware_scale_exception_audit_v5,contact_tail_shift,9,0.671296,0.04834,0.675926,0.039772,0.171296,0.033557,0.032407,0.015343,0.025463,0.015372,0.604167,0.044969,0.071759,0.023141,0.025463,0.013948,0.155093,0.034389,0.337963,0.040337,0.162037,0.035374,0.236111,0.042738,0.69213,0.040691,0.050926,0.02006,0.020833,0.014357,0.043981,0.018268,0.168981,0.045913,0.772326,0.044521,72
boundary_aware_scale_exception_audit_v5,cross_robot_morphology,0,0.673611,0.044503,0.680556,0.04603,0.180556,0.034645,0.041667,0.020176,0.034722,0.018204,0.608796,0.041453,0.076389,0.023241,0.011574,0.011784,0.136574,0.034389,0.31713,0.040947,0.180556,0.038633,0.259259,0.035325,0.657407,0.045638,0.085648,0.02584,0.039352,0.017687,0.074074,0.024932,0.150463,0.04484,0.773183,0.043716,72
boundary_aware_scale_exception_audit_v5,cross_robot_morphology,1,0.641204,0.044136,0.675926,0.04377,0.199074,0.034578,0.027778,0.015827,0.018519,0.012184,0.576389,0.052864,0.085648,0.028891,0.032407,0.015343,0.18287,0.041954,0.349537,0.049276,0.125,0.033418,0.236111,0.038089,0.627315,0.044529,0.0625,0.020875,0.034722,0.015744,0.050926,0.024722,0.1875,0.03927,0.737049,0.041997,72
boundary_aware_scale_exception_audit_v5,cross_robot_morphology,2,0.678241,0.037301,0.680556,0.045574,0.19213,0.031429,0.027778,0.019384,0.034722,0.018204,0.608796,0.05135,0.071759,0.02126,0.027778,0.015827,0.201389,0.037641,0.351852,0.045942,0.185185,0.037429,0.224537,0.036068,0.645833,0.04566,0.06713,0.022063,0.037037,0.020658,0.064815,0.023789,0.131944,0.037641,0.786956,0.036384,72
boundary_aware_scale_exception_audit_v5,cross_robot_morphology,3,0.643519,0.047175,0.652778,0.046481,0.166667,0.035975,0.018519,0.013791,0.018519,0.012184,0.5625,0.047233,0.087963,0.027392,0.011574,0.009855,0.201389,0.040319,0.324074,0.043291,0.185185,0.035717,0.25463,0.044284,0.657407,0.04377,0.078704,0.022357,0.030093,0.014912,0.069444,0.023959,0.178241,0.049768,0.739549,0.044406,72
boundary_aware_scale_exception_audit_v5,cross_robot_morphology,4,0.648148,0.047285,0.638889,0.044297,0.19213,0.039652,0.043981,0.020426,0.030093,0.017489,0.62037,0.048877,0.106481,0.030516,0.013889,0.010715,0.178241,0.034991,0.30787,0.043661,0.212963,0.041985,0.270833,0.043072,0.659722,0.043554,0.074074,0.025756,0.027778,0.014448,0.071759,0.027281,0.180556,0.048244,0.737396,0.046896,72
boundary_aware_scale_exception_audit_v5,cross_robot_morphology,5,0.655093,0.044918,0.655093,0.048493,0.155093,0.033153,0.039352,0.019908,0.027778,0.014448,0.583333,0.045689,0.087963,0.028876,0.018519,0.013791,0.157407,0.036487,0.310185,0.037845,0.180556,0.040222,0.217593,0.038573,0.643519,0.044441,0.0625,0.024551,0.046296,0.020658,0.06713,0.023881,0.141204,0.039122,0.754931,0.04271,72
boundary_aware_scale_exception_audit_v5,cross_robot_morphology,6,0.655093,0.045838,0.673611,0.041593,0.217593,0.040164,0.043981,0.020426,0.013889,0.010715,0.56713,0.048636,0.097222,0.024815,0.023148,0.014883,0.148148,0.03136,0.344907,0.048061,0.189815,0.040509,0.236111,0.040222,0.613426,0.041788,0.113426,0.033466,0.032407,0.017858,0.053241,0.02126,0.166667,0.043344,0.756609,0.04815,72
boundary_aware_scale_exception_audit_v5,cross_robot_morphology,7,0.652778,0.049525,0.643519,0.043968,0.178241,0.039476,0.037037,0.018528,0.032407,0.016648,0.590278,0.046115,0.064815,0.024651,0.025463,0.016674,0.152778,0.035243,0.303241,0.048061,0.208333,0.038633,0.273148,0.045828,0.643519,0.042026,0.090278,0.027366,0.020833,0.012821,0.05787,0.021585,0.143519,0.037289,0.747106,0.047554,72
boundary_aware_scale_exception_audit_v5,cross_robot_morphology,8,0.717593,0.040164,0.594907,0.047405,0.194444,0.035975,0.041667,0.019113,0.041667,0.021185,0.634259,0.049899,0.113426,0.02877,0.025463,0.013948,0.173611,0.035647,0.358796,0.042694,0.171296,0.033557,0.25,0.037676,0.597222,0.047371,0.083333,0.024176,0.020833,0.012821,0.0625,0.020875,0.118056,0.037363,0.801296,0.039436,72
boundary_aware_scale_exception_audit_v5,cross_robot_morphology,9,0.659722,0.042092,0.622685,0.044294,0.208333,0.040222,0.037037,0.018528,0.034722,0.018204,0.622685,0.047036,0.078704,0.021403,0.027778,0.014448,0.159722,0.039535,0.321759,0.046291,0.162037,0.033557,0.259259,0.039772,0.643519,0.05141,0.106481,0.027645,0.023148,0.014883,0.0625,0.022787,0.178241,0.042037,0.752789,0.040895,72
boundary_aware_scale_exception_audit_v5,embodiment_shift,0,0.680556,0.04175,0.652778,0.040222,0.1875,0.035939,0.041667,0.019113,0.020833,0.012821,0.606481,0.047615,0.094907,0.026505,0.016204,0.011485,0.203704,0.039947,0.342593,0.050831,0.178241,0.036164,0.231481,0.040638,0.597222,0.050361,0.097222,0.031489,0.020833,0.012821,0.0625,0.022787,0.145833,0.039798,0.767685,0.037821,72
boundary_aware_scale_exception_audit_v5,embodiment_shift,1,0.675926,0.048735,0.638889,0.047481,0.185185,0.036296,0.027778,0.014448,0.018519,0.012184,0.611111,0.047919,0.078704,0.025823,0.018519,0.012184,0.189815,0.043491,0.349537,0.048851,0.196759,0.036737,0.215278,0.043072,0.608796,0.047988,0.078704,0.026619,0.034722,0.019317,0.048611,0.01985,0.152778,0.04175,0.770775,0.046941,72
boundary_aware_scale_exception_audit_v5,embodiment_shift,2,0.68287,0.047988,0.634259,0.043651,0.178241,0.037301,0.034722,0.017019,0.011574,0.009855,0.650463,0.041954,0.087963,0.026619,0.027778,0.015827,0.18287,0.037207,0.333333,0.04286,0.222222,0.035975,0.293981,0.042612,0.645833,0.038735,0.078704,0.025823,0.025463,0.015372,0.064815,0.022895,0.141204,0.037487,0.774155,0.043331,72
boundary_aware_scale_exception_audit_v5,embodiment_shift,3,0.678241,0.04052,0.634259,0.038573,0.19213,0.036356,0.037037,0.019622,0.037037,0.017364,0.615741,0.045523,0.078704,0.022357,0.032407,0.015343,0.171296,0.033557,0.328704,0.045217,0.19213,0.036356,0.256944,0.040833,0.625,0.05279,0.087963,0.025823,0.018519,0.012184,0.041667,0.016787,0.155093,0.041032,0.773808,0.040957,72
boundary_aware_scale_exception_audit_v5,embodiment_shift,4,0.673611,0.044969,0.622685,0.05209,0.206019,0.03449,0.037037,0.016117,0.027778,0.017095,0.604167,0.046789,0.094907,0.029487,0.011574,0.009855,0.185185,0.035127,0.342593,0.045638,0.18287,0.033048,0.266204,0.039122,0.641204,0.037487,0.101852,0.027073,0.025463,0.015372,0.064815,0.023789,0.157407,0.036487,0.763171,0.043376,72
boundary_aware_scale_exception_audit_v5,embodiment_shift,5,0.631944,0.04566,0.657407,0.041317,0.196759,0.037856,0.048611,0.017621,0.020833,0.012821,0.534722,0.041843,0.087963,0.025823,0.020833,0.012821,0.178241,0.032517,0.319444,0.048675,0.175926,0.035325,0.268519,0.039066,0.599537,0.042694,0.076389,0.024122,0.025463,0.013948,0.060185,0.01971,0.180556,0.047371,0.717338,0.045953,72
boundary_aware_scale_exception_audit_v5,embodiment_shift,6,0.634259,0.04598,0.666667,0.040865,0.178241,0.037856,0.046296,0.017364,0.027778,0.014448,0.592593,0.047432,0.085648,0.030983,0.023148,0.016225,0.157407,0.034122,0.314815,0.044558,0.199074,0.034578,0.208333,0.036408,0.638889,0.052093,0.074074,0.022279,0.048611,0.021852,0.050926,0.021075,0.157407,0.04377,0.736968,0.047066,72
boundary_aware_scale_exception_audit_v5,embodiment_shift,7,0.659722,0.046341,0.68287,0.047988,0.208333,0.042247,0.037037,0.017364,0.027778,0.014448,0.606481,0.043008,0.074074,0.023197,0.018519,0.012184,0.215278,0.040059,0.331019,0.050668,0.196759,0.04052,0.229167,0.040577,0.62037,0.048015,0.083333,0.027413,0.043981,0.023291,0.0625,0.024551,0.155093,0.04445,0.758507,0.045712,72
boundary_aware_scale_exception_audit_v5,embodiment_shift,8,0.680556,0.04175,0.659722,0.043072,0.166667,0.032947,0.037037,0.018528,0.006944,0.007747,0.583333,0.046143,0.094907,0.025705,0.016204,0.011485,0.19213,0.036356,0.310185,0.039465,0.18287,0.040947,0.240741,0.038708,0.650463,0.043899,0.074074,0.024932,0.039352,0.016465,0.069444,0.024815,0.175926,0.046093,0.780822,0.041927,72
boundary_aware_scale_exception_audit_v5,embodiment_shift,9,0.662037,0.044284,0.69213,0.039122,0.224537,0.040434,0.037037,0.018528,0.025463,0.015372,0.634259,0.04598,0.064815,0.023789,0.034722,0.018204,0.189815,0.03999,0.356481,0.04537,0.219907,0.039739,0.243056,0.034758,0.645833,0.054803,0.111111,0.02961,0.034722,0.018204,0.076389,0.022324,0.162037,0.043331,0.760336,0.041574,72
boundary_aware_scale_exception_audit_v5,heldout_exception_composition,0,0.668981,0.043099,0.68287,0.037764,0.185185,0.037982,0.027778,0.014448,0.039352,0.017687,0.604167,0.042585,0.074074,0.026554,0.034722,0.018204,0.171296,0.035374,0.30787,0.046441,0.210648,0.039827,0.238426,0.044685,0.643519,0.043968,0.071759,0.027281,0.023148,0.014883,0.0625,0.022787,0.134259,0.039111,0.768576,0.04127,72
boundary_aware_scale_exception_audit_v5,heldout_exception_composition,1,0.659722,0.047673,0.655093,0.04445,0.185185,0.039066,0.053241,0.019196,0.032407,0.02006,0.548611,0.039535,0.0625,0.01985,0.023148,0.014883,0.196759,0.040001,0.30787,0.046441,0.185185,0.037429,0.212963,0.040466,0.613426,0.049135,0.085648,0.02584,0.046296,0.021645,0.06713,0.02299,0.145833,0.046115,0.757188,0.048448,72
boundary_aware_scale_exception_audit_v5,heldout_exception_composition,2,0.664352,0.046814,0.604167,0.047233,0.171296,0.037102,0.055556,0.019384,0.030093,0.016252,0.590278,0.050023,0.090278,0.028851,0.032407,0.016648,0.212963,0.034929,0.287037,0.047579,0.231481,0.035127,0.208333,0.036977,0.587963,0.04381,0.083333,0.02961,0.020833,0.012821,0.081019,0.023291,0.150463,0.043421,0.748322,0.046083,72
boundary_aware_scale_exception_audit_v5,heldout_exception_composition,3,0.680556,0.043224,0.659722,0.045888,0.180556,0.035243,0.048611,0.020875,0.016204,0.013178,0.592593,0.044245,0.081019,0.02584,0.032407,0.015343,0.18287,0.040947,0.305556,0.04523,0.215278,0.037918,0.240741,0.048304,0.608796,0.043899,0.085648,0.028159,0.023148,0.014883,0.083333,0.028164,0.141204,0.03804,0.774456,0.042346,72
boundary_aware_scale_exception_audit_v5,heldout_exception_composition,4,0.650463,0.043899,0.657407,0.047432,0.194444,0.038226,0.064815,0.024651,0.037037,0.017364,0.578704,0.04877,0.081019,0.02584,0.025463,0.013948,0.18287,0.039388,0.291667,0.044649,0.19213,0.035777,0.229167,0.036228,0.608796,0.050116,0.104167,0.029917,0.020833,0.012821,0.06713,0.024739,0.166667,0.04523,0.738947,0.044656,72
boundary_aware_scale_exception_audit_v5,heldout_exception_composition,5,0.678241,0.049768,0.662037,0.047469,0.185185,0.035127,0.030093,0.014912,0.023148,0.014883,0.597222,0.040737,0.081019,0.028159,0.030093,0.016252,0.168981,0.03568,0.337963,0.036535,0.212963,0.038347,0.293981,0.04212,0.601852,0.041652,0.083333,0.025025,0.020833,0.012821,0.069444,0.023959,0.136574,0.046291,0.766933,0.047083,72
boundary_aware_scale_exception_audit_v5,heldout_exception_composition,6,0.673611,0.044031,0.638889,0.03419,0.157407,0.033505,0.030093,0.017489,0.025463,0.013948,0.550926,0.050315,0.076389,0.024122,0.048611,0.020875,0.171296,0.039288,0.31713,0.047551,0.189815,0.033764,0.231481,0.041148,0.622685,0.048349,0.106481,0.025278,0.027778,0.015827,0.046296,0.020658,0.162037,0.039288,0.761053,0.040067,72
boundary_aware_scale_exception_audit_v5,heldout_exception_composition,7,0.638889,0.048352,0.638889,0.045689,0.166667,0.036551,0.034722,0.015744,0.025463,0.015372,0.622685,0.047478,0.074074,0.026554,0.034722,0.017019,0.215278,0.039003,0.303241,0.042531,0.206019,0.039033,0.208333,0.036977,0.664352,0.046366,0.108796,0.033048,0.037037,0.017364,0.06713,0.023881,0.173611,0.048109,0.742523,0.046437,72
boundary_aware_scale_exception_audit_v5,heldout_exception_composition,8,0.631944,0.049182,0.657407,0.037614,0.1875,0.040833,0.064815,0.022895,0.030093,0.014912,0.606481,0.049759,0.055556,0.02143,0.037037,0.017364,0.168981,0.033879,0.340278,0.042585,0.199074,0.037475,0.270833,0.043072,0.62037,0.038347,0.090278,0.027366,0.032407,0.016648,0.064815,0.023789,0.173611,0.044503,0.726053,0.046853,72
boundary_aware_scale_exception_audit_v5,heldout_exception_composition,9,0.696759,0.043019,0.664352,0.050255,0.168981,0.040605,0.048611,0.017621,0.037037,0.017364,0.611111,0.043823,0.085648,0.026635,0.032407,0.016648,0.180556,0.039699,0.321759,0.040001,0.171296,0.037661,0.240741,0.039244,0.618056,0.047673,0.083333,0.023297,0.023148,0.013407,0.053241,0.02126,0.134259,0.04068,0.786412,0.039864,72
boundary_aware_scale_exception_audit_v5,nominal_scaling,0,0.740741,0.042806,0.678241,0.047184,0.173611,0.034456,0.025463,0.013948,0.011574,0.009855,0.594907,0.049135,0.076389,0.024122,0.018519,0.012184,0.152778,0.032788,0.358796,0.04777,0.155093,0.031869,0.233796,0.036926,0.664352,0.039564,0.076389,0.026592,0.023148,0.013407,0.0625,0.023686,0.118056,0.044503,0.840729,0.03931,72
boundary_aware_scale_exception_audit_v5,nominal_scaling,1,0.768519,0.04215,0.68287,0.041453,0.201389,0.037083,0.020833,0.012821,0.032407,0.015343,0.643519,0.045828,0.069444,0.022148,0.016204,0.013178,0.162037,0.034173,0.305556,0.04523,0.189815,0.038392,0.233796,0.030758,0.706019,0.044529,0.087963,0.025823,0.025463,0.013948,0.050926,0.022043,0.108796,0.036642,0.862616,0.0366,72
boundary_aware_scale_exception_audit_v5,nominal_scaling,2,0.710648,0.038222,0.680556,0.041247,0.150463,0.029722,0.018519,0.013791,0.043981,0.017087,0.655093,0.043501,0.060185,0.024439,0.020833,0.012821,0.18287,0.037764,0.377315,0.04659,0.178241,0.034389,0.291667,0.040737,0.680556,0.048675,0.087963,0.027392,0.027778,0.015827,0.0625,0.021852,0.168981,0.039033,0.809479,0.03417,72
boundary_aware_scale_exception_audit_v5,nominal_scaling,3,0.726852,0.036725,0.694444,0.04286,0.206019,0.037948,0.032407,0.015343,0.030093,0.017489,0.634259,0.042684,0.083333,0.023297,0.020833,0.014357,0.145833,0.034152,0.310185,0.04673,0.196759,0.036164,0.266204,0.040175,0.636574,0.043501,0.081019,0.02417,0.034722,0.015744,0.050926,0.022043,0.136574,0.036737,0.828102,0.034486,72
boundary_aware_scale_exception_audit_v5,nominal_scaling,4,0.747685,0.041369,0.710648,0.045226,0.166667,0.032947,0.018519,0.012184,0.032407,0.016648,0.611111,0.049631,0.069444,0.021185,0.013889,0.010715,0.171296,0.037661,0.349537,0.045303,0.199074,0.039111,0.229167,0.038464,0.694444,0.043344,0.0625,0.020875,0.016204,0.011485,0.043981,0.019377,0.12037,0.034929,0.845012,0.036203,72
boundary_aware_scale_exception_audit_v5,nominal_scaling,5,0.706019,0.041116,0.685185,0.039597,0.185185,0.036867,0.013889,0.012512,0.016204,0.011485,0.675926,0.040808,0.087963,0.027392,0.025463,0.013948,0.155093,0.034991,0.328704,0.044753,0.168981,0.030644,0.240741,0.041819,0.645833,0.047012,0.076389,0.023241,0.030093,0.016252,0.06713,0.026373,0.138889,0.038226,0.819595,0.0411,72
boundary_aware_scale_exception_audit_v5,nominal_scaling,6,0.708333,0.039699,0.68287,0.041453,0.145833,0.032266,0.030093,0.014912,0.020833,0.012821,0.611111,0.039831,0.127315,0.03449,0.027778,0.017095,0.1875,0.038192,0.349537,0.04711,0.18287,0.037764,0.25,0.041373,0.699074,0.042192,0.071759,0.024026,0.034722,0.018204,0.069444,0.024815,0.164352,0.043099,0.810243,0.038343,72
boundary_aware_scale_exception_audit_v5,nominal_scaling,7,0.710648,0.042856,0.680556,0.045114,0.150463,0.03241,0.013889,0.012512,0.023148,0.014883,0.652778,0.04781,0.055556,0.019384,0.034722,0.017019,0.162037,0.033557,0.344907,0.048061,0.173611,0.035057,0.25,0.04237,0.685185,0.045485,0.076389,0.024122,0.027778,0.014448,0.048611,0.017621,0.155093,0.04538,0.813877,0.038985,72
boundary_aware_scale_exception_audit_v5,nominal_scaling,8,0.733796,0.040691,0.694444,0.038768,0.164352,0.03509,0.023148,0.013407,0.00463,0.006371,0.627315,0.046366,0.087963,0.028876,0.023148,0.016225,0.159722,0.031281,0.340278,0.050646,0.150463,0.031095,0.238426,0.039739,0.675926,0.048735,0.069444,0.025643,0.020833,0.012821,0.043981,0.017087,0.12963,0.033087,0.836852,0.035676,72
boundary_aware_scale_exception_audit_v5,nominal_scaling,9,0.74537,0.037661,0.675926,0.045178,0.180556,0.035243,0.030093,0.014912,0.027778,0.015827,0.594907,0.047405,0.055556,0.02143,0.016204,0.011485,0.136574,0.033153,0.337963,0.04381,0.189815,0.039465,0.240741,0.037055,0.694444,0.043823,0.05787,0.021585,0.016204,0.011485,0.043981,0.021423,0.134259,0.035177,0.842766,0.034164,72
boundary_aware_scale_exception_audit_v5,recovery_scarcity,0,0.634259,0.045063,0.673611,0.051463,0.168981,0.029955,0.053241,0.019196,0.025463,0.016674,0.583333,0.040865,0.074074,0.025756,0.032407,0.015343,0.175926,0.031581,0.335648,0.041116,0.180556,0.032788,0.236111,0.038089,0.615741,0.046432,0.074074,0.02408,0.027778,0.015827,0.060185,0.01971,0.171296,0.047907,0.72985,0.044864,72
boundary_aware_scale_exception_audit_v5,recovery_scarcity,1,0.659722,0.041593,0.662037,0.050865,0.185185,0.041148,0.025463,0.013948,0.020833,0.012821,0.62037,0.046693,0.085648,0.025019,0.020833,0.012821,0.19213,0.039122,0.331019,0.043099,0.203704,0.038888,0.266204,0.044136,0.648148,0.04816,0.0625,0.021852,0.018519,0.013791,0.064815,0.023789,0.157407,0.043291,0.763796,0.042816,72
boundary_aware_scale_exception_audit_v5,recovery_scarcity,2,0.696759,0.048493,0.650463,0.037764,0.180556,0.032145,0.037037,0.019622,0.023148,0.013407,0.62037,0.049724,0.094907,0.028035,0.020833,0.012821,0.215278,0.035647,0.335648,0.040088,0.1875,0.034152,0.212963,0.036678,0.627315,0.039564,0.092593,0.029531,0.032407,0.015343,0.081019,0.028891,0.141204,0.041704,0.787743,0.046582,72
boundary_aware_scale_exception_audit_v5,recovery_scarcity,3,0.685185,0.041652,0.648148,0.051104,0.1875,0.042829,0.037037,0.018528,0.046296,0.018528,0.622685,0.048349,0.078704,0.028144,0.018519,0.012184,0.18287,0.037207,0.363426,0.048922,0.178241,0.037301,0.266204,0.04318,0.634259,0.048627,0.081019,0.025019,0.020833,0.014357,0.050926,0.02006,0.150463,0.043899,0.776123,0.03874,72
boundary_aware_scale_exception_audit_v5,recovery_scarcity,4,0.689815,0.042026,0.652778,0.04781,0.143519,0.03557,0.037037,0.017364,0.013889,0.012512,0.615741,0.048196,0.071759,0.023141,0.025463,0.013948,0.173611,0.038464,0.344907,0.038944,0.238426,0.041285,0.233796,0.03804,0.634259,0.047761,0.092593,0.024932,0.034722,0.018204,0.069444,0.023072,0.164352,0.039564,0.788067,0.039577,72
boundary_aware_scale_exception_audit_v5,recovery_scarcity,5,0.68287,0.049276,0.648148,0.04816,0.138889,0.030988,0.048611,0.020875,0.027778,0.015827,0.594907,0.042775,0.05787,0.022531,0.030093,0.017489,0.212963,0.038888,0.331019,0.044529,0.166667,0.037676,0.263889,0.046481,0.641204,0.040691,0.104167,0.02921,0.018519,0.012184,0.048611,0.01985,0.164352,0.041116,0.771296,0.046276,72
boundary_aware_scale_exception_audit_v5,recovery_scarcity,6,0.652778,0.046928,0.648148,0.045942,0.199074,0.04068,0.034722,0.015744,0.025463,0.015372,0.569444,0.04175,0.078704,0.025823,0.025463,0.013948,0.18287,0.036642,0.351852,0.046842,0.185185,0.036867,0.231481,0.036296,0.680556,0.049525,0.087963,0.025002,0.027778,0.014448,0.078704,0.023272,0.152778,0.043224,0.750926,0.047187,72
boundary_aware_scale_exception_audit_v5,recovery_scarcity,7,0.631944,0.048325,0.636574,0.048922,0.148148,0.030687,0.037037,0.018528,0.041667,0.021185,0.618056,0.046789,0.090278,0.024973,0.020833,0.014357,0.168981,0.03626,0.337963,0.04381,0.203704,0.038347,0.236111,0.043224,0.648148,0.043611,0.087963,0.025823,0.037037,0.018528,0.074074,0.023197,0.164352,0.04212,0.728553,0.045048,72
boundary_aware_scale_exception_audit_v5,recovery_scarcity,8,0.685185,0.04313,0.652778,0.043224,0.164352,0.03509,0.043981,0.021423,0.018519,0.012184,0.611111,0.049631,0.078704,0.025823,0.027778,0.015827,0.1875,0.032266,0.324074,0.045638,0.185185,0.037429,0.224537,0.042938,0.636574,0.04538,0.085648,0.02584,0.025463,0.013948,0.05787,0.021585,0.12963,0.042968,0.782847,0.042037,72
boundary_aware_scale_exception_audit_v5,recovery_scarcity,9,0.706019,0.043581,0.706019,0.044057,0.1875,0.037641,0.025463,0.013948,0.023148,0.014883,0.574074,0.050419,0.087963,0.028144,0.030093,0.016252,0.173611,0.036228,0.298611,0.043793,0.185185,0.033918,0.238426,0.03702,0.625,0.045574,0.090278,0.028851,0.016204,0.011485,0.069444,0.020176,0.145833,0.044737,0.802639,0.040794,72
boundary_aware_scale_exception_audit_v5,shortcut_shift,0,0.671296,0.040337,0.673611,0.042585,0.171296,0.035374,0.060185,0.024439,0.016204,0.011485,0.590278,0.046566,0.069444,0.024815,0.032407,0.017858,0.159722,0.031941,0.388889,0.043823,0.150463,0.029011,0.263889,0.039699,0.650463,0.046665,0.087963,0.025002,0.025463,0.013948,0.064815,0.022895,0.166667,0.039303,0.770521,0.041647,72
boundary_aware_scale_exception_audit_v5,shortcut_shift,1,0.673611,0.047233,0.641204,0.042694,0.199074,0.035765,0.041667,0.017988,0.018519,0.012184,0.585648,0.05249,0.069444,0.025643,0.011574,0.009855,0.196759,0.035582,0.303241,0.043019,0.1875,0.032907,0.268519,0.040121,0.625,0.047371,0.092593,0.028082,0.030093,0.016252,0.053241,0.020254,0.136574,0.041032,0.765104,0.04604,72
boundary_aware_scale_exception_audit_v5,shortcut_shift,2,0.664352,0.050255,0.673611,0.040059,0.141204,0.033982,0.043981,0.022376,0.018519,0.012184,0.590278,0.054803,0.05787,0.022531,0.032407,0.016648,0.155093,0.029131,0.3125,0.048325,0.199074,0.038573,0.259259,0.042806,0.643519,0.046281,0.092593,0.027329,0.023148,0.014883,0.05787,0.023439,0.18287,0.045303,0.759352,0.04737,72
boundary_aware_scale_exception_audit_v5,shortcut_shift,3,0.701389,0.047892,0.668981,0.041116,0.194444,0.044297,0.023148,0.016225,0.013889,0.010715,0.601852,0.049443,0.074074,0.022279,0.034722,0.017019,0.203704,0.037799,0.37963,0.049724,0.199074,0.04317,0.275463,0.038854,0.648148,0.041148,0.078704,0.025002,0.039352,0.019908,0.060185,0.023569,0.138889,0.043823,0.789514,0.043835,72
boundary_aware_scale_exception_audit_v5,shortcut_shift,4,0.673611,0.043072,0.680556,0.051993,0.175926,0.034729,0.032407,0.017858,0.013889,0.010715,0.585648,0.050874,0.104167,0.026196,0.016204,0.011485,0.224537,0.044372,0.344907,0.051418,0.175926,0.034122,0.263889,0.03917,0.608796,0.048421,0.078704,0.025002,0.027778,0.014448,0.055556,0.02143,0.148148,0.039597,0.766979,0.041528,72
boundary_aware_scale_exception_audit_v5,shortcut_shift,5,0.666667,0.041373,0.668981,0.044995,0.164352,0.031318,0.050926,0.022971,0.034722,0.018204,0.597222,0.051184,0.078704,0.025823,0.025463,0.013948,0.215278,0.036228,0.324074,0.04787,0.199074,0.033349,0.236111,0.036977,0.611111,0.047481,0.083333,0.027413,0.020833,0.014357,0.0625,0.023686,0.164352,0.043099,0.762338,0.040592,72
boundary_aware_scale_exception_audit_v5,shortcut_shift,6,0.668981,0.046366,0.6875,0.040833,0.189815,0.038392,0.032407,0.015343,0.030093,0.014912,0.615741,0.041694,0.078704,0.030287,0.011574,0.011784,0.194444,0.039303,0.314815,0.04215,0.171296,0.032289,0.25,0.043344,0.662037,0.046131,0.094907,0.027281,0.018519,0.012184,0.05787,0.021585,0.157407,0.045178,0.76816,0.046469,72
boundary_aware_scale_exception_audit_v5,shortcut_shift,7,0.662037,0.042846,0.657407,0.046093,0.180556,0.038089,0.053241,0.02126,0.025463,0.013948,0.631944,0.047454,0.087963,0.025823,0.023148,0.013407,0.168981,0.028528,0.3125,0.043793,0.159722,0.031941,0.263889,0.040737,0.645833,0.043314,0.081019,0.027408,0.027778,0.014448,0.06713,0.022063,0.157407,0.041317,0.762072,0.042618,72
boundary_aware_scale_exception_audit_v5,shortcut_shift,8,0.717593,0.039111,0.643519,0.052614,0.166667,0.03419,0.027778,0.014448,0.018519,0.01523,0.606481,0.05141,0.097222,0.030134,0.013889,0.012512,0.189815,0.036152,0.303241,0.043501,0.164352,0.036832,0.238426,0.038131,0.666667,0.049631,0.097222,0.028715,0.030093,0.014912,0.0625,0.022787,0.090278,0.028851,0.81419,0.036044,72
boundary_aware_scale_exception_audit_v5,shortcut_shift,9,0.69213,0.044136,0.645833,0.041341,0.166667,0.038768,0.030093,0.016252,0.034722,0.017019,0.583333,0.047919,0.05787,0.020595,0.020833,0.012821,0.155093,0.037301,0.3125,0.044737,0.210648,0.037114,0.206019,0.037948,0.599537,0.052357,0.076389,0.023241,0.050926,0.02006,0.055556,0.018276,0.131944,0.036515,0.788623,0.040393,72
compute_balanced_scaling,combined_exception_stress,0,0.300926,0.042684,0.289352,0.042367,0.337963,0.043331,0.208333,0.036408,0.226852,0.043491,0.331019,0.043099,0.25,0.039831,0.229167,0.043072,0.180556,0.034645,0.344907,0.047624,0.388889,0.040351,0.391204,0.048851,0.261574,0.04326,0.263889,0.041247,0.092593,0.025756,0.171296,0.030969,0.460648,0.05688,0.241944,0.042572,72
compute_balanced_scaling,combined_exception_stress,1,0.326389,0.048969,0.289352,0.034791,0.347222,0.044179,0.199074,0.038573,0.19213,0.039122,0.25463,0.040851,0.215278,0.037363,0.196759,0.036164,0.166667,0.031654,0.340278,0.042092,0.456019,0.045686,0.372685,0.040088,0.238426,0.045609,0.256944,0.046566,0.078704,0.022357,0.185185,0.038528,0.409722,0.060246,0.272708,0.048154,72
compute_balanced_scaling,combined_exception_stress,2,0.319444,0.044179,0.238426,0.03758,0.342593,0.04787,0.134259,0.032717,0.210648,0.039827,0.238426,0.034084,0.180556,0.03583,0.224537,0.035484,0.164352,0.033879,0.391204,0.047551,0.377315,0.04614,0.418981,0.049205,0.252315,0.040862,0.238426,0.038675,0.090278,0.028118,0.168981,0.03509,0.425926,0.056657,0.263877,0.045199,72
compute_balanced_scaling,combined_exception_stress,3,0.319444,0.040737,0.273148,0.038932,0.328704,0.049197,0.162037,0.036535,0.185185,0.040121,0.293981,0.041621,0.215278,0.041088,0.226852,0.038932,0.141204,0.026373,0.375,0.045574,0.388889,0.041874,0.375,0.042738,0.273148,0.038932,0.293981,0.039564,0.092593,0.024932,0.145833,0.034758,0.4375,0.051056,0.271343,0.040635,72
compute_balanced_scaling,combined_exception_stress,4,0.296296,0.040979,0.291667,0.045574,0.337963,0.04834,0.178241,0.041537,0.208333,0.034037,0.310185,0.041527,0.233796,0.033982,0.212963,0.040979,0.168981,0.039033,0.358796,0.050324,0.409722,0.047012,0.414352,0.044762,0.259259,0.038708,0.268519,0.037429,0.113426,0.032836,0.175926,0.037614,0.479167,0.055934,0.241319,0.042658,72
compute_balanced_scaling,combined_exception_stress,5,0.282407,0.047761,0.252315,0.039299,0.377315,0.041871,0.143519,0.034978,0.208333,0.036408,0.296296,0.039947,0.210648,0.040348,0.196759,0.04052,0.166667,0.03539,0.37037,0.049302,0.444444,0.046143,0.423611,0.046566,0.268519,0.041652,0.238426,0.035874,0.104167,0.028487,0.171296,0.032929,0.456019,0.058508,0.232407,0.048403,72
compute_balanced_scaling,combined_exception_stress,6,0.319444,0.040222,0.240741,0.041317,0.287037,0.041985,0.173611,0.037918,0.166667,0.039303,0.300926,0.046879,0.224537,0.045303,0.238426,0.039739,0.171296,0.032929,0.388889,0.049631,0.405093,0.045609,0.425926,0.050419,0.268519,0.038528,0.229167,0.042585,0.106481,0.027645,0.150463,0.03241,0.456019,0.054442,0.264167,0.042407,72
compute_balanced_scaling,combined_exception_stress,7,0.3125,0.047892,0.289352,0.044762,0.347222,0.049102,0.131944,0.030945,0.203704,0.037242,0.324074,0.044714,0.217593,0.041694,0.217593,0.039111,0.131944,0.038735,0.402778,0.048244,0.476852,0.048052,0.435185,0.043611,0.275463,0.043421,0.282407,0.040164,0.099537,0.028649,0.175926,0.038165,0.435185,0.061825,0.269641,0.048057,72
compute_balanced_scaling,combined_exception_stress,8,0.326389,0.042092,0.280093,0.042775,0.342593,0.044245,0.164352,0.03568,0.178241,0.035582,0.273148,0.047615,0.25463,0.042846,0.203704,0.0318,0.171296,0.032289,0.351852,0.044087,0.358796,0.043661,0.400463,0.047331,0.273148,0.043008,0.266204,0.046441,0.083333,0.026641,0.125,0.033418,0.43287,0.051957,0.274641,0.043693,72
compute_balanced_scaling,combined_exception_stress,9,0.340278,0.044503,0.263889,0.042247,0.342593,0.045178,0.150463,0.034891,0.203704,0.037799,0.273148,0.044441,0.238426,0.039211,0.215278,0.037363,0.18287,0.034891,0.337963,0.043331,0.405093,0.057002,0.391204,0.045762,0.240741,0.037614,0.25,0.040865,0.094907,0.025705,0.175926,0.035911,0.423611,0.056675,0.283125,0.045038,72
compute_balanced_scaling,contact_tail_shift,0,0.407407,0.043291,0.30787,0.04777,0.331019,0.048565,0.131944,0.032266,0.203704,0.043451,0.3125,0.041341,0.208333,0.035243,0.201389,0.033535,0.12963,0.030459,0.372685,0.044995,0.344907,0.038944,0.386574,0.047843,0.268519,0.044558,0.25,0.04237,0.0625,0.020875,0.131944,0.036515,0.384259,0.05392,0.365868,0.046636,72
compute_balanced_scaling,contact_tail_shift,1,0.430556,0.049102,0.300926,0.04317,0.287037,0.041985,0.166667,0.039303,0.178241,0.038944,0.287037,0.047579,0.178241,0.037856,0.1875,0.033535,0.143519,0.031855,0.351852,0.039597,0.365741,0.048196,0.414352,0.049205,0.340278,0.043072,0.24537,0.037102,0.099537,0.029369,0.143519,0.034376,0.349537,0.060668,0.392083,0.050648,72
compute_balanced_scaling,contact_tail_shift,2,0.425926,0.050419,0.293981,0.044529,0.331019,0.037948,0.115741,0.028634,0.215278,0.037363,0.310185,0.040509,0.18287,0.034891,0.18287,0.036068,0.162037,0.033557,0.372685,0.04212,0.365741,0.048196,0.375,0.044649,0.284722,0.041593,0.231481,0.041652,0.081019,0.026635,0.143519,0.036152,0.351852,0.060113,0.389433,0.052742,72
compute_balanced_scaling,contact_tail_shift,3,0.386574,0.045609,0.305556,0.046143,0.326389,0.042092,0.131944,0.035939,0.18287,0.037207,0.280093,0.042775,0.208333,0.040737,0.203704,0.040979,0.178241,0.036737,0.365741,0.041694,0.37963,0.046693,0.416667,0.04237,0.266204,0.045533,0.206019,0.036832,0.050926,0.022043,0.1875,0.040319,0.405093,0.061579,0.341771,0.046663,72
compute_balanced_scaling,contact_tail_shift,4,0.400463,0.045072,0.282407,0.04317,0.293981,0.039564,0.141204,0.030071,0.18287,0.034288,0.321759,0.042037,0.194444,0.037676,0.19213,0.041201,0.196759,0.038404,0.349537,0.045303,0.363426,0.04674,0.451389,0.051056,0.261574,0.045149,0.224537,0.043899,0.060185,0.022666,0.166667,0.038226,0.391204,0.055266,0.352037,0.046374,72
compute_balanced_scaling,contact_tail_shift,5,0.458333,0.051184,0.231481,0.035717,0.319444,0.048244,0.127315,0.029955,0.208333,0.04175,0.280093,0.03758,0.219907,0.040261,0.219907,0.03758,0.157407,0.035325,0.368056,0.044267,0.351852,0.040638,0.386574,0.050806,0.3125,0.044737,0.247685,0.040862,0.081019,0.02584,0.164352,0.033258,0.337963,0.053271,0.407593,0.053576,72
compute_balanced_scaling,contact_tail_shift,6,0.428241,0.053214,0.266204,0.040175,0.354167,0.040833,0.148148,0.034528,0.164352,0.03509,0.293981,0.048565,0.206019,0.038494,0.180556,0.035243,0.180556,0.033418,0.363426,0.046291,0.351852,0.043611,0.414352,0.042856,0.293981,0.044995,0.256944,0.039798,0.071759,0.02222,0.175926,0.040294,0.347222,0.062227,0.38691,0.052751,72
compute_balanced_scaling,contact_tail_shift,7,0.356481,0.047175,0.291667,0.04175,0.303241,0.039476,0.157407,0.035911,0.1875,0.036515,0.287037,0.035521,0.206019,0.041621,0.180556,0.036408,0.178241,0.037301,0.363426,0.043019,0.381944,0.051463,0.439815,0.03999,0.266204,0.041201,0.210648,0.036547,0.076389,0.023241,0.157407,0.032235,0.479167,0.058488,0.305556,0.046918,72
compute_balanced_scaling,contact_tail_shift,8,0.368056,0.050023,0.303241,0.04052,0.319444,0.041247,0.150463,0.034288,0.222222,0.041874,0.300926,0.045523,0.175926,0.037055,0.164352,0.04212,0.150463,0.03241,0.37037,0.040466,0.37963,0.048015,0.398148,0.04816,0.337963,0.045676,0.206019,0.043099,0.076389,0.025795,0.12963,0.0318,0.423611,0.061954,0.330903,0.048307,72
compute_balanced_scaling,contact_tail_shift,9,0.381944,0.053453,0.275463,0.042938,0.331019,0.048993,0.125,0.028715,0.171296,0.036535,0.310185,0.046281,0.222222,0.039831,0.208333,0.041247,0.145833,0.031613,0.386574,0.044215,0.372685,0.045457,0.409722,0.044737,0.3125,0.042829,0.231481,0.04215,0.081019,0.025019,0.143519,0.03557,0.414352,0.054442,0.344259,0.05448,72
compute_balanced_scaling,cross_robot_morphology,0,0.356481,0.047615,0.280093,0.041285,0.349537,0.039388,0.143519,0.031193,0.148148,0.033297,0.314815,0.045024,0.208333,0.037537,0.206019,0.039564,0.143519,0.039465,0.365741,0.045063,0.363426,0.049347,0.393519,0.044441,0.266204,0.040691,0.236111,0.04603,0.113426,0.02877,0.145833,0.035939,0.402778,0.060871,0.318299,0.048233,72
compute_balanced_scaling,cross_robot_morphology,1,0.375,0.046481,0.252315,0.035386,0.3125,0.045201,0.150463,0.029722,0.222222,0.04286,0.296296,0.042479,0.180556,0.032145,0.185185,0.032664,0.152778,0.032145,0.344907,0.04674,0.337963,0.040851,0.405093,0.040261,0.303241,0.033777,0.226852,0.047175,0.108796,0.029722,0.131944,0.026592,0.421296,0.054434,0.328634,0.045901,72
compute_balanced_scaling,cross_robot_morphology,2,0.354167,0.047012,0.280093,0.039739,0.358796,0.044607,0.148148,0.036296,0.180556,0.036977,0.337963,0.041861,0.157407,0.037055,0.18287,0.034891,0.162037,0.032929,0.439815,0.04673,0.365741,0.047761,0.398148,0.047725,0.25463,0.039288,0.240741,0.041819,0.106481,0.026879,0.148148,0.036296,0.425926,0.054784,0.314595,0.047577,72
compute_balanced_scaling,cross_robot_morphology,3,0.372685,0.040088,0.296296,0.036678,0.277778,0.043823,0.145833,0.034758,0.226852,0.04252,0.298611,0.043793,0.196759,0.04052,0.171296,0.032289,0.159722,0.036228,0.384259,0.044597,0.412037,0.049619,0.356481,0.04537,0.282407,0.048627,0.229167,0.043072,0.099537,0.030071,0.152778,0.033418,0.391204,0.051755,0.326632,0.043202,72
compute_balanced_scaling,cross_robot_morphology,4,0.421296,0.04834,0.296296,0.043929,0.31713,0.04484,0.150463,0.031759,0.196759,0.041537,0.31713,0.039388,0.208333,0.038089,0.171296,0.037661,0.171296,0.039288,0.388889,0.046594,0.398148,0.051915,0.372685,0.048133,0.261574,0.038675,0.247685,0.037672,0.085648,0.02584,0.145833,0.034152,0.365741,0.057298,0.379433,0.049022,72
compute_balanced_scaling,cross_robot_morphology,5,0.381944,0.044969,0.287037,0.041485,0.298611,0.044267,0.143519,0.034978,0.171296,0.037661,0.275463,0.041453,0.196759,0.036737,0.164352,0.03568,0.150463,0.033048,0.393519,0.046281,0.381944,0.053061,0.391204,0.046216,0.287037,0.048448,0.215278,0.041088,0.108796,0.033048,0.125,0.028715,0.351852,0.057993,0.341134,0.045059,72
compute_balanced_scaling,cross_robot_morphology,6,0.37037,0.040979,0.263889,0.039699,0.261574,0.042284,0.171296,0.031636,0.180556,0.038089,0.293981,0.04212,0.178241,0.036737,0.210648,0.038764,0.1875,0.032266,0.365741,0.045523,0.381944,0.037363,0.402778,0.045574,0.298611,0.046115,0.231481,0.037429,0.092593,0.028816,0.145833,0.038735,0.414352,0.054442,0.319942,0.043167,72
compute_balanced_scaling,cross_robot_morphology,7,0.414352,0.045686,0.25,0.04237,0.282407,0.041694,0.115741,0.032073,0.164352,0.03626,0.291667,0.043224,0.199074,0.04119,0.199074,0.036344,0.180556,0.037537,0.393519,0.048052,0.37963,0.041485,0.409722,0.042339,0.319444,0.046928,0.238426,0.03758,0.104167,0.031941,0.134259,0.032073,0.361111,0.053282,0.372859,0.047991,72
compute_balanced_scaling,cross_robot_morphology,8,0.393519,0.054178,0.266204,0.043661,0.289352,0.041871,0.166667,0.033574,0.226852,0.034376,0.347222,0.045114,0.175926,0.034122,0.206019,0.03626,0.159722,0.036228,0.386574,0.044685,0.375,0.045574,0.449074,0.039641,0.305556,0.043823,0.268519,0.039597,0.087963,0.027392,0.131944,0.030945,0.407407,0.0616,0.343808,0.053614,72
compute_balanced_scaling,cross_robot_morphology,9,0.365741,0.048627,0.31713,0.045762,0.275463,0.04711,0.143519,0.03314,0.157407,0.037055,0.31713,0.047551,0.196759,0.040001,0.203704,0.034326,0.19213,0.039652,0.37037,0.048015,0.409722,0.042829,0.407407,0.04787,0.300926,0.039641,0.252315,0.041871,0.104167,0.025387,0.178241,0.042037,0.430556,0.055864,0.327153,0.049707,72
compute_balanced_scaling,embodiment_shift,0,0.421296,0.04877,0.293981,0.047258,0.31713,0.052952,0.118056,0.031281,0.168981,0.037948,0.3125,0.048755,0.203704,0.034929,0.1875,0.038192,0.136574,0.026895,0.372685,0.048993,0.377315,0.054824,0.414352,0.050047,0.256944,0.040319,0.268519,0.044087,0.090278,0.027366,0.152778,0.032145,0.368056,0.052864,0.381366,0.052354,72
compute_balanced_scaling,embodiment_shift,1,0.405093,0.046516,0.305556,0.046143,0.314815,0.037429,0.141204,0.028649,0.168981,0.03626,0.326389,0.045431,0.175926,0.038165,0.175926,0.038165,0.171296,0.034173,0.37963,0.04579,0.375,0.040737,0.409722,0.044737,0.275463,0.04711,0.19213,0.036356,0.104167,0.02921,0.131944,0.039798,0.37963,0.055666,0.369769,0.04801,72
compute_balanced_scaling,embodiment_shift,2,0.365741,0.054689,0.291667,0.040737,0.310185,0.051002,0.108796,0.029011,0.168981,0.033879,0.280093,0.042775,0.185185,0.033918,0.159722,0.029917,0.162037,0.033557,0.333333,0.050877,0.375,0.045574,0.384259,0.044126,0.273148,0.043008,0.206019,0.039564,0.104167,0.028487,0.115741,0.030057,0.428241,0.06358,0.331134,0.056,72
compute_balanced_scaling,embodiment_shift,3,0.388889,0.043344,0.333333,0.043823,0.298611,0.047892,0.127315,0.032624,0.185185,0.040121,0.331019,0.044057,0.18287,0.036642,0.173611,0.037918,0.173611,0.031941,0.365741,0.046879,0.365741,0.039641,0.412037,0.047469,0.266204,0.041704,0.212963,0.039421,0.106481,0.030516,0.157407,0.035911,0.398148,0.053888,0.352755,0.04356,72
compute_balanced_scaling,embodiment_shift,4,0.375,0.048244,0.303241,0.050185,0.282407,0.041694,0.145833,0.028118,0.18287,0.037207,0.303241,0.049347,0.19213,0.033982,0.166667,0.03419,0.134259,0.032717,0.395833,0.047673,0.398148,0.039066,0.409722,0.041843,0.277778,0.044297,0.256944,0.037641,0.115741,0.035177,0.185185,0.034528,0.421296,0.056688,0.332315,0.049483,72
compute_balanced_scaling,embodiment_shift,5,0.368056,0.049604,0.293981,0.04212,0.319444,0.046928,0.171296,0.035959,0.171296,0.036535,0.30787,0.040175,0.162037,0.028876,0.178241,0.034389,0.185185,0.03136,0.375,0.049945,0.377315,0.042856,0.391204,0.046216,0.259259,0.040808,0.231481,0.042643,0.099537,0.030071,0.138889,0.03419,0.421296,0.060603,0.325162,0.051595,72
compute_balanced_scaling,embodiment_shift,6,0.412037,0.047469,0.284722,0.043072,0.275463,0.042938,0.115741,0.029354,0.171296,0.035959,0.340278,0.048969,0.168981,0.031318,0.178241,0.04052,0.145833,0.031613,0.377315,0.042856,0.331019,0.043581,0.446759,0.047405,0.293981,0.038494,0.231481,0.035127,0.113426,0.031539,0.12037,0.031137,0.342593,0.053629,0.380289,0.04925,72
compute_balanced_scaling,embodiment_shift,7,0.414352,0.049205,0.289352,0.048349,0.291667,0.040737,0.101852,0.025484,0.1875,0.035353,0.30787,0.042694,0.189815,0.034376,0.164352,0.031978,0.164352,0.037394,0.375,0.049525,0.377315,0.039827,0.409722,0.044267,0.30787,0.039122,0.224537,0.042449,0.12963,0.029056,0.162037,0.030969,0.342593,0.054784,0.379259,0.051885,72
compute_balanced_scaling,embodiment_shift,8,0.347222,0.04603,0.303241,0.046291,0.342593,0.043291,0.131944,0.034758,0.175926,0.041819,0.333333,0.043344,0.162037,0.02959,0.168981,0.03449,0.164352,0.03568,0.384259,0.043651,0.381944,0.044031,0.391204,0.046216,0.222222,0.034796,0.208333,0.038089,0.122685,0.032942,0.138889,0.03419,0.469907,0.053799,0.308519,0.046443,72
compute_balanced_scaling,embodiment_shift,9,0.381944,0.043072,0.287037,0.038888,0.314815,0.045942,0.122685,0.03165,0.157407,0.037055,0.31713,0.043899,0.203704,0.036104,0.148148,0.032018,0.1875,0.037083,0.386574,0.04374,0.386574,0.04374,0.412037,0.037661,0.342593,0.04377,0.224537,0.039388,0.081019,0.025019,0.118056,0.029917,0.391204,0.05135,0.344711,0.043705,72
compute_balanced_scaling,heldout_exception_composition,0,0.388889,0.044766,0.266204,0.045989,0.296296,0.039421,0.125,0.027979,0.164352,0.028528,0.291667,0.043704,0.199074,0.037475,0.210648,0.042856,0.155093,0.041032,0.393519,0.044908,0.393519,0.046281,0.393519,0.046281,0.263889,0.040222,0.259259,0.041317,0.081019,0.029605,0.159722,0.031941,0.349537,0.057124,0.348287,0.04662,72
compute_balanced_scaling,heldout_exception_composition,1,0.347222,0.041247,0.303241,0.042037,0.342593,0.043291,0.148148,0.035127,0.175926,0.032235,0.30787,0.04318,0.164352,0.036832,0.168981,0.03568,0.150463,0.029722,0.388889,0.044297,0.381944,0.044031,0.425926,0.042315,0.284722,0.039003,0.243056,0.03927,0.101852,0.025484,0.143519,0.02839,0.402778,0.050774,0.309132,0.043876,72
compute_balanced_scaling,heldout_exception_composition,2,0.324074,0.053629,0.261574,0.042284,0.310185,0.042026,0.159722,0.032588,0.180556,0.041247,0.314815,0.037982,0.199074,0.040164,0.175926,0.035911,0.18287,0.03241,0.365741,0.048627,0.384259,0.04119,0.423611,0.042829,0.259259,0.041819,0.300926,0.042684,0.064815,0.023789,0.131944,0.030945,0.449074,0.068575,0.277813,0.053264,72
compute_balanced_scaling,heldout_exception_composition,3,0.349537,0.040947,0.256944,0.038192,0.333333,0.052889,0.168981,0.036832,0.175926,0.034122,0.328704,0.045676,0.194444,0.037118,0.201389,0.040833,0.175926,0.035325,0.377315,0.041369,0.393519,0.049338,0.4375,0.036228,0.261574,0.044685,0.25463,0.040337,0.085648,0.028891,0.155093,0.038404,0.421296,0.050865,0.298067,0.042662,72
compute_balanced_scaling,heldout_exception_composition,4,0.344907,0.049347,0.275463,0.036068,0.319444,0.04603,0.145833,0.035939,0.201389,0.03927,0.303241,0.042531,0.194444,0.037676,0.256944,0.034152,0.171296,0.034779,0.375,0.04603,0.377315,0.040862,0.381944,0.051463,0.263889,0.044179,0.226852,0.043491,0.106481,0.02839,0.152778,0.039699,0.428241,0.06358,0.297014,0.051721,72
compute_balanced_scaling,heldout_exception_composition,5,0.335648,0.05229,0.3125,0.042339,0.356481,0.041021,0.131944,0.031613,0.203704,0.039947,0.291667,0.046928,0.201389,0.036515,0.199074,0.036914,0.162037,0.031636,0.398148,0.043611,0.386574,0.038131,0.375,0.049102,0.263889,0.03917,0.24537,0.047469,0.097222,0.031489,0.162037,0.030969,0.421296,0.061628,0.297905,0.052177,72
compute_balanced_scaling,heldout_exception_composition,6,0.368056,0.047454,0.31713,0.048851,0.335648,0.041621,0.101852,0.02629,0.185185,0.033918,0.293981,0.041116,0.155093,0.034991,0.206019,0.037394,0.171296,0.034779,0.372685,0.044529,0.391204,0.043899,0.405093,0.04326,0.296296,0.044401,0.238426,0.036452,0.136574,0.031207,0.155093,0.036164,0.421296,0.060603,0.336146,0.047598,72
compute_balanced_scaling,heldout_exception_composition,7,0.321759,0.04538,0.273148,0.03999,0.333333,0.048782,0.113426,0.030187,0.226852,0.037845,0.280093,0.042284,0.1875,0.034758,0.217593,0.033349,0.155093,0.034991,0.388889,0.039831,0.384259,0.04598,0.400463,0.040691,0.224537,0.038313,0.238426,0.034691,0.101852,0.030687,0.134259,0.030057,0.423611,0.063617,0.274514,0.045136,72
compute_balanced_scaling,heldout_exception_composition,8,0.363426,0.055329,0.240741,0.039772,0.335648,0.037948,0.134259,0.033349,0.168981,0.03568,0.270833,0.041088,0.194444,0.04523,0.219907,0.042775,0.180556,0.038633,0.365741,0.045063,0.314815,0.04313,0.393519,0.04537,0.303241,0.041032,0.282407,0.040164,0.071759,0.023141,0.175926,0.038708,0.407407,0.0649,0.324201,0.053941,72
compute_balanced_scaling,heldout_exception_composition,9,0.347222,0.049945,0.293981,0.039033,0.347222,0.04781,0.180556,0.038633,0.185185,0.040638,0.256944,0.03927,0.201389,0.035939,0.185185,0.042643,0.178241,0.034389,0.377315,0.047036,0.405093,0.041788,0.423611,0.051666,0.268519,0.040638,0.266204,0.042694,0.081019,0.022376,0.159722,0.034456,0.391204,0.064665,0.298866,0.051091,72
compute_balanced_scaling,nominal_scaling,0,0.50463,0.047907,0.365741,0.04317,0.268519,0.039597,0.092593,0.027329,0.159722,0.035057,0.296296,0.044869,0.162037,0.02959,0.175926,0.039772,0.134259,0.027137,0.391204,0.04484,0.310185,0.036152,0.446759,0.046962,0.30787,0.043661,0.231481,0.041652,0.06713,0.025569,0.104167,0.029917,0.31713,0.053734,0.48441,0.051466,72
compute_balanced_scaling,nominal_scaling,1,0.518519,0.055038,0.291667,0.044179,0.314815,0.043611,0.078704,0.027392,0.145833,0.036515,0.298611,0.040319,0.136574,0.029839,0.196759,0.041537,0.131944,0.030945,0.30787,0.046441,0.335648,0.043581,0.414352,0.04659,0.303241,0.044918,0.208333,0.041247,0.076389,0.026592,0.122685,0.03165,0.310185,0.058262,0.498993,0.05758,72
compute_balanced_scaling,nominal_scaling,2,0.497685,0.049417,0.314815,0.047725,0.247685,0.041871,0.111111,0.028164,0.143519,0.03314,0.337963,0.047907,0.141204,0.033362,0.18287,0.038313,0.131944,0.028851,0.388889,0.048352,0.347222,0.043224,0.430556,0.04781,0.326389,0.042092,0.215278,0.039003,0.076389,0.025795,0.134259,0.029354,0.349537,0.059976,0.478542,0.0513,72
compute_balanced_scaling,nominal_scaling,3,0.548611,0.044031,0.30787,0.041201,0.30787,0.041201,0.104167,0.02921,0.178241,0.038404,0.284722,0.047233,0.155093,0.04052,0.178241,0.037301,0.12963,0.028329,0.405093,0.046065,0.256944,0.046566,0.439815,0.048913,0.298611,0.042829,0.275463,0.048421,0.053241,0.018076,0.113426,0.026505,0.293981,0.048993,0.517604,0.044364,72
compute_balanced_scaling,nominal_scaling,4,0.525463,0.04777,0.293981,0.044529,0.289352,0.048349,0.101852,0.029295,0.166667,0.031654,0.335648,0.042612,0.175926,0.035325,0.175926,0.034729,0.12037,0.026024,0.409722,0.051666,0.361111,0.04286,0.363426,0.04052,0.326389,0.040577,0.236111,0.044179,0.090278,0.024973,0.115741,0.033969,0.298611,0.052864,0.504178,0.048806,72
compute_balanced_scaling,nominal_scaling,5,0.49537,0.042846,0.30787,0.046888,0.273148,0.042026,0.097222,0.025643,0.152778,0.032145,0.319444,0.042738,0.150463,0.033048,0.171296,0.038753,0.145833,0.029566,0.425926,0.045178,0.340278,0.048541,0.423611,0.044267,0.303241,0.038404,0.240741,0.037055,0.069444,0.021185,0.101852,0.029295,0.310185,0.048913,0.470822,0.045669,72
compute_balanced_scaling,nominal_scaling,6,0.493056,0.051056,0.337963,0.046581,0.259259,0.040808,0.076389,0.024122,0.175926,0.035325,0.331019,0.039564,0.157407,0.036487,0.152778,0.035243,0.131944,0.032907,0.423611,0.047012,0.296296,0.040979,0.428241,0.048708,0.337963,0.040851,0.268519,0.046394,0.05787,0.021585,0.138889,0.03419,0.351852,0.056902,0.474572,0.050897,72
compute_balanced_scaling,nominal_scaling,7,0.539352,0.042612,0.342593,0.05124,0.280093,0.041285,0.104167,0.029917,0.148148,0.033297,0.344907,0.046291,0.152778,0.032788,0.164352,0.036832,0.166667,0.035975,0.388889,0.046143,0.287037,0.043451,0.37963,0.041985,0.328704,0.04381,0.212963,0.03245,0.05787,0.021585,0.111111,0.02961,0.291667,0.05159,0.524549,0.04373,72
compute_balanced_scaling,nominal_scaling,8,0.50463,0.049619,0.328704,0.045217,0.296296,0.038347,0.094907,0.030187,0.141204,0.031429,0.328704,0.044753,0.145833,0.032266,0.162037,0.035959,0.138889,0.033574,0.43287,0.045989,0.300926,0.045063,0.416667,0.044766,0.363426,0.043978,0.194444,0.036551,0.071759,0.02488,0.085648,0.025019,0.333333,0.055957,0.490451,0.051297,72
compute_balanced_scaling,nominal_scaling,9,0.469907,0.046291,0.365741,0.043651,0.310185,0.047615,0.097222,0.025643,0.166667,0.030988,0.305556,0.039303,0.168981,0.039564,0.127315,0.03509,0.131944,0.033535,0.405093,0.047405,0.273148,0.03999,0.412037,0.045217,0.340278,0.043072,0.226852,0.046281,0.071759,0.02222,0.108796,0.028283,0.377315,0.054057,0.449942,0.047303,72
compute_balanced_scaling,recovery_scarcity,0,0.388889,0.047919,0.324074,0.050003,0.3125,0.046115,0.118056,0.027744,0.150463,0.037207,0.291667,0.041247,0.196759,0.036164,0.18287,0.041954,0.159722,0.0368,0.425926,0.04377,0.37963,0.049724,0.449074,0.051138,0.268519,0.042643,0.236111,0.043224,0.092593,0.028816,0.155093,0.040001,0.372685,0.060092,0.352187,0.049877,72
compute_balanced_scaling,recovery_scarcity,1,0.391204,0.042449,0.261574,0.036452,0.331019,0.039033,0.12963,0.029056,0.178241,0.033777,0.284722,0.039535,0.196759,0.036164,0.208333,0.039699,0.136574,0.031869,0.393519,0.052216,0.375,0.046928,0.435185,0.048592,0.289352,0.039827,0.208333,0.036408,0.0625,0.020875,0.122685,0.036547,0.391204,0.050942,0.3439,0.044993,72
compute_balanced_scaling,recovery_scarcity,2,0.409722,0.052864,0.310185,0.03557,0.303241,0.043019,0.145833,0.031613,0.1875,0.037641,0.263889,0.038633,0.173611,0.034456,0.18287,0.034891,0.148148,0.033297,0.388889,0.039831,0.384259,0.042684,0.456019,0.042367,0.300926,0.045523,0.196759,0.042531,0.078704,0.028144,0.199074,0.033969,0.381944,0.052268,0.365613,0.054035,72
compute_balanced_scaling,recovery_scarcity,3,0.361111,0.05005,0.3125,0.038192,0.31713,0.043899,0.118056,0.032588,0.175926,0.036487,0.298611,0.043314,0.203704,0.033712,0.164352,0.036832,0.152778,0.032145,0.398148,0.042643,0.377315,0.050047,0.391204,0.041954,0.293981,0.044529,0.247685,0.034791,0.053241,0.02126,0.164352,0.03568,0.430556,0.053963,0.32625,0.051817,72
compute_balanced_scaling,recovery_scarcity,4,0.416667,0.047039,0.300926,0.041694,0.310185,0.03999,0.148148,0.032018,0.203704,0.035521,0.282407,0.045063,0.19213,0.038585,0.201389,0.040319,0.168981,0.033879,0.428241,0.049558,0.391204,0.050531,0.418981,0.054824,0.277778,0.036551,0.24537,0.035374,0.092593,0.027329,0.164352,0.037948,0.391204,0.05821,0.370278,0.048771,72
compute_balanced_scaling,recovery_scarcity,5,0.395833,0.043072,0.31713,0.045762,0.296296,0.039421,0.115741,0.030743,0.162037,0.035374,0.270833,0.044503,0.1875,0.034152,0.219907,0.035288,0.164352,0.033258,0.414352,0.044762,0.388889,0.044766,0.37963,0.039947,0.259259,0.038165,0.240741,0.040808,0.094907,0.028035,0.150463,0.031095,0.395833,0.056491,0.362789,0.042986,72
compute_balanced_scaling,recovery_scarcity,6,0.361111,0.040865,0.289352,0.041369,0.326389,0.040577,0.166667,0.03419,0.157407,0.041317,0.293981,0.041621,0.203704,0.037242,0.203704,0.037242,0.134259,0.032717,0.423611,0.046115,0.393519,0.050177,0.444444,0.043344,0.273148,0.041527,0.247685,0.041871,0.081019,0.02417,0.136574,0.031869,0.381944,0.052666,0.312662,0.043536,72
compute_balanced_scaling,recovery_scarcity,7,0.365741,0.04598,0.298611,0.048755,0.305556,0.04523,0.131944,0.028118,0.150463,0.034891,0.263889,0.04781,0.1875,0.042339,0.168981,0.033879,0.155093,0.037301,0.416667,0.049631,0.335648,0.040605,0.391204,0.04711,0.266204,0.044136,0.240741,0.047432,0.071759,0.023141,0.18287,0.039388,0.395833,0.055747,0.325382,0.047946,72
compute_balanced_scaling,recovery_scarcity,8,0.402778,0.04175,0.298611,0.041843,0.321759,0.044918,0.162037,0.041861,0.173611,0.038464,0.25463,0.046581,0.164352,0.033879,0.175926,0.03023,0.164352,0.03449,0.375,0.045114,0.368056,0.047012,0.365741,0.048627,0.284722,0.036228,0.222222,0.04237,0.074074,0.024932,0.168981,0.038494,0.363426,0.053799,0.36066,0.041424,72
compute_balanced_scaling,recovery_scarcity,9,0.361111,0.047039,0.284722,0.044031,0.333333,0.046143,0.166667,0.033574,0.178241,0.041537,0.30787,0.050324,0.185185,0.036296,0.18287,0.038313,0.194444,0.036551,0.372685,0.049838,0.342593,0.048735,0.400463,0.046441,0.277778,0.043344,0.215278,0.040577,0.081019,0.030983,0.157407,0.031581,0.4375,0.063122,0.317755,0.04667,72
compute_balanced_scaling,shortcut_shift,0,0.428241,0.046516,0.291667,0.038633,0.340278,0.040577,0.090278,0.031613,0.18287,0.033048,0.296296,0.04579,0.175926,0.034729,0.189815,0.034376,0.136574,0.028405,0.395833,0.043554,0.340278,0.050232,0.423611,0.053648,0.30787,0.040175,0.266204,0.045533,0.060185,0.022666,0.122685,0.03357,0.358796,0.057669,0.397859,0.048599,72
compute_balanced_scaling,shortcut_shift,1,0.393519,0.050591,0.326389,0.041088,0.305556,0.04523,0.168981,0.036832,0.175926,0.041317,0.335648,0.048565,0.115741,0.030057,0.203704,0.039421,0.18287,0.039388,0.402778,0.04781,0.381944,0.043554,0.372685,0.040088,0.289352,0.039299,0.215278,0.040059,0.085648,0.026635,0.141204,0.03273,0.37037,0.060689,0.363056,0.051773,72
compute_balanced_scaling,shortcut_shift,2,0.409722,0.050439,0.282407,0.036344,0.324074,0.046544,0.150463,0.035484,0.19213,0.033982,0.319444,0.041247,0.159722,0.039535,0.208333,0.03917,0.157407,0.032235,0.391204,0.043899,0.377315,0.042367,0.398148,0.045942,0.233796,0.044136,0.25463,0.047027,0.097222,0.024815,0.145833,0.028851,0.393519,0.052216,0.364711,0.053737,72
compute_balanced_scaling,shortcut_shift,3,0.377315,0.04614,0.333333,0.043344,0.303241,0.047184,0.12963,0.030459,0.159722,0.02921,0.291667,0.044179,0.173611,0.0368,0.1875,0.037641,0.143519,0.031193,0.423611,0.048325,0.391204,0.046216,0.430556,0.050774,0.270833,0.033845,0.268519,0.041148,0.097222,0.025643,0.162037,0.033557,0.391204,0.062698,0.344745,0.046395,72
compute_balanced_scaling,shortcut_shift,4,0.393519,0.053791,0.275463,0.040434,0.335648,0.046814,0.113426,0.032194,0.1875,0.037083,0.284722,0.042585,0.185185,0.041652,0.194444,0.040351,0.1875,0.032266,0.418981,0.051283,0.386574,0.040261,0.409722,0.051666,0.303241,0.042037,0.199074,0.036914,0.108796,0.031095,0.131944,0.034758,0.386574,0.057729,0.351852,0.054942,72
compute_balanced_scaling,shortcut_shift,5,0.405093,0.041788,0.298611,0.042339,0.284722,0.045888,0.12037,0.030459,0.217593,0.038028,0.319444,0.04603,0.203704,0.033712,0.222222,0.041373,0.162037,0.034779,0.375,0.049945,0.365741,0.047761,0.414352,0.047478,0.300926,0.047761,0.268519,0.038528,0.087963,0.026619,0.134259,0.030057,0.37963,0.052581,0.362743,0.044036,72
compute_balanced_scaling,shortcut_shift,6,0.400463,0.046441,0.344907,0.043501,0.287037,0.04579,0.12037,0.033087,0.18287,0.033048,0.263889,0.048244,0.164352,0.033879,0.178241,0.034389,0.131944,0.029566,0.377315,0.041369,0.365741,0.045523,0.377315,0.044294,0.277778,0.038226,0.238426,0.042775,0.081019,0.026635,0.162037,0.034173,0.384259,0.060142,0.371076,0.050009,72
compute_balanced_scaling,shortcut_shift,7,0.395833,0.042585,0.263889,0.04175,0.298611,0.038192,0.12037,0.026814,0.180556,0.034645,0.275463,0.041453,0.203704,0.040979,0.199074,0.038028,0.157407,0.033505,0.384259,0.046432,0.391204,0.046665,0.388889,0.044297,0.280093,0.041285,0.233796,0.047331,0.06713,0.02299,0.148148,0.033918,0.398148,0.047725,0.351192,0.045118,72
compute_balanced_scaling,shortcut_shift,8,0.375,0.045114,0.275463,0.042938,0.324074,0.041317,0.122685,0.032942,0.185185,0.035717,0.31713,0.039914,0.168981,0.03509,0.226852,0.038932,0.152778,0.031489,0.400463,0.044607,0.372685,0.046814,0.416667,0.049208,0.275463,0.044372,0.296296,0.043929,0.104167,0.032588,0.115741,0.027137,0.372685,0.053475,0.337072,0.047257,72
compute_balanced_scaling,shortcut_shift,9,0.423611,0.047012,0.291667,0.03917,0.361111,0.040351,0.136574,0.026895,0.185185,0.035717,0.335648,0.04212,0.162037,0.034173,0.203704,0.037799,0.155093,0.039476,0.391204,0.046216,0.386574,0.048277,0.418981,0.054824,0.243056,0.038192,0.231481,0.040121,0.06713,0.02299,0.152778,0.036977,0.340278,0.054993,0.384919,0.048793,72
conformal_risk_filter,combined_exception_stress,0,0.409722,0.049182,0.402778,0.049102,0.273148,0.041527,0.085648,0.030302,0.085648,0.025019,0.414352,0.045226,0.155093,0.029839,0.106481,0.031193,0.194444,0.038226,0.247685,0.042367,0.277778,0.043823,0.215278,0.038464,0.386574,0.045149,0.166667,0.03539,0.087963,0.030969,0.127315,0.029955,0.361111,0.05743,0.429201,0.050488,72
conformal_risk_filter,combined_exception_stress,1,0.398148,0.047725,0.395833,0.045431,0.289352,0.040348,0.097222,0.028715,0.090278,0.028851,0.37037,0.048448,0.159722,0.031941,0.113426,0.028035,0.201389,0.038192,0.289352,0.041871,0.275463,0.038854,0.231481,0.037982,0.395833,0.043072,0.178241,0.037856,0.064815,0.024651,0.122685,0.028891,0.335648,0.060092,0.41044,0.049693,72
conformal_risk_filter,combined_exception_stress,2,0.386574,0.046065,0.409722,0.045201,0.296296,0.043451,0.083333,0.025025,0.111111,0.030988,0.381944,0.047233,0.157407,0.033505,0.136574,0.031869,0.229167,0.042092,0.222222,0.034796,0.298611,0.044267,0.266204,0.036926,0.407407,0.046544,0.206019,0.03509,0.053241,0.02222,0.136574,0.034991,0.368056,0.056675,0.398704,0.048633,72
conformal_risk_filter,combined_exception_stress,3,0.421296,0.047469,0.393519,0.049759,0.303241,0.039476,0.090278,0.028118,0.097222,0.024815,0.384259,0.048196,0.12963,0.033712,0.131944,0.032907,0.180556,0.033418,0.268519,0.041652,0.328704,0.045676,0.229167,0.035647,0.398148,0.041652,0.138889,0.026641,0.083333,0.025025,0.12037,0.033087,0.342593,0.052845,0.439375,0.050734,72
conformal_risk_filter,combined_exception_stress,4,0.395833,0.049394,0.407407,0.040294,0.3125,0.049182,0.06713,0.023881,0.12037,0.03245,0.37963,0.045332,0.122685,0.037114,0.122685,0.032302,0.243056,0.04566,0.261574,0.044685,0.314815,0.04215,0.268519,0.042643,0.384259,0.051138,0.189815,0.046281,0.108796,0.031759,0.12037,0.030459,0.37963,0.05678,0.410012,0.052511,72
conformal_risk_filter,combined_exception_stress,5,0.439815,0.047615,0.407407,0.045638,0.240741,0.042315,0.094907,0.027281,0.085648,0.02584,0.358796,0.045072,0.159722,0.035647,0.131944,0.031613,0.240741,0.038165,0.219907,0.034691,0.31713,0.046216,0.226852,0.041527,0.402778,0.045574,0.175926,0.035911,0.053241,0.020254,0.12963,0.030459,0.300926,0.057298,0.455162,0.049232,72
conformal_risk_filter,combined_exception_stress,6,0.395833,0.050232,0.43287,0.045533,0.291667,0.044179,0.099537,0.025569,0.094907,0.025705,0.425926,0.040294,0.175926,0.030913,0.113426,0.031539,0.203704,0.037242,0.270833,0.045431,0.303241,0.041537,0.259259,0.04377,0.393519,0.045828,0.185185,0.035717,0.064815,0.022895,0.118056,0.029917,0.37963,0.056411,0.410394,0.054484,72
conformal_risk_filter,combined_exception_stress,7,0.393519,0.050591,0.384259,0.049899,0.284722,0.047233,0.099537,0.027911,0.081019,0.02417,0.388889,0.050465,0.12963,0.03245,0.099537,0.03273,0.263889,0.044179,0.256944,0.040833,0.337963,0.043331,0.273148,0.042026,0.430556,0.048244,0.217593,0.046432,0.069444,0.023959,0.106481,0.026091,0.354167,0.05777,0.407882,0.052391,72
conformal_risk_filter,combined_exception_stress,8,0.421296,0.05168,0.412037,0.04834,0.268519,0.045485,0.090278,0.026592,0.090278,0.029566,0.393519,0.043008,0.12963,0.036104,0.12963,0.029766,0.208333,0.04175,0.289352,0.037672,0.298611,0.041843,0.273148,0.044441,0.365741,0.04317,0.166667,0.034796,0.113426,0.032194,0.136574,0.029131,0.354167,0.052468,0.43581,0.055444,72
conformal_risk_filter,combined_exception_stress,9,0.414352,0.050462,0.425926,0.046544,0.296296,0.042968,0.0625,0.01985,0.094907,0.032836,0.361111,0.041373,0.150463,0.031095,0.12037,0.027582,0.24537,0.041861,0.252315,0.044294,0.335648,0.038494,0.273148,0.042026,0.421296,0.052082,0.19213,0.041704,0.05787,0.021585,0.108796,0.029722,0.363426,0.053799,0.430197,0.050651,72
conformal_risk_filter,contact_tail_shift,0,0.465278,0.050851,0.4375,0.044969,0.282407,0.052349,0.101852,0.032018,0.094907,0.030187,0.405093,0.050393,0.155093,0.034389,0.094907,0.027281,0.185185,0.036296,0.273148,0.041021,0.252315,0.04659,0.247685,0.038222,0.449074,0.039111,0.152778,0.032788,0.05787,0.023439,0.108796,0.029722,0.326389,0.056859,0.488241,0.052009,72
conformal_risk_filter,contact_tail_shift,1,0.44213,0.050942,0.43287,0.042694,0.277778,0.037118,0.074074,0.023197,0.05787,0.023439,0.395833,0.049814,0.145833,0.034758,0.118056,0.027744,0.171296,0.033557,0.275463,0.038313,0.252315,0.036547,0.243056,0.037641,0.444444,0.045689,0.155093,0.034991,0.05787,0.019555,0.076389,0.027366,0.349537,0.061011,0.473507,0.053793,72
conformal_risk_filter,contact_tail_shift,2,0.449074,0.045523,0.428241,0.047843,0.296296,0.04579,0.087963,0.032929,0.083333,0.025845,0.368056,0.041341,0.127315,0.02925,0.064815,0.022895,0.203704,0.038347,0.303241,0.043019,0.282407,0.04119,0.243056,0.034758,0.428241,0.051621,0.173611,0.0368,0.064815,0.020993,0.092593,0.026554,0.328704,0.05921,0.474433,0.046947,72
conformal_risk_filter,contact_tail_shift,3,0.50463,0.053661,0.421296,0.047027,0.298611,0.043793,0.076389,0.024973,0.094907,0.02877,0.372685,0.046366,0.12037,0.0318,0.092593,0.03023,0.18287,0.034288,0.25463,0.038211,0.270833,0.036228,0.259259,0.042315,0.409722,0.046115,0.12037,0.033087,0.055556,0.023297,0.12037,0.033087,0.3125,0.060935,0.528264,0.056592,72
conformal_risk_filter,contact_tail_shift,4,0.44213,0.042938,0.428241,0.047405,0.293981,0.039564,0.060185,0.023569,0.092593,0.027329,0.421296,0.047469,0.141204,0.034591,0.101852,0.02629,0.196759,0.038404,0.268519,0.043611,0.273148,0.042026,0.282407,0.04119,0.458333,0.046481,0.150463,0.033673,0.074074,0.026554,0.113426,0.026505,0.358796,0.054314,0.469502,0.044018,72
conformal_risk_filter,contact_tail_shift,5,0.493056,0.042585,0.465278,0.039798,0.280093,0.042284,0.099537,0.029369,0.071759,0.02488,0.4375,0.042585,0.189815,0.036152,0.076389,0.026592,0.18287,0.039914,0.261574,0.045609,0.268519,0.041652,0.243056,0.035353,0.439815,0.045828,0.141204,0.029369,0.043981,0.018268,0.090278,0.024973,0.305556,0.05406,0.521296,0.045994,72
conformal_risk_filter,contact_tail_shift,6,0.462963,0.041985,0.425926,0.039772,0.259259,0.041819,0.06713,0.024739,0.092593,0.025756,0.400463,0.043661,0.134259,0.035765,0.118056,0.031941,0.166667,0.038226,0.259259,0.043291,0.261574,0.046516,0.231481,0.033297,0.412037,0.044284,0.164352,0.039564,0.071759,0.023141,0.104167,0.027744,0.310185,0.053401,0.492431,0.044312,72
conformal_risk_filter,contact_tail_shift,7,0.486111,0.047371,0.451389,0.044503,0.314815,0.045485,0.06713,0.023881,0.060185,0.022666,0.393519,0.047175,0.150463,0.031095,0.085648,0.027408,0.19213,0.033982,0.277778,0.041874,0.298611,0.042829,0.219907,0.040776,0.418981,0.048349,0.134259,0.030057,0.071759,0.02126,0.115741,0.033349,0.347222,0.056606,0.518414,0.050057,72
conformal_risk_filter,contact_tail_shift,8,0.451389,0.049394,0.402778,0.042738,0.277778,0.043344,0.083333,0.027413,0.097222,0.026444,0.425926,0.044714,0.125,0.031489,0.101852,0.028573,0.194444,0.039831,0.293981,0.036832,0.238426,0.047405,0.226852,0.04673,0.444444,0.048352,0.150463,0.037207,0.048611,0.018769,0.090278,0.028118,0.347222,0.056974,0.478044,0.051629,72
conformal_risk_filter,contact_tail_shift,9,0.493056,0.047673,0.423611,0.044737,0.310185,0.044441,0.069444,0.023959,0.104167,0.030606,0.402778,0.04175,0.136574,0.034991,0.097222,0.027979,0.18287,0.036068,0.222222,0.044766,0.298611,0.047012,0.259259,0.039772,0.421296,0.045217,0.131944,0.030945,0.074074,0.02408,0.094907,0.02877,0.31713,0.050116,0.517037,0.049451,72
conformal_risk_filter,cross_robot_morphology,0,0.467593,0.044126,0.423611,0.043793,0.243056,0.03927,0.076389,0.028118,0.071759,0.023141,0.400463,0.039652,0.150463,0.029722,0.113426,0.032836,0.18287,0.033673,0.268519,0.039597,0.275463,0.044372,0.233796,0.041201,0.409722,0.041341,0.166667,0.034796,0.074074,0.023197,0.115741,0.028634,0.303241,0.057185,0.49588,0.047949,72
conformal_risk_filter,cross_robot_morphology,1,0.43287,0.047331,0.414352,0.044294,0.261574,0.03758,0.071759,0.024026,0.101852,0.027833,0.37037,0.048877,0.164352,0.036832,0.108796,0.029011,0.222222,0.039303,0.24537,0.041861,0.284722,0.048969,0.217593,0.038028,0.423611,0.04566,0.155093,0.038404,0.078704,0.028144,0.115741,0.028634,0.365741,0.05392,0.451285,0.051527,72
conformal_risk_filter,cross_robot_morphology,2,0.428241,0.048277,0.444444,0.044766,0.287037,0.041985,0.101852,0.027833,0.097222,0.029433,0.388889,0.045689,0.141204,0.033362,0.087963,0.028876,0.238426,0.041788,0.303241,0.043019,0.303241,0.041537,0.261574,0.039739,0.418981,0.047478,0.141204,0.032086,0.074074,0.02408,0.099537,0.027153,0.356481,0.057541,0.445174,0.052375,72
conformal_risk_filter,cross_robot_morphology,3,0.435185,0.047285,0.400463,0.042694,0.289352,0.041369,0.078704,0.025002,0.085648,0.026635,0.412037,0.041861,0.131944,0.033535,0.101852,0.028573,0.201389,0.036515,0.238426,0.044215,0.298611,0.044267,0.268519,0.040121,0.412037,0.046131,0.159722,0.031941,0.071759,0.02488,0.127315,0.03509,0.344907,0.059334,0.457257,0.049652,72
conformal_risk_filter,cross_robot_morphology,4,0.474537,0.048205,0.502315,0.048133,0.263889,0.042247,0.097222,0.028715,0.092593,0.025756,0.407407,0.054017,0.12963,0.033712,0.085648,0.027408,0.201389,0.037083,0.256944,0.047454,0.284722,0.041088,0.252315,0.038764,0.407407,0.048304,0.12963,0.033087,0.092593,0.023197,0.108796,0.029722,0.31713,0.052556,0.50441,0.047889,72
conformal_risk_filter,cross_robot_morphology,5,0.486111,0.043704,0.446759,0.042284,0.289352,0.042367,0.074074,0.022279,0.092593,0.028082,0.414352,0.044294,0.125,0.030819,0.104167,0.028487,0.201389,0.038192,0.256944,0.046115,0.270833,0.041593,0.261574,0.041788,0.430556,0.052393,0.127315,0.032624,0.074074,0.024932,0.111111,0.031654,0.247685,0.047036,0.516493,0.04591,72
conformal_risk_filter,cross_robot_morphology,6,0.451389,0.053453,0.43287,0.045533,0.296296,0.049724,0.092593,0.028816,0.069444,0.026444,0.388889,0.04523,0.166667,0.032947,0.101852,0.028573,0.201389,0.041341,0.30787,0.048205,0.270833,0.037363,0.229167,0.039535,0.421296,0.04381,0.157407,0.035325,0.078704,0.025002,0.106481,0.03314,0.347222,0.063226,0.473715,0.057635,72
conformal_risk_filter,cross_robot_morphology,7,0.456019,0.050874,0.416667,0.047481,0.273148,0.03999,0.074074,0.028082,0.06713,0.023881,0.37963,0.047579,0.136574,0.032517,0.101852,0.025484,0.196759,0.037856,0.277778,0.048782,0.270833,0.040577,0.252315,0.045686,0.44213,0.045762,0.175926,0.036487,0.071759,0.023141,0.099537,0.027911,0.324074,0.051646,0.481771,0.051773,72
conformal_risk_filter,cross_robot_morphology,8,0.483796,0.047988,0.451389,0.050232,0.284722,0.043072,0.083333,0.031654,0.094907,0.025705,0.388889,0.043823,0.118056,0.028487,0.106481,0.031855,0.212963,0.037242,0.219907,0.040776,0.282407,0.045523,0.25,0.038768,0.439815,0.044441,0.159722,0.035057,0.094907,0.028035,0.118056,0.030606,0.319444,0.054349,0.510602,0.050574,72
conformal_risk_filter,cross_robot_morphology,9,0.435185,0.047725,0.395833,0.049394,0.282407,0.041694,0.106481,0.027645,0.083333,0.025025,0.344907,0.051011,0.131944,0.030263,0.104167,0.026982,0.162037,0.040851,0.25,0.043823,0.231481,0.037429,0.229167,0.042585,0.409722,0.050439,0.12037,0.030459,0.076389,0.030263,0.111111,0.026641,0.37037,0.05678,0.452199,0.049395,72
conformal_risk_filter,embodiment_shift,0,0.472222,0.05005,0.391204,0.04711,0.280093,0.044685,0.074074,0.02408,0.074074,0.025756,0.368056,0.044737,0.12037,0.0318,0.104167,0.028487,0.173611,0.034456,0.291667,0.048244,0.289352,0.047036,0.233796,0.045072,0.465278,0.044267,0.168981,0.029955,0.069444,0.024815,0.097222,0.025643,0.31713,0.054506,0.502211,0.051397,72
conformal_risk_filter,embodiment_shift,1,0.481481,0.047285,0.409722,0.05126,0.256944,0.039798,0.081019,0.02584,0.076389,0.026592,0.368056,0.042339,0.113426,0.026505,0.108796,0.028283,0.201389,0.037083,0.266204,0.039652,0.310185,0.040509,0.261574,0.039739,0.425926,0.044714,0.175926,0.038165,0.050926,0.02006,0.099537,0.027911,0.31713,0.055643,0.505637,0.049682,72
conformal_risk_filter,embodiment_shift,2,0.479167,0.04566,0.428241,0.049977,0.25,0.041373,0.06713,0.022063,0.090278,0.029566,0.416667,0.046143,0.131944,0.032907,0.111111,0.032307,0.206019,0.037948,0.240741,0.043291,0.289352,0.042856,0.224537,0.041954,0.421296,0.052481,0.168981,0.033879,0.069444,0.022148,0.094907,0.02877,0.321759,0.054186,0.508669,0.049047,72
conformal_risk_filter,embodiment_shift,3,0.435185,0.043611,0.43287,0.045072,0.247685,0.035971,0.069444,0.025643,0.074074,0.027329,0.386574,0.042284,0.113426,0.030187,0.094907,0.027281,0.173611,0.034456,0.282407,0.043651,0.300926,0.040164,0.273148,0.03999,0.439815,0.041527,0.157407,0.031581,0.05787,0.023439,0.108796,0.036068,0.372685,0.058329,0.46456,0.044408,72
conformal_risk_filter,embodiment_shift,4,0.516204,0.043899,0.449074,0.050315,0.273148,0.042026,0.06713,0.021096,0.069444,0.023959,0.402778,0.047371,0.113426,0.027281,0.099537,0.027153,0.185185,0.035717,0.270833,0.042585,0.280093,0.041788,0.222222,0.040351,0.430556,0.039699,0.157407,0.039244,0.078704,0.025002,0.104167,0.025387,0.282407,0.055069,0.554769,0.046609,72
conformal_risk_filter,embodiment_shift,5,0.465278,0.047454,0.467593,0.048196,0.291667,0.041247,0.071759,0.023141,0.071759,0.025705,0.37963,0.042479,0.12037,0.029056,0.108796,0.029722,0.212963,0.034326,0.256944,0.037083,0.30787,0.041704,0.224537,0.040434,0.449074,0.05392,0.164352,0.03626,0.0625,0.022787,0.12963,0.029056,0.321759,0.052224,0.500972,0.049262,72
conformal_risk_filter,embodiment_shift,6,0.449074,0.044126,0.421296,0.049619,0.256944,0.039798,0.0625,0.020875,0.041667,0.020176,0.402778,0.042247,0.12037,0.029766,0.106481,0.030516,0.208333,0.040222,0.305556,0.047919,0.282407,0.04317,0.266204,0.040175,0.451389,0.044503,0.168981,0.033258,0.055556,0.02143,0.099537,0.030758,0.303241,0.05341,0.484352,0.046349,72
conformal_risk_filter,embodiment_shift,7,0.488426,0.04538,0.398148,0.046842,0.268519,0.037982,0.081019,0.027408,0.05787,0.021585,0.418981,0.050462,0.159722,0.034456,0.106481,0.027645,0.201389,0.040833,0.266204,0.046441,0.280093,0.045149,0.238426,0.046065,0.446759,0.044685,0.134259,0.030057,0.06713,0.02299,0.092593,0.026554,0.268519,0.051104,0.516609,0.0483,72
conformal_risk_filter,embodiment_shift,8,0.481481,0.051104,0.44213,0.047988,0.298611,0.045201,0.06713,0.022063,0.048611,0.018769,0.439815,0.04537,0.127315,0.027786,0.099537,0.028649,0.217593,0.036914,0.263889,0.041247,0.289352,0.041871,0.256944,0.039798,0.421296,0.047027,0.166667,0.030988,0.064815,0.023789,0.087963,0.028144,0.349537,0.056017,0.515417,0.05493,72
conformal_risk_filter,embodiment_shift,9,0.451389,0.044969,0.416667,0.043344,0.31713,0.045303,0.081019,0.02417,0.099537,0.026373,0.363426,0.04445,0.118056,0.031281,0.097222,0.031489,0.208333,0.036977,0.25,0.040351,0.296296,0.040979,0.238426,0.038675,0.416667,0.048352,0.164352,0.03568,0.074074,0.02408,0.092593,0.026554,0.340278,0.05795,0.471586,0.048995,72
conformal_risk_filter,heldout_exception_composition,0,0.44213,0.052157,0.421296,0.042356,0.275463,0.037764,0.092593,0.02408,0.101852,0.03136,0.418981,0.04382,0.157407,0.032876,0.087963,0.025823,0.229167,0.040577,0.284722,0.044969,0.277778,0.047919,0.224537,0.037207,0.416667,0.049631,0.180556,0.038089,0.094907,0.02488,0.113426,0.030187,0.310185,0.061741,0.463924,0.054056,72
conformal_risk_filter,heldout_exception_composition,1,0.405093,0.046516,0.435185,0.048592,0.287037,0.041985,0.0625,0.021852,0.090278,0.028118,0.363426,0.043501,0.125,0.027979,0.111111,0.030306,0.189815,0.033764,0.270833,0.039003,0.293981,0.041116,0.240741,0.042315,0.444444,0.04237,0.164352,0.039564,0.06713,0.02299,0.097222,0.030134,0.351852,0.053107,0.433252,0.048802,72
conformal_risk_filter,heldout_exception_composition,2,0.37037,0.043451,0.451389,0.041088,0.287037,0.047138,0.104167,0.033845,0.092593,0.029531,0.37037,0.042479,0.113426,0.028035,0.127315,0.031318,0.189815,0.038932,0.24537,0.039816,0.284722,0.042585,0.261574,0.044685,0.398148,0.045942,0.152778,0.035243,0.085648,0.02417,0.143519,0.036152,0.405093,0.053214,0.390729,0.04745,72
conformal_risk_filter,heldout_exception_composition,3,0.456019,0.038764,0.402778,0.04781,0.266204,0.046888,0.104167,0.031281,0.113426,0.030187,0.340278,0.048109,0.171296,0.035374,0.122685,0.03165,0.226852,0.039465,0.298611,0.041341,0.305556,0.039303,0.273148,0.03999,0.393519,0.044441,0.157407,0.034122,0.078704,0.027392,0.099537,0.023881,0.305556,0.052093,0.458831,0.039893,72
conformal_risk_filter,heldout_exception_composition,4,0.458333,0.046481,0.474537,0.052357,0.219907,0.041788,0.078704,0.030287,0.085648,0.027408,0.386574,0.050393,0.157407,0.038708,0.136574,0.033777,0.231481,0.039597,0.280093,0.039739,0.314815,0.045942,0.277778,0.040865,0.418981,0.047036,0.196759,0.038404,0.060185,0.022666,0.138889,0.030988,0.321759,0.057548,0.481123,0.050732,72
conformal_risk_filter,heldout_exception_composition,5,0.407407,0.047432,0.407407,0.051646,0.321759,0.045838,0.085648,0.028891,0.104167,0.031281,0.398148,0.045485,0.138889,0.033574,0.104167,0.027744,0.231481,0.037982,0.293981,0.040605,0.321759,0.044918,0.261574,0.049558,0.386574,0.04374,0.19213,0.04318,0.053241,0.019196,0.118056,0.026982,0.347222,0.052393,0.421134,0.049496,72
conformal_risk_filter,heldout_exception_composition,6,0.430556,0.044179,0.405093,0.047843,0.296296,0.040466,0.099537,0.030071,0.071759,0.028035,0.405093,0.042284,0.12963,0.033712,0.097222,0.028715,0.215278,0.037363,0.268519,0.04313,0.298611,0.042339,0.314815,0.042643,0.400463,0.04777,0.173611,0.031281,0.071759,0.027281,0.125,0.032145,0.358796,0.055077,0.44478,0.048135,72
conformal_risk_filter,heldout_exception_composition,7,0.418981,0.053279,0.421296,0.044753,0.291667,0.043224,0.074074,0.024932,0.104167,0.024551,0.421296,0.050865,0.155093,0.033777,0.122685,0.027408,0.224537,0.042449,0.256944,0.041843,0.287037,0.044401,0.284722,0.040059,0.37963,0.036678,0.178241,0.033153,0.081019,0.023291,0.134259,0.034578,0.344907,0.064719,0.434468,0.055572,72
conformal_risk_filter,heldout_exception_composition,8,0.386574,0.045149,0.423611,0.047012,0.303241,0.046291,0.099537,0.027153,0.097222,0.026444,0.37037,0.042479,0.143519,0.034376,0.101852,0.029999,0.215278,0.038464,0.25,0.04286,0.305556,0.043823,0.252315,0.040862,0.409722,0.047454,0.201389,0.038735,0.078704,0.02959,0.111111,0.030306,0.377315,0.05558,0.401007,0.046107,72
conformal_risk_filter,heldout_exception_composition,9,0.414352,0.049205,0.444444,0.041874,0.252315,0.041369,0.083333,0.027413,0.111111,0.030988,0.388889,0.048782,0.12963,0.029766,0.101852,0.028573,0.219907,0.041788,0.263889,0.042247,0.328704,0.04834,0.252315,0.038764,0.393519,0.03999,0.166667,0.035975,0.06713,0.022063,0.12037,0.0318,0.337963,0.052082,0.434387,0.052251,72
conformal_risk_filter,nominal_scaling,0,0.560185,0.04537,0.446759,0.045149,0.24537,0.038753,0.039352,0.01883,0.069444,0.023959,0.388889,0.04286,0.113426,0.032836,0.085648,0.02584,0.19213,0.037487,0.296296,0.042968,0.199074,0.041694,0.243056,0.043314,0.467593,0.041694,0.136574,0.036164,0.05787,0.021585,0.081019,0.025019,0.243056,0.046566,0.603102,0.045686,72
conformal_risk_filter,nominal_scaling,1,0.574074,0.041819,0.462963,0.051376,0.275463,0.040434,0.053241,0.020254,0.074074,0.027329,0.407407,0.050419,0.078704,0.028144,0.083333,0.025025,0.171296,0.032289,0.261574,0.038131,0.224537,0.037764,0.236111,0.041247,0.486111,0.049102,0.138889,0.032307,0.055556,0.02143,0.090278,0.027366,0.259259,0.04377,0.624097,0.042984,72
conformal_risk_filter,nominal_scaling,2,0.560185,0.044908,0.444444,0.048782,0.266204,0.043661,0.055556,0.024176,0.081019,0.029605,0.44213,0.043421,0.125,0.028715,0.094907,0.02877,0.196759,0.035582,0.270833,0.040577,0.226852,0.036152,0.263889,0.042738,0.388889,0.039303,0.152778,0.036977,0.069444,0.026444,0.074074,0.02408,0.282407,0.046432,0.591933,0.046123,72
conformal_risk_filter,nominal_scaling,3,0.537037,0.048015,0.460648,0.047258,0.293981,0.043581,0.074074,0.025756,0.097222,0.027222,0.423611,0.049182,0.085648,0.02584,0.081019,0.027408,0.208333,0.03917,0.321759,0.048493,0.268519,0.045485,0.282407,0.040164,0.44213,0.048421,0.162037,0.031636,0.060185,0.020742,0.087963,0.025823,0.30787,0.053928,0.570579,0.053403,72
conformal_risk_filter,nominal_scaling,4,0.532407,0.045063,0.44213,0.042938,0.252315,0.036547,0.055556,0.025845,0.071759,0.026505,0.405093,0.04374,0.099537,0.026373,0.094907,0.028035,0.171296,0.035959,0.314815,0.04313,0.233796,0.042694,0.24537,0.037661,0.460648,0.047258,0.138889,0.034796,0.050926,0.022043,0.083333,0.025025,0.266204,0.045072,0.575475,0.046746,72
conformal_risk_filter,nominal_scaling,5,0.516204,0.048421,0.444444,0.048352,0.217593,0.040164,0.055556,0.024176,0.083333,0.025025,0.407407,0.049584,0.106481,0.031193,0.101852,0.027073,0.194444,0.03539,0.282407,0.037475,0.231481,0.040638,0.252315,0.044762,0.449074,0.046432,0.148148,0.033918,0.046296,0.020658,0.071759,0.025705,0.298611,0.046566,0.553102,0.049495,72
conformal_risk_filter,nominal_scaling,6,0.583333,0.049208,0.493056,0.045888,0.215278,0.042585,0.071759,0.02126,0.085648,0.030983,0.446759,0.049558,0.115741,0.027896,0.064815,0.023789,0.178241,0.039476,0.261574,0.039211,0.219907,0.041788,0.25463,0.039816,0.465278,0.043314,0.155093,0.033153,0.053241,0.02126,0.081019,0.02584,0.266204,0.052754,0.625868,0.052209,72
conformal_risk_filter,nominal_scaling,7,0.539352,0.052688,0.421296,0.04834,0.24537,0.036535,0.0625,0.024551,0.041667,0.017988,0.43287,0.045989,0.127315,0.02925,0.092593,0.024932,0.175926,0.033505,0.300926,0.04317,0.24537,0.038211,0.259259,0.043291,0.465278,0.046115,0.138889,0.027413,0.048611,0.021852,0.097222,0.027222,0.300926,0.059444,0.575336,0.05475,72
conformal_risk_filter,nominal_scaling,8,0.513889,0.048244,0.456019,0.047036,0.273148,0.043008,0.050926,0.023862,0.106481,0.031855,0.407407,0.04699,0.097222,0.030819,0.087963,0.028876,0.168981,0.031978,0.273148,0.043008,0.238426,0.041285,0.233796,0.038585,0.486111,0.049525,0.145833,0.030945,0.0625,0.023686,0.071759,0.027281,0.324074,0.055541,0.555347,0.050199,72
conformal_risk_filter,nominal_scaling,9,0.553241,0.047405,0.460648,0.056141,0.219907,0.040261,0.055556,0.022383,0.053241,0.02126,0.425926,0.050419,0.094907,0.02877,0.094907,0.026505,0.143519,0.030516,0.275463,0.040434,0.25,0.041373,0.259259,0.046544,0.497685,0.047697,0.155093,0.031869,0.050926,0.02006,0.092593,0.02408,0.293981,0.049838,0.603681,0.050036,72
conformal_risk_filter,recovery_scarcity,0,0.493056,0.048109,0.453704,0.049724,0.291667,0.036408,0.104167,0.031281,0.094907,0.025705,0.37963,0.048015,0.125,0.030134,0.0625,0.018769,0.212963,0.041985,0.280093,0.039739,0.280093,0.042775,0.25463,0.045676,0.472222,0.049208,0.171296,0.036535,0.081019,0.027408,0.111111,0.030306,0.282407,0.053532,0.519988,0.048799,72
conformal_risk_filter,recovery_scarcity,1,0.456019,0.043341,0.428241,0.046962,0.293981,0.045913,0.099537,0.024739,0.074074,0.024932,0.37963,0.048877,0.141204,0.033362,0.125,0.036408,0.238426,0.040776,0.282407,0.040164,0.293981,0.042612,0.233796,0.039652,0.416667,0.047039,0.157407,0.034729,0.043981,0.020426,0.136574,0.031869,0.328704,0.050038,0.475278,0.044203,72
conformal_risk_filter,recovery_scarcity,2,0.458333,0.05159,0.386574,0.045609,0.275463,0.042938,0.099537,0.029369,0.087963,0.02959,0.446759,0.042284,0.141204,0.031429,0.087963,0.027392,0.168981,0.03449,0.287037,0.040466,0.287037,0.041485,0.240741,0.040294,0.407407,0.040808,0.164352,0.03568,0.043981,0.022376,0.12963,0.031137,0.342593,0.058826,0.480046,0.054883,72
conformal_risk_filter,recovery_scarcity,3,0.451389,0.048541,0.481481,0.046842,0.275463,0.043421,0.104167,0.02921,0.074074,0.02408,0.365741,0.044126,0.131944,0.032907,0.115741,0.030743,0.189815,0.033764,0.305556,0.044297,0.268519,0.040121,0.268519,0.042643,0.391204,0.045303,0.168981,0.03626,0.053241,0.02222,0.115741,0.029354,0.340278,0.058309,0.474109,0.050518,72
conformal_risk_filter,recovery_scarcity,4,0.425926,0.049584,0.43287,0.051147,0.277778,0.04286,0.05787,0.019555,0.074074,0.025756,0.400463,0.044607,0.125,0.030134,0.12963,0.033087,0.196759,0.038404,0.224537,0.041954,0.303241,0.038404,0.252315,0.039299,0.476852,0.04252,0.162037,0.037661,0.0625,0.020875,0.108796,0.031095,0.37963,0.060345,0.459792,0.051068,72
conformal_risk_filter,recovery_scarcity,5,0.458333,0.043704,0.381944,0.044503,0.259259,0.04699,0.064815,0.024651,0.111111,0.030306,0.435185,0.044087,0.138889,0.031654,0.101852,0.024651,0.19213,0.035189,0.25463,0.038753,0.233796,0.039652,0.224537,0.046665,0.375,0.03583,0.152778,0.034645,0.06713,0.021096,0.104167,0.029917,0.337963,0.049619,0.478623,0.045551,72
conformal_risk_filter,recovery_scarcity,6,0.465278,0.053257,0.421296,0.045217,0.293981,0.03568,0.083333,0.025845,0.090278,0.027366,0.386574,0.047843,0.118056,0.029917,0.101852,0.029295,0.215278,0.041088,0.310185,0.044441,0.296296,0.037242,0.238426,0.039739,0.388889,0.043344,0.180556,0.040222,0.06713,0.021096,0.111111,0.031654,0.303241,0.05645,0.487697,0.05668,72
conformal_risk_filter,recovery_scarcity,7,0.474537,0.052754,0.428241,0.049977,0.275463,0.041954,0.074074,0.023197,0.074074,0.023197,0.405093,0.04374,0.141204,0.034591,0.111111,0.032307,0.189815,0.043968,0.273148,0.047175,0.226852,0.03557,0.219907,0.04374,0.405093,0.046516,0.203704,0.039421,0.053241,0.02222,0.118056,0.033223,0.293981,0.051079,0.502766,0.053729,72
conformal_risk_filter,recovery_scarcity,8,0.472222,0.043344,0.439815,0.047615,0.287037,0.047579,0.071759,0.02126,0.087963,0.031636,0.386574,0.046516,0.138889,0.028896,0.101852,0.02629,0.229167,0.040059,0.24537,0.039816,0.259259,0.038708,0.240741,0.039244,0.428241,0.051215,0.138889,0.031654,0.069444,0.022148,0.150463,0.033673,0.305556,0.054827,0.498414,0.046406,72
conformal_risk_filter,recovery_scarcity,9,0.472222,0.047481,0.446759,0.046516,0.270833,0.042092,0.101852,0.02629,0.06713,0.023881,0.384259,0.036344,0.125,0.029433,0.115741,0.032073,0.18287,0.037207,0.310185,0.043968,0.287037,0.044869,0.226852,0.043008,0.43287,0.04318,0.164352,0.033258,0.041667,0.017988,0.106481,0.026091,0.340278,0.056491,0.50191,0.048342,72
conformal_risk_filter,shortcut_shift,0,0.453704,0.048448,0.469907,0.046291,0.275463,0.043421,0.0625,0.023686,0.06713,0.024739,0.398148,0.048592,0.145833,0.032266,0.099537,0.028649,0.212963,0.036104,0.268519,0.036867,0.243056,0.037083,0.268519,0.044087,0.400463,0.045072,0.18287,0.035484,0.071759,0.023141,0.111111,0.025845,0.347222,0.057339,0.48213,0.048227,72
conformal_risk_filter,shortcut_shift,1,0.425926,0.044714,0.393519,0.043491,0.25463,0.042356,0.108796,0.031095,0.108796,0.031095,0.409722,0.050023,0.12963,0.030459,0.127315,0.033258,0.229167,0.047673,0.296296,0.039947,0.280093,0.04326,0.224537,0.038854,0.412037,0.042356,0.162037,0.032929,0.060185,0.021726,0.087963,0.026619,0.331019,0.060783,0.4425,0.047565,72
conformal_risk_filter,shortcut_shift,2,0.5,0.052492,0.412037,0.050038,0.261574,0.041788,0.076389,0.026592,0.108796,0.026766,0.393519,0.045828,0.145833,0.033535,0.097222,0.032145,0.19213,0.036926,0.263889,0.043704,0.305556,0.041874,0.233796,0.038585,0.449074,0.049479,0.189815,0.037289,0.060185,0.01971,0.097222,0.029433,0.30787,0.050737,0.52338,0.055362,72
conformal_risk_filter,shortcut_shift,3,0.49537,0.047469,0.465278,0.044737,0.25,0.040351,0.099537,0.027911,0.099537,0.029369,0.386574,0.046962,0.143519,0.03314,0.122685,0.030983,0.212963,0.036678,0.275463,0.042449,0.277778,0.039303,0.268519,0.044558,0.409722,0.034758,0.178241,0.036164,0.048611,0.01985,0.092593,0.026554,0.287037,0.053369,0.515278,0.050669,72
conformal_risk_filter,shortcut_shift,4,0.5,0.046594,0.435185,0.046842,0.256944,0.038192,0.071759,0.024026,0.087963,0.026619,0.384259,0.049055,0.150463,0.034891,0.127315,0.030644,0.1875,0.039798,0.247685,0.040348,0.282407,0.04068,0.226852,0.03999,0.453704,0.042968,0.168981,0.031978,0.046296,0.020658,0.134259,0.028634,0.287037,0.053759,0.529375,0.047891,72
conformal_risk_filter,shortcut_shift,5,0.474537,0.048205,0.469907,0.047184,0.289352,0.047036,0.081019,0.025019,0.090278,0.027366,0.407407,0.045178,0.125,0.032145,0.101852,0.033918,0.206019,0.031318,0.280093,0.044215,0.284722,0.0368,0.259259,0.041317,0.474537,0.046441,0.196759,0.034991,0.053241,0.019196,0.125,0.034037,0.331019,0.055768,0.506597,0.0506,72
conformal_risk_filter,shortcut_shift,6,0.412037,0.040851,0.439815,0.043008,0.256944,0.041341,0.074074,0.026554,0.076389,0.023241,0.405093,0.047405,0.141204,0.034591,0.106481,0.031855,0.215278,0.031281,0.270833,0.047233,0.282407,0.039641,0.240741,0.036487,0.381944,0.045431,0.178241,0.040001,0.055556,0.020433,0.094907,0.026505,0.368056,0.054036,0.435475,0.046123,72
conformal_risk_filter,shortcut_shift,7,0.449074,0.052349,0.472222,0.046594,0.252315,0.037672,0.071759,0.02222,0.069444,0.023959,0.384259,0.051948,0.115741,0.033969,0.099537,0.029369,0.215278,0.039535,0.24537,0.040851,0.300926,0.044126,0.240741,0.041317,0.402778,0.046928,0.173611,0.040059,0.06713,0.021096,0.111111,0.025845,0.349537,0.056017,0.480255,0.054618,72
conformal_risk_filter,shortcut_shift,8,0.467593,0.049899,0.456019,0.050874,0.256944,0.042339,0.069444,0.021185,0.087963,0.024152,0.402778,0.04781,0.143519,0.030516,0.111111,0.02961,0.1875,0.037083,0.31713,0.045303,0.277778,0.044297,0.256944,0.038735,0.377315,0.043341,0.180556,0.035243,0.039352,0.01883,0.12037,0.0318,0.287037,0.052182,0.494514,0.051846,72
conformal_risk_filter,shortcut_shift,9,0.493056,0.054993,0.418981,0.048349,0.298611,0.044737,0.090278,0.031613,0.085648,0.02417,0.405093,0.046065,0.125,0.030134,0.094907,0.02877,0.270833,0.042585,0.293981,0.046366,0.25463,0.039816,0.263889,0.04175,0.423611,0.035939,0.168981,0.033879,0.074074,0.022279,0.099537,0.027153,0.280093,0.059158,0.51265,0.055304,72
data_only_scaling,combined_exception_stress,0,0.293981,0.045457,0.296296,0.037242,0.310185,0.036152,0.152778,0.03583,0.196759,0.038944,0.289352,0.043341,0.196759,0.036164,0.210648,0.034791,0.199074,0.036914,0.284722,0.044969,0.412037,0.042356,0.337963,0.043331,0.240741,0.039772,0.261574,0.045609,0.087963,0.030969,0.180556,0.034645,0.458333,0.062562,0.252882,0.045617,72
data_only_scaling,combined_exception_stress,1,0.270833,0.039003,0.266204,0.040175,0.377315,0.045686,0.18287,0.036068,0.25463,0.04381,0.300926,0.04119,0.231481,0.040121,0.206019,0.043099,0.171296,0.039816,0.24537,0.04381,0.400463,0.04318,0.375,0.045114,0.238426,0.045609,0.284722,0.049814,0.12037,0.031137,0.185185,0.040121,0.446759,0.055518,0.211898,0.04009,72
data_only_scaling,combined_exception_stress,2,0.282407,0.049479,0.226852,0.036725,0.358796,0.044607,0.173611,0.031941,0.164352,0.029955,0.259259,0.039772,0.25463,0.035374,0.238426,0.03702,0.171296,0.039816,0.319444,0.040737,0.430556,0.051184,0.354167,0.040833,0.217593,0.038028,0.266204,0.03804,0.097222,0.024815,0.208333,0.036977,0.472222,0.060956,0.230324,0.048941,72
data_only_scaling,combined_exception_stress,3,0.238426,0.045149,0.263889,0.044649,0.358796,0.048636,0.164352,0.03626,0.229167,0.044031,0.293981,0.042612,0.217593,0.039641,0.208333,0.038633,0.164352,0.03509,0.30787,0.046888,0.474537,0.051957,0.388889,0.044297,0.224537,0.036642,0.268519,0.041148,0.108796,0.027535,0.162037,0.034173,0.520833,0.054803,0.191887,0.043363,72
data_only_scaling,combined_exception_stress,4,0.298611,0.046566,0.215278,0.037363,0.326389,0.041088,0.203704,0.039421,0.219907,0.035874,0.287037,0.038347,0.212963,0.038888,0.196759,0.033777,0.166667,0.037118,0.3125,0.044737,0.402778,0.054349,0.386574,0.047843,0.238426,0.039211,0.25,0.040865,0.101852,0.032664,0.173611,0.033223,0.469907,0.060034,0.238183,0.043239,72
data_only_scaling,combined_exception_stress,5,0.277778,0.043823,0.268519,0.040638,0.305556,0.049208,0.180556,0.03583,0.189815,0.03557,0.233796,0.043661,0.210648,0.041369,0.210648,0.038222,0.173611,0.032588,0.331019,0.047258,0.381944,0.046789,0.400463,0.042202,0.201389,0.038735,0.236111,0.040737,0.115741,0.030057,0.212963,0.04579,0.456019,0.054057,0.216458,0.045629,72
data_only_scaling,combined_exception_stress,6,0.263889,0.049945,0.280093,0.040776,0.333333,0.040865,0.155093,0.036164,0.194444,0.037676,0.261574,0.040261,0.206019,0.03568,0.233796,0.041201,0.185185,0.043611,0.368056,0.043793,0.421296,0.053661,0.321759,0.050185,0.263889,0.048244,0.219907,0.03702,0.115741,0.030057,0.185185,0.039066,0.506944,0.059021,0.226863,0.050654,72
data_only_scaling,combined_exception_stress,7,0.284722,0.041593,0.247685,0.035386,0.354167,0.043793,0.134259,0.032073,0.215278,0.035057,0.289352,0.045226,0.1875,0.03927,0.194444,0.03419,0.166667,0.03539,0.324074,0.045638,0.412037,0.044284,0.368056,0.047454,0.231481,0.047725,0.266204,0.036356,0.097222,0.028715,0.171296,0.037102,0.458333,0.053963,0.235718,0.042095,72
data_only_scaling,combined_exception_stress,8,0.310185,0.049338,0.229167,0.040059,0.337963,0.04381,0.168981,0.036832,0.206019,0.040605,0.287037,0.046244,0.231481,0.040121,0.189815,0.037845,0.166667,0.039831,0.333333,0.040865,0.435185,0.047725,0.347222,0.042738,0.194444,0.036551,0.261574,0.042775,0.101852,0.029295,0.203704,0.040466,0.449074,0.059092,0.255324,0.050469,72
data_only_scaling,combined_exception_stress,9,0.293981,0.04212,0.252315,0.038222,0.314815,0.044558,0.162037,0.031636,0.194444,0.034796,0.280093,0.041788,0.24537,0.044753,0.18287,0.034891,0.199074,0.04068,0.37037,0.04579,0.416667,0.047481,0.37037,0.046693,0.243056,0.036515,0.247685,0.042367,0.094907,0.02488,0.178241,0.04052,0.469907,0.058981,0.23691,0.041357,72
data_only_scaling,contact_tail_shift,0,0.324074,0.045638,0.266204,0.041704,0.333333,0.044766,0.148148,0.033918,0.173611,0.034456,0.31713,0.044372,0.19213,0.040691,0.157407,0.036487,0.138889,0.033574,0.30787,0.042202,0.363426,0.042531,0.388889,0.047039,0.268519,0.037429,0.210648,0.034186,0.055556,0.026641,0.150463,0.028283,0.467593,0.059092,0.28184,0.048176,72
data_only_scaling,contact_tail_shift,1,0.388889,0.049208,0.268519,0.039597,0.331019,0.052688,0.150463,0.037207,0.18287,0.039388,0.282407,0.044126,0.194444,0.032947,0.19213,0.035777,0.173611,0.040577,0.358796,0.048205,0.377315,0.047916,0.377315,0.045226,0.287037,0.037242,0.206019,0.03449,0.074074,0.02408,0.12963,0.033712,0.386574,0.055892,0.344653,0.049523,72
data_only_scaling,contact_tail_shift,2,0.361111,0.05005,0.247685,0.04382,0.321759,0.043019,0.162037,0.035959,0.1875,0.036515,0.314815,0.045485,0.212963,0.040466,0.206019,0.039033,0.127315,0.031978,0.340278,0.039535,0.381944,0.043554,0.363426,0.047184,0.261574,0.047843,0.236111,0.034645,0.081019,0.027408,0.131944,0.032907,0.425926,0.063928,0.31956,0.049193,72
data_only_scaling,contact_tail_shift,3,0.333333,0.048352,0.256944,0.041843,0.310185,0.048913,0.152778,0.032788,0.185185,0.035127,0.298611,0.046115,0.206019,0.03568,0.164352,0.040605,0.159722,0.0368,0.326389,0.045888,0.293981,0.044057,0.365741,0.041694,0.296296,0.044869,0.199074,0.036344,0.111111,0.026641,0.141204,0.034591,0.458333,0.059131,0.29191,0.048952,72
data_only_scaling,contact_tail_shift,4,0.342593,0.034729,0.268519,0.043611,0.340278,0.049394,0.118056,0.030606,0.175926,0.039244,0.326389,0.042585,0.219907,0.036452,0.175926,0.030913,0.168981,0.03626,0.324074,0.044245,0.347222,0.049945,0.386574,0.04326,0.277778,0.039831,0.217593,0.036344,0.071759,0.025705,0.134259,0.027896,0.446759,0.053993,0.298345,0.035784,72
data_only_scaling,contact_tail_shift,5,0.37963,0.046693,0.275463,0.047551,0.289352,0.038222,0.115741,0.031415,0.19213,0.040175,0.268519,0.040638,0.196759,0.038404,0.173611,0.030606,0.159722,0.033223,0.375,0.049525,0.386574,0.046516,0.351852,0.041148,0.296296,0.041485,0.24537,0.045676,0.078704,0.024152,0.150463,0.038854,0.412037,0.056688,0.341366,0.049269,72
data_only_scaling,contact_tail_shift,6,0.372685,0.046366,0.298611,0.041341,0.30787,0.045989,0.138889,0.032307,0.175926,0.040808,0.284722,0.044503,0.1875,0.029566,0.178241,0.037856,0.185185,0.033297,0.354167,0.048325,0.375,0.042247,0.351852,0.04816,0.275463,0.040434,0.19213,0.03804,0.090278,0.028118,0.175926,0.035911,0.391204,0.052157,0.332789,0.048473,72
data_only_scaling,contact_tail_shift,7,0.372685,0.053083,0.247685,0.044762,0.333333,0.046143,0.125,0.031489,0.168981,0.03626,0.300926,0.04317,0.189815,0.036152,0.189815,0.034978,0.152778,0.034037,0.363426,0.043019,0.384259,0.044597,0.354167,0.048325,0.293981,0.039564,0.282407,0.04068,0.071759,0.024026,0.138889,0.03539,0.456019,0.059568,0.336319,0.052504,72
data_only_scaling,contact_tail_shift,8,0.349537,0.045303,0.266204,0.038585,0.3125,0.035353,0.171296,0.035374,0.178241,0.039476,0.287037,0.044401,0.219907,0.042284,0.203704,0.039947,0.185185,0.039066,0.3125,0.042829,0.342593,0.04699,0.365741,0.046432,0.259259,0.042315,0.19213,0.035777,0.06713,0.024739,0.127315,0.030644,0.453704,0.059998,0.296701,0.045952,72
data_only_scaling,contact_tail_shift,9,0.37037,0.051781,0.24537,0.041359,0.337963,0.046131,0.131944,0.032907,0.171296,0.037102,0.3125,0.042829,0.180556,0.040737,0.189815,0.034376,0.162037,0.033557,0.324074,0.04377,0.340278,0.048969,0.365741,0.042684,0.289352,0.040862,0.24537,0.038211,0.078704,0.026619,0.145833,0.034152,0.423611,0.059549,0.333241,0.054793,72
data_only_scaling,cross_robot_morphology,0,0.303241,0.04445,0.261574,0.039211,0.30787,0.04318,0.141204,0.03273,0.206019,0.03509,0.275463,0.039914,0.19213,0.035777,0.199074,0.033969,0.150463,0.033673,0.356481,0.047175,0.372685,0.053864,0.391204,0.041954,0.331019,0.044057,0.226852,0.042026,0.104167,0.025387,0.148148,0.036867,0.451389,0.058666,0.265197,0.044227,72
data_only_scaling,cross_robot_morphology,1,0.328704,0.045217,0.273148,0.041021,0.314815,0.049019,0.152778,0.034645,0.194444,0.03419,0.30787,0.04318,0.256944,0.044737,0.18287,0.040434,0.164352,0.033258,0.381944,0.049394,0.347222,0.04175,0.361111,0.047039,0.256944,0.041843,0.208333,0.040222,0.094907,0.025705,0.145833,0.031613,0.460648,0.05229,0.27309,0.046342,72
data_only_scaling,cross_robot_morphology,2,0.361111,0.044766,0.277778,0.04286,0.347222,0.046928,0.157407,0.032235,0.185185,0.036296,0.298611,0.048325,0.175926,0.033505,0.201389,0.037641,0.141204,0.03273,0.319444,0.042738,0.37963,0.045332,0.407407,0.046093,0.321759,0.040001,0.210648,0.038764,0.106481,0.02839,0.148148,0.035127,0.414352,0.05558,0.319722,0.044785,72
data_only_scaling,cross_robot_morphology,3,0.321759,0.050185,0.247685,0.039827,0.331019,0.051079,0.152778,0.035243,0.150463,0.031095,0.287037,0.047138,0.185185,0.036296,0.148148,0.033918,0.19213,0.033362,0.337963,0.046581,0.384259,0.046432,0.393519,0.048913,0.236111,0.040737,0.25,0.041373,0.074074,0.024932,0.166667,0.032947,0.446759,0.05514,0.274595,0.050626,72
data_only_scaling,cross_robot_morphology,4,0.321759,0.041537,0.300926,0.042684,0.319444,0.04603,0.168981,0.03626,0.166667,0.032947,0.261574,0.038675,0.1875,0.035939,0.206019,0.037948,0.171296,0.039816,0.314815,0.045485,0.386574,0.038131,0.347222,0.040222,0.268519,0.040638,0.219907,0.031539,0.122685,0.032302,0.166667,0.03419,0.451389,0.055747,0.278646,0.042846,72
data_only_scaling,cross_robot_morphology,5,0.344907,0.048922,0.252315,0.04659,0.310185,0.043968,0.138889,0.03539,0.196759,0.033777,0.261574,0.044685,0.1875,0.033535,0.189815,0.03314,0.175926,0.034729,0.344907,0.048061,0.363426,0.047184,0.372685,0.045913,0.273148,0.043968,0.243056,0.041341,0.090278,0.025795,0.145833,0.034152,0.388889,0.059571,0.300856,0.049723,72
data_only_scaling,cross_robot_morphology,6,0.354167,0.045201,0.310185,0.04537,0.347222,0.049102,0.155093,0.032517,0.152778,0.035243,0.275463,0.046216,0.203704,0.040466,0.166667,0.03539,0.171296,0.036535,0.333333,0.043823,0.414352,0.048349,0.395833,0.041088,0.259259,0.039772,0.224537,0.038854,0.090278,0.025795,0.164352,0.031318,0.43287,0.057669,0.310312,0.044035,72
data_only_scaling,cross_robot_morphology,7,0.324074,0.044245,0.291667,0.037537,0.31713,0.04484,0.145833,0.031613,0.201389,0.036515,0.273148,0.038392,0.194444,0.035975,0.19213,0.035777,0.168981,0.03449,0.303241,0.044918,0.377315,0.042367,0.31713,0.038854,0.25463,0.035959,0.233796,0.04318,0.104167,0.02921,0.178241,0.037856,0.446759,0.057729,0.282326,0.047482,72
data_only_scaling,cross_robot_morphology,8,0.365741,0.048627,0.298611,0.040833,0.326389,0.043072,0.150463,0.031759,0.145833,0.027366,0.358796,0.04777,0.159722,0.035057,0.168981,0.036832,0.157407,0.034122,0.30787,0.044136,0.375,0.046928,0.375,0.049525,0.240741,0.041819,0.196759,0.031869,0.131944,0.030263,0.162037,0.041861,0.418981,0.063962,0.333275,0.048542,72
data_only_scaling,cross_robot_morphology,9,0.305556,0.048782,0.277778,0.040865,0.298611,0.043793,0.141204,0.035189,0.171296,0.038211,0.293981,0.048993,0.1875,0.038735,0.201389,0.038735,0.145833,0.033535,0.354167,0.04566,0.412037,0.050038,0.391204,0.041453,0.287037,0.035521,0.233796,0.045072,0.097222,0.027222,0.155093,0.035582,0.483796,0.058567,0.267998,0.050925,72
data_only_scaling,embodiment_shift,0,0.356481,0.047175,0.252315,0.041369,0.305556,0.043344,0.122685,0.034791,0.159722,0.033845,0.30787,0.049487,0.189815,0.037289,0.208333,0.036977,0.159722,0.034456,0.277778,0.038226,0.37963,0.050142,0.356481,0.04537,0.233796,0.037487,0.236111,0.040222,0.12037,0.029056,0.180556,0.034645,0.418981,0.054057,0.314711,0.048039,72
data_only_scaling,embodiment_shift,1,0.398148,0.047725,0.270833,0.045431,0.275463,0.040434,0.152778,0.034037,0.166667,0.03419,0.296296,0.044869,0.203704,0.036104,0.166667,0.032947,0.159722,0.033223,0.358796,0.040175,0.351852,0.043611,0.372685,0.041621,0.238426,0.038675,0.206019,0.03449,0.108796,0.031095,0.12963,0.031137,0.391204,0.054506,0.352188,0.050083,72
data_only_scaling,embodiment_shift,2,0.342593,0.042806,0.261574,0.03758,0.324074,0.048735,0.12963,0.033087,0.18287,0.042449,0.289352,0.043341,0.196759,0.037301,0.185185,0.035717,0.148148,0.035717,0.331019,0.04212,0.351852,0.043611,0.342593,0.040808,0.24537,0.036535,0.231481,0.040638,0.092593,0.028082,0.148148,0.035127,0.439815,0.052216,0.298877,0.04239,72
data_only_scaling,embodiment_shift,3,0.400463,0.050324,0.24537,0.032929,0.296296,0.038888,0.166667,0.038768,0.19213,0.039652,0.266204,0.044136,0.166667,0.032947,0.150463,0.031759,0.143519,0.029824,0.331019,0.04212,0.386574,0.046516,0.372685,0.043099,0.30787,0.042202,0.215278,0.039535,0.087963,0.027392,0.152778,0.034645,0.391204,0.057124,0.357639,0.052649,72
data_only_scaling,embodiment_shift,4,0.368056,0.047892,0.300926,0.045063,0.273148,0.03999,0.148148,0.028573,0.168981,0.033879,0.261574,0.047843,0.199074,0.039641,0.175926,0.035325,0.148148,0.033297,0.342593,0.042315,0.347222,0.05279,0.405093,0.04326,0.243056,0.040833,0.222222,0.039303,0.069444,0.024815,0.12037,0.031137,0.423611,0.06229,0.325324,0.046884,72
data_only_scaling,embodiment_shift,5,0.356481,0.043968,0.252315,0.038222,0.321759,0.049347,0.131944,0.031613,0.1875,0.040319,0.233796,0.042202,0.199074,0.04317,0.173611,0.040059,0.1875,0.035353,0.314815,0.039597,0.361111,0.04237,0.331019,0.044529,0.25463,0.037661,0.261574,0.039739,0.090278,0.027366,0.157407,0.032235,0.423611,0.055559,0.306944,0.04544,72
data_only_scaling,embodiment_shift,6,0.361111,0.041373,0.291667,0.044649,0.282407,0.047322,0.138889,0.034796,0.175926,0.037055,0.280093,0.044215,0.157407,0.034122,0.18287,0.037207,0.171296,0.031636,0.344907,0.04538,0.344907,0.042531,0.368056,0.040833,0.247685,0.038222,0.217593,0.04119,0.081019,0.026635,0.152778,0.031489,0.384259,0.051948,0.321759,0.042555,72
data_only_scaling,embodiment_shift,7,0.365741,0.04598,0.287037,0.041485,0.296296,0.046693,0.127315,0.03509,0.178241,0.038404,0.263889,0.042247,0.208333,0.044179,0.212963,0.039421,0.136574,0.034991,0.337963,0.040851,0.407407,0.041819,0.358796,0.044607,0.296296,0.041985,0.194444,0.038226,0.078704,0.028876,0.145833,0.035353,0.386574,0.057729,0.329248,0.046491,72
data_only_scaling,embodiment_shift,8,0.37037,0.048877,0.263889,0.04175,0.25463,0.038753,0.145833,0.033535,0.148148,0.02629,0.296296,0.038888,0.159722,0.033845,0.159722,0.035647,0.178241,0.033777,0.349537,0.047988,0.381944,0.042585,0.37963,0.040466,0.277778,0.043823,0.189815,0.036725,0.127315,0.029955,0.131944,0.032907,0.446759,0.061917,0.334711,0.047448,72
data_only_scaling,embodiment_shift,9,0.342593,0.044245,0.280093,0.047405,0.342593,0.047432,0.138889,0.038226,0.157407,0.035325,0.252315,0.038764,0.175926,0.037055,0.185185,0.041148,0.162037,0.033557,0.319444,0.043224,0.377315,0.04382,0.363426,0.047184,0.291667,0.047371,0.18287,0.037764,0.099537,0.032086,0.162037,0.034779,0.425926,0.054784,0.303079,0.048365,72
data_only_scaling,heldout_exception_composition,0,0.30787,0.047331,0.256944,0.034758,0.3125,0.043314,0.141204,0.036356,0.217593,0.04068,0.261574,0.045609,0.222222,0.039303,0.229167,0.041088,0.143519,0.03314,0.351852,0.045485,0.386574,0.049558,0.351852,0.041148,0.256944,0.043793,0.236111,0.042738,0.090278,0.028851,0.150463,0.031759,0.425926,0.062608,0.264514,0.044796,72
data_only_scaling,heldout_exception_composition,1,0.3125,0.038192,0.280093,0.042284,0.310185,0.044908,0.166667,0.03419,0.18287,0.035484,0.319444,0.043224,0.19213,0.037487,0.203704,0.038347,0.143519,0.03557,0.324074,0.046544,0.381944,0.047233,0.365741,0.044126,0.240741,0.041819,0.226852,0.03999,0.104167,0.030606,0.12963,0.029766,0.4375,0.047673,0.26603,0.03867,72
data_only_scaling,heldout_exception_composition,2,0.321759,0.054186,0.291667,0.040737,0.372685,0.051486,0.134259,0.034578,0.199074,0.04068,0.291667,0.038633,0.178241,0.042037,0.194444,0.03419,0.171296,0.037102,0.310185,0.043008,0.402778,0.040737,0.377315,0.043341,0.217593,0.04119,0.194444,0.03419,0.138889,0.03539,0.150463,0.037207,0.458333,0.057339,0.278484,0.052556,72
data_only_scaling,heldout_exception_composition,3,0.270833,0.043072,0.256944,0.039798,0.361111,0.04523,0.150463,0.031759,0.180556,0.030134,0.291667,0.043224,0.178241,0.033777,0.219907,0.041285,0.168981,0.03449,0.310185,0.042026,0.412037,0.042356,0.391204,0.050531,0.240741,0.037614,0.212963,0.038347,0.101852,0.032018,0.180556,0.037537,0.493056,0.05795,0.223553,0.040553,72
data_only_scaling,heldout_exception_composition,4,0.324074,0.054017,0.328704,0.044284,0.365741,0.050728,0.115741,0.030743,0.194444,0.037676,0.287037,0.038888,0.219907,0.032836,0.175926,0.035911,0.18287,0.039388,0.319444,0.049525,0.37963,0.051781,0.384259,0.047322,0.277778,0.040351,0.236111,0.043704,0.099537,0.027911,0.178241,0.038404,0.44213,0.066574,0.286678,0.054829,72
data_only_scaling,heldout_exception_composition,5,0.31713,0.050531,0.277778,0.040351,0.305556,0.044766,0.173611,0.037918,0.203704,0.038347,0.243056,0.046566,0.194444,0.034796,0.189815,0.042026,0.18287,0.038313,0.284722,0.045431,0.412037,0.046581,0.351852,0.045485,0.282407,0.038028,0.215278,0.038464,0.087963,0.028144,0.166667,0.03419,0.435185,0.063161,0.268669,0.048492,72
data_only_scaling,heldout_exception_composition,6,0.287037,0.044401,0.287037,0.041985,0.372685,0.041116,0.155093,0.03053,0.219907,0.03758,0.291667,0.036977,0.206019,0.042612,0.206019,0.03509,0.175926,0.034122,0.365741,0.047761,0.405093,0.047843,0.344907,0.048493,0.25,0.040865,0.229167,0.040577,0.113426,0.030187,0.171296,0.036535,0.5,0.063637,0.244884,0.043546,72
data_only_scaling,heldout_exception_composition,7,0.277778,0.043344,0.240741,0.042315,0.305556,0.039831,0.145833,0.035353,0.157407,0.031581,0.259259,0.043291,0.1875,0.035353,0.226852,0.031855,0.175926,0.035911,0.340278,0.051056,0.414352,0.044294,0.347222,0.051184,0.280093,0.047843,0.273148,0.033764,0.101852,0.024651,0.157407,0.032876,0.467593,0.060142,0.239248,0.042878,72
data_only_scaling,heldout_exception_composition,8,0.319444,0.041247,0.233796,0.042694,0.372685,0.047697,0.141204,0.03804,0.196759,0.039476,0.25,0.04237,0.217593,0.040164,0.208333,0.03917,0.175926,0.036487,0.347222,0.045574,0.384259,0.050728,0.388889,0.050465,0.224537,0.035484,0.256944,0.044267,0.104167,0.032588,0.166667,0.032947,0.43287,0.05583,0.263148,0.041905,72
data_only_scaling,heldout_exception_composition,9,0.300926,0.046432,0.289352,0.042856,0.344907,0.045838,0.152778,0.037537,0.1875,0.034152,0.275463,0.039914,0.210648,0.038764,0.201389,0.037083,0.168981,0.033879,0.30787,0.036356,0.414352,0.045686,0.361111,0.044297,0.25463,0.039288,0.263889,0.044179,0.106481,0.031193,0.159722,0.041593,0.4375,0.059021,0.257292,0.047261,72
data_only_scaling,nominal_scaling,0,0.513889,0.045574,0.259259,0.048304,0.256944,0.044737,0.097222,0.027222,0.136574,0.031207,0.287037,0.039421,0.171296,0.034779,0.162037,0.037102,0.157407,0.035911,0.37963,0.042968,0.287037,0.043451,0.349537,0.046216,0.280093,0.046065,0.231481,0.044558,0.081019,0.02584,0.122685,0.035386,0.298611,0.050023,0.485185,0.048371,72
data_only_scaling,nominal_scaling,1,0.444444,0.046143,0.293981,0.044057,0.310185,0.048913,0.099537,0.027153,0.141204,0.035189,0.347222,0.04781,0.171296,0.034173,0.152778,0.034645,0.141204,0.035777,0.349537,0.045762,0.298611,0.047454,0.400463,0.050737,0.314815,0.040121,0.224537,0.040947,0.069444,0.020176,0.125,0.027222,0.375,0.053575,0.421215,0.04744,72
data_only_scaling,nominal_scaling,2,0.472222,0.047919,0.282407,0.040164,0.270833,0.035647,0.115741,0.032717,0.141204,0.035189,0.293981,0.045913,0.185185,0.040638,0.162037,0.034779,0.150463,0.033673,0.347222,0.044179,0.284722,0.049814,0.354167,0.046115,0.331019,0.051079,0.229167,0.045888,0.085648,0.029605,0.12037,0.029766,0.372685,0.055392,0.443831,0.05255,72
data_only_scaling,nominal_scaling,3,0.472222,0.047481,0.300926,0.046432,0.293981,0.040605,0.090278,0.034758,0.159722,0.033223,0.300926,0.046432,0.159722,0.0368,0.162037,0.036535,0.12037,0.033087,0.328704,0.041359,0.326389,0.042585,0.365741,0.045063,0.298611,0.040319,0.1875,0.041341,0.071759,0.024026,0.12037,0.031137,0.363426,0.054186,0.449653,0.050141,72
data_only_scaling,nominal_scaling,4,0.511574,0.052224,0.3125,0.043314,0.261574,0.039211,0.092593,0.025756,0.164352,0.036832,0.282407,0.04068,0.171296,0.035374,0.164352,0.032624,0.127315,0.026241,0.356481,0.045828,0.3125,0.03927,0.328704,0.04381,0.259259,0.045638,0.215278,0.044031,0.087963,0.028144,0.108796,0.029011,0.298611,0.058488,0.491308,0.053632,72
data_only_scaling,nominal_scaling,5,0.465278,0.050023,0.344907,0.047184,0.291667,0.036977,0.106481,0.029824,0.148148,0.03136,0.305556,0.040865,0.173611,0.033845,0.171296,0.032929,0.141204,0.033362,0.354167,0.047012,0.289352,0.04659,0.358796,0.046888,0.30787,0.040175,0.201389,0.042829,0.071759,0.02488,0.106481,0.032504,0.347222,0.056606,0.445706,0.051873,72
data_only_scaling,nominal_scaling,6,0.469907,0.048493,0.287037,0.050142,0.282407,0.045523,0.083333,0.025025,0.155093,0.029839,0.247685,0.042367,0.141204,0.033982,0.150463,0.033673,0.164352,0.032624,0.361111,0.043344,0.321759,0.038944,0.393519,0.04252,0.298611,0.046115,0.196759,0.04445,0.071759,0.024026,0.106481,0.029824,0.365741,0.053532,0.44331,0.051332,72
data_only_scaling,nominal_scaling,7,0.481481,0.051104,0.328704,0.045676,0.303241,0.051011,0.099537,0.028649,0.203704,0.035521,0.337963,0.042356,0.143519,0.034376,0.159722,0.031281,0.115741,0.026356,0.368056,0.050023,0.347222,0.044179,0.388889,0.047919,0.31713,0.039388,0.199074,0.039641,0.0625,0.01985,0.104167,0.027744,0.337963,0.055572,0.460208,0.053466,72
data_only_scaling,nominal_scaling,8,0.456019,0.05815,0.347222,0.039699,0.287037,0.043929,0.099537,0.029369,0.155093,0.033777,0.282407,0.045523,0.189815,0.038392,0.162037,0.032289,0.134259,0.031415,0.342593,0.044714,0.319444,0.046928,0.377315,0.050874,0.303241,0.049768,0.240741,0.043291,0.087963,0.02959,0.101852,0.030687,0.377315,0.054442,0.435949,0.059593,72
data_only_scaling,nominal_scaling,9,0.467593,0.052349,0.31713,0.050531,0.296296,0.043451,0.101852,0.023789,0.148148,0.035717,0.287037,0.04579,0.152778,0.030819,0.175926,0.033505,0.143519,0.034376,0.37037,0.044401,0.337963,0.050038,0.384259,0.045063,0.289352,0.041369,0.203704,0.035521,0.064815,0.023789,0.108796,0.026766,0.37037,0.058589,0.442396,0.055756,72
data_only_scaling,recovery_scarcity,0,0.333333,0.045689,0.261574,0.041788,0.282407,0.04068,0.141204,0.033362,0.141204,0.030758,0.263889,0.040222,0.226852,0.03999,0.18287,0.036642,0.159722,0.040059,0.354167,0.042829,0.361111,0.048782,0.37037,0.044869,0.296296,0.044401,0.224537,0.042449,0.092593,0.026554,0.180556,0.03583,0.418981,0.056326,0.292627,0.046445,72
data_only_scaling,recovery_scarcity,1,0.388889,0.04523,0.277778,0.040865,0.3125,0.050439,0.168981,0.039033,0.178241,0.035582,0.314815,0.045485,0.1875,0.036515,0.199074,0.037475,0.150463,0.034288,0.333333,0.043823,0.412037,0.047027,0.363426,0.038944,0.243056,0.037083,0.194444,0.03419,0.083333,0.027413,0.19213,0.036926,0.400463,0.052754,0.346042,0.044981,72
data_only_scaling,recovery_scarcity,2,0.335648,0.044057,0.273148,0.036725,0.321759,0.043019,0.148148,0.036867,0.164352,0.037948,0.252315,0.038764,0.226852,0.043491,0.189815,0.037289,0.180556,0.033418,0.321759,0.048493,0.375,0.045114,0.347222,0.051993,0.280093,0.041788,0.206019,0.040088,0.069444,0.023072,0.159722,0.035057,0.446759,0.052423,0.28853,0.044618,72
data_only_scaling,recovery_scarcity,3,0.347222,0.040737,0.243056,0.040833,0.31713,0.044372,0.12963,0.031137,0.148148,0.032018,0.247685,0.041871,0.194444,0.04286,0.171296,0.037102,0.150463,0.036068,0.324074,0.046544,0.377315,0.049628,0.398148,0.043611,0.261574,0.049558,0.203704,0.042479,0.101852,0.027833,0.134259,0.027896,0.430556,0.050774,0.301123,0.041696,72
data_only_scaling,recovery_scarcity,4,0.356481,0.044908,0.275463,0.036642,0.300926,0.038028,0.145833,0.031613,0.19213,0.034591,0.256944,0.046566,0.1875,0.038192,0.180556,0.036408,0.173611,0.033845,0.356481,0.048052,0.337963,0.046581,0.407407,0.038165,0.25463,0.036535,0.194444,0.035975,0.083333,0.024176,0.162037,0.033557,0.439815,0.058619,0.308866,0.044799,72
data_only_scaling,recovery_scarcity,5,0.381944,0.048969,0.289352,0.045686,0.331019,0.048565,0.178241,0.042531,0.171296,0.035959,0.277778,0.040351,0.236111,0.035243,0.196759,0.040001,0.224537,0.040434,0.3125,0.047454,0.412037,0.047907,0.340278,0.044503,0.273148,0.03999,0.24537,0.035374,0.076389,0.023241,0.152778,0.028715,0.407407,0.053238,0.335046,0.047495,72
data_only_scaling,recovery_scarcity,6,0.333333,0.049631,0.247685,0.030302,0.310185,0.042026,0.122685,0.029605,0.180556,0.036408,0.259259,0.032876,0.206019,0.03509,0.212963,0.033087,0.141204,0.035777,0.335648,0.04212,0.400463,0.04318,0.361111,0.039831,0.266204,0.035777,0.243056,0.037641,0.06713,0.027153,0.159722,0.033845,0.414352,0.054057,0.289942,0.050673,72
data_only_scaling,recovery_scarcity,7,0.314815,0.040121,0.266204,0.041704,0.3125,0.041843,0.152778,0.027222,0.168981,0.039033,0.247685,0.041369,0.166667,0.032307,0.19213,0.035189,0.173611,0.0368,0.296296,0.045332,0.368056,0.046566,0.377315,0.042367,0.268519,0.044558,0.210648,0.035971,0.085648,0.028159,0.152778,0.036977,0.44213,0.054506,0.267766,0.040889,72
data_only_scaling,recovery_scarcity,8,0.319444,0.046481,0.298611,0.044737,0.342593,0.041819,0.148148,0.037429,0.18287,0.037207,0.224537,0.036642,0.171296,0.034173,0.145833,0.037083,0.173611,0.030606,0.324074,0.038165,0.398148,0.045942,0.368056,0.047454,0.270833,0.040059,0.25,0.038768,0.113426,0.035874,0.1875,0.039798,0.444444,0.059571,0.281019,0.0463,72
data_only_scaling,recovery_scarcity,9,0.342593,0.050419,0.261574,0.038675,0.319444,0.042247,0.138889,0.03539,0.194444,0.04237,0.277778,0.038226,0.173611,0.035647,0.203704,0.043451,0.168981,0.040088,0.356481,0.051002,0.377315,0.041369,0.354167,0.050851,0.273148,0.03999,0.217593,0.044126,0.113426,0.03087,0.148148,0.034528,0.453704,0.060345,0.301134,0.051994,72
data_only_scaling,shortcut_shift,0,0.37963,0.044869,0.266204,0.039122,0.305556,0.040865,0.138889,0.028164,0.19213,0.036926,0.266204,0.039122,0.189815,0.038392,0.189815,0.038932,0.1875,0.034152,0.303241,0.04052,0.361111,0.043823,0.356481,0.044441,0.252315,0.04614,0.259259,0.047432,0.074074,0.02408,0.162037,0.032929,0.400463,0.058389,0.333669,0.045421,72
data_only_scaling,shortcut_shift,1,0.319444,0.04603,0.310185,0.043008,0.296296,0.040466,0.12037,0.033712,0.157407,0.035325,0.263889,0.039699,0.229167,0.034456,0.171296,0.039288,0.168981,0.03626,0.347222,0.043224,0.37963,0.044869,0.358796,0.051553,0.252315,0.041871,0.210648,0.037114,0.071759,0.025705,0.173611,0.035647,0.428241,0.059158,0.281736,0.048159,72
data_only_scaling,shortcut_shift,2,0.351852,0.040638,0.231481,0.036867,0.337963,0.041861,0.152778,0.034645,0.185185,0.040121,0.296296,0.041485,0.196759,0.040001,0.196759,0.033153,0.143519,0.034376,0.340278,0.044503,0.372685,0.048133,0.398148,0.041652,0.259259,0.041819,0.277778,0.040351,0.111111,0.030988,0.138889,0.036551,0.4375,0.053453,0.295914,0.041761,72
data_only_scaling,shortcut_shift,3,0.333333,0.043344,0.284722,0.041593,0.326389,0.044031,0.152778,0.032788,0.199074,0.038573,0.298611,0.037083,0.189815,0.037289,0.173611,0.039003,0.122685,0.03357,0.321759,0.044918,0.326389,0.042585,0.365741,0.042684,0.247685,0.041871,0.24537,0.041861,0.071759,0.023141,0.134259,0.030057,0.430556,0.053184,0.289919,0.041525,72
data_only_scaling,shortcut_shift,4,0.344907,0.042531,0.263889,0.03917,0.305556,0.048782,0.145833,0.034758,0.136574,0.033153,0.263889,0.046481,0.185185,0.036296,0.229167,0.037918,0.164352,0.033879,0.337963,0.052878,0.347222,0.046928,0.37963,0.052182,0.273148,0.04252,0.263889,0.043704,0.069444,0.024815,0.150463,0.039388,0.423611,0.058488,0.304248,0.042882,72
data_only_scaling,shortcut_shift,5,0.337963,0.044284,0.266204,0.042694,0.303241,0.044918,0.143519,0.034376,0.19213,0.037487,0.284722,0.039003,0.203704,0.040466,0.185185,0.035127,0.136574,0.031207,0.319444,0.04603,0.400463,0.050324,0.398148,0.041148,0.240741,0.041317,0.25463,0.042356,0.087963,0.028876,0.134259,0.030057,0.444444,0.060613,0.289074,0.045447,72
data_only_scaling,shortcut_shift,6,0.377315,0.04659,0.268519,0.041148,0.31713,0.042938,0.136574,0.032517,0.199074,0.031415,0.226852,0.037289,0.168981,0.031318,0.189815,0.034978,0.131944,0.030263,0.333333,0.047481,0.444444,0.047919,0.347222,0.044179,0.233796,0.036356,0.222222,0.040351,0.064815,0.022895,0.150463,0.034288,0.398148,0.055791,0.331586,0.047815,72
data_only_scaling,shortcut_shift,7,0.37963,0.051376,0.298611,0.047012,0.321759,0.047624,0.138889,0.030306,0.201389,0.032907,0.261574,0.04374,0.194444,0.035975,0.189815,0.039465,0.131944,0.032907,0.335648,0.040605,0.365741,0.042684,0.391204,0.043899,0.268519,0.045485,0.24537,0.046131,0.076389,0.024973,0.148148,0.035127,0.409722,0.056306,0.333669,0.053322,72
data_only_scaling,shortcut_shift,8,0.342593,0.039244,0.280093,0.042775,0.293981,0.041116,0.108796,0.031095,0.173611,0.037363,0.275463,0.038854,0.203704,0.038347,0.1875,0.038192,0.168981,0.039033,0.3125,0.039798,0.377315,0.044762,0.393519,0.044441,0.266204,0.039652,0.25,0.052492,0.085648,0.028891,0.152778,0.033418,0.391204,0.048421,0.299873,0.040102,72
data_only_scaling,shortcut_shift,9,0.310185,0.043008,0.268519,0.044558,0.326389,0.041088,0.12963,0.031137,0.175926,0.039772,0.291667,0.04175,0.175926,0.037055,0.194444,0.040865,0.164352,0.031318,0.391204,0.045303,0.331019,0.040605,0.384259,0.04317,0.259259,0.034122,0.259259,0.038165,0.090278,0.026592,0.148148,0.032018,0.439815,0.059327,0.270336,0.043001,72
dropout_risk_filter,combined_exception_stress,0,0.386574,0.046065,0.37963,0.048015,0.277778,0.040865,0.083333,0.027413,0.101852,0.025484,0.395833,0.045888,0.141204,0.030758,0.12037,0.030459,0.226852,0.037845,0.261574,0.035288,0.331019,0.044057,0.261574,0.041788,0.384259,0.050728,0.164352,0.03568,0.083333,0.026641,0.143519,0.034376,0.372685,0.057609,0.396875,0.047842,72
dropout_risk_filter,combined_exception_stress,1,0.37963,0.048877,0.412037,0.040851,0.321759,0.047184,0.085648,0.026635,0.101852,0.027833,0.37037,0.048448,0.157407,0.035325,0.097222,0.029433,0.215278,0.041593,0.240741,0.039244,0.324074,0.04377,0.273148,0.041527,0.381944,0.048541,0.194444,0.04237,0.071759,0.026505,0.127315,0.031978,0.351852,0.06046,0.391852,0.050908,72
dropout_risk_filter,combined_exception_stress,2,0.398148,0.044087,0.400463,0.041201,0.293981,0.045457,0.104167,0.031281,0.090278,0.026592,0.356481,0.04537,0.162037,0.036535,0.113426,0.02877,0.219907,0.038131,0.284722,0.043554,0.31713,0.04484,0.25,0.041874,0.377315,0.053669,0.19213,0.041704,0.083333,0.027413,0.138889,0.032947,0.365741,0.050315,0.404861,0.045427,72
dropout_risk_filter,combined_exception_stress,3,0.412037,0.042846,0.402778,0.044649,0.268519,0.041652,0.092593,0.028082,0.099537,0.031429,0.37963,0.048015,0.127315,0.033258,0.106481,0.02839,0.203704,0.039947,0.247685,0.042856,0.3125,0.042829,0.25463,0.038753,0.386574,0.049977,0.173611,0.041593,0.076389,0.021369,0.115741,0.027896,0.354167,0.050851,0.425961,0.045248,72
dropout_risk_filter,combined_exception_stress,4,0.395833,0.048109,0.342593,0.049584,0.296296,0.038888,0.097222,0.030134,0.083333,0.026641,0.368056,0.047454,0.12037,0.026024,0.122685,0.034186,0.231481,0.040121,0.256944,0.041341,0.342593,0.040808,0.261574,0.038675,0.354167,0.039798,0.215278,0.037363,0.106481,0.027645,0.12037,0.029056,0.377315,0.057427,0.399919,0.051,72
dropout_risk_filter,combined_exception_stress,5,0.391204,0.047551,0.37037,0.048015,0.263889,0.046481,0.111111,0.031654,0.101852,0.02629,0.405093,0.041788,0.173611,0.035647,0.094907,0.027281,0.206019,0.041621,0.275463,0.039388,0.293981,0.039564,0.238426,0.035288,0.358796,0.048636,0.199074,0.039641,0.064815,0.020993,0.150463,0.031759,0.358796,0.055077,0.394873,0.05059,72
dropout_risk_filter,combined_exception_stress,6,0.388889,0.04523,0.402778,0.047371,0.296296,0.042968,0.115741,0.027896,0.12963,0.03245,0.398148,0.040638,0.162037,0.037102,0.12037,0.033087,0.201389,0.038735,0.273148,0.037845,0.296296,0.042479,0.256944,0.042829,0.384259,0.044597,0.155093,0.034389,0.078704,0.026619,0.145833,0.035939,0.386574,0.05951,0.392662,0.049399,72
dropout_risk_filter,combined_exception_stress,7,0.375,0.045114,0.416667,0.045689,0.319444,0.049525,0.108796,0.028283,0.101852,0.028573,0.425926,0.046544,0.136574,0.03053,0.097222,0.027222,0.217593,0.04119,0.268519,0.041652,0.340278,0.046789,0.25,0.044297,0.372685,0.044057,0.18287,0.033048,0.099537,0.028649,0.141204,0.03273,0.37037,0.057146,0.390255,0.047574,72
dropout_risk_filter,combined_exception_stress,8,0.405093,0.048277,0.405093,0.049558,0.300926,0.042684,0.101852,0.027073,0.108796,0.029011,0.402778,0.05279,0.136574,0.031207,0.155093,0.038404,0.210648,0.039827,0.25,0.039303,0.298611,0.044737,0.238426,0.035874,0.372685,0.048565,0.166667,0.038226,0.101852,0.027073,0.136574,0.03053,0.356481,0.050591,0.417824,0.052452,72
dropout_risk_filter,combined_exception_stress,9,0.347222,0.046481,0.428241,0.042775,0.280093,0.042775,0.081019,0.025019,0.12963,0.0318,0.363426,0.047184,0.189815,0.038392,0.136574,0.035582,0.215278,0.031281,0.229167,0.035057,0.347222,0.046481,0.231481,0.040638,0.416667,0.046143,0.168981,0.037948,0.069444,0.023072,0.108796,0.029011,0.416667,0.05851,0.357801,0.049823,72
dropout_risk_filter,contact_tail_shift,0,0.44213,0.04484,0.398148,0.039066,0.310185,0.043491,0.06713,0.024739,0.090278,0.029566,0.381944,0.044503,0.136574,0.033153,0.101852,0.027833,0.236111,0.040222,0.224537,0.035484,0.296296,0.044401,0.210648,0.039299,0.421296,0.054049,0.180556,0.032788,0.053241,0.020254,0.092593,0.025756,0.358796,0.053928,0.464005,0.048602,72
dropout_risk_filter,contact_tail_shift,1,0.430556,0.046481,0.395833,0.043072,0.298611,0.040319,0.090278,0.027366,0.078704,0.028144,0.386574,0.041788,0.150463,0.031095,0.094907,0.027281,0.199074,0.036344,0.266204,0.035189,0.300926,0.038028,0.226852,0.038932,0.372685,0.040088,0.148148,0.030687,0.053241,0.018076,0.092593,0.028082,0.358796,0.05354,0.447187,0.046845,72
dropout_risk_filter,contact_tail_shift,2,0.472222,0.048782,0.381944,0.048969,0.247685,0.044762,0.064815,0.021964,0.078704,0.027392,0.395833,0.044969,0.12037,0.029766,0.131944,0.028851,0.1875,0.035353,0.212963,0.036678,0.277778,0.044297,0.229167,0.035647,0.428241,0.044215,0.171296,0.035374,0.055556,0.022383,0.108796,0.030416,0.314815,0.056902,0.500081,0.051143,72
dropout_risk_filter,contact_tail_shift,3,0.446759,0.052024,0.37037,0.048448,0.30787,0.041201,0.076389,0.024973,0.097222,0.026444,0.381944,0.050232,0.145833,0.038192,0.104167,0.026982,0.162037,0.037102,0.289352,0.040862,0.277778,0.046143,0.238426,0.036452,0.43287,0.040175,0.157407,0.029531,0.053241,0.02222,0.115741,0.027896,0.354167,0.063617,0.465312,0.054377,72
dropout_risk_filter,contact_tail_shift,4,0.481481,0.048592,0.418981,0.044294,0.310185,0.044908,0.085648,0.025019,0.094907,0.030187,0.321759,0.04674,0.115741,0.029354,0.113426,0.028035,0.1875,0.034758,0.25,0.04523,0.275463,0.040434,0.25,0.037676,0.418981,0.048779,0.173611,0.036228,0.060185,0.020742,0.111111,0.02961,0.328704,0.054434,0.500347,0.050561,72
dropout_risk_filter,contact_tail_shift,5,0.486111,0.055489,0.398148,0.053107,0.291667,0.045114,0.076389,0.024973,0.094907,0.02877,0.377315,0.04659,0.166667,0.036551,0.125,0.032145,0.201389,0.035939,0.243056,0.041341,0.266204,0.037487,0.233796,0.041704,0.402778,0.049945,0.148148,0.030687,0.064815,0.023789,0.113426,0.025705,0.321759,0.057185,0.502894,0.056468,72
dropout_risk_filter,contact_tail_shift,6,0.462963,0.044869,0.386574,0.041285,0.247685,0.045226,0.076389,0.025795,0.087963,0.026619,0.400463,0.049907,0.145833,0.033535,0.122685,0.03357,0.134259,0.035765,0.263889,0.034037,0.277778,0.043344,0.300926,0.042684,0.416667,0.046594,0.168981,0.03626,0.064815,0.021964,0.101852,0.024651,0.30787,0.051553,0.482361,0.046195,72
dropout_risk_filter,contact_tail_shift,7,0.462963,0.044869,0.37963,0.048877,0.259259,0.038708,0.085648,0.029605,0.106481,0.029116,0.414352,0.040862,0.164352,0.031318,0.12037,0.029056,0.222222,0.038768,0.289352,0.04659,0.287037,0.041485,0.277778,0.041874,0.400463,0.051553,0.180556,0.03917,0.053241,0.02222,0.113426,0.031539,0.384259,0.049479,0.470995,0.047129,72
dropout_risk_filter,contact_tail_shift,8,0.439815,0.04537,0.398148,0.045024,0.319444,0.044649,0.101852,0.024651,0.092593,0.029531,0.430556,0.042247,0.164352,0.03626,0.092593,0.027329,0.233796,0.036926,0.24537,0.038753,0.263889,0.045574,0.263889,0.045114,0.423611,0.043314,0.155093,0.034991,0.043981,0.018268,0.122685,0.029605,0.356481,0.058262,0.45287,0.048241,72
dropout_risk_filter,contact_tail_shift,9,0.486111,0.040737,0.398148,0.051915,0.259259,0.042315,0.0625,0.022787,0.101852,0.028573,0.377315,0.04659,0.118056,0.031281,0.087963,0.023272,0.212963,0.039947,0.25463,0.041861,0.275463,0.045303,0.238426,0.035874,0.430556,0.046481,0.185185,0.038528,0.071759,0.027281,0.104167,0.028487,0.31713,0.054121,0.510185,0.043802,72
dropout_risk_filter,cross_robot_morphology,0,0.405093,0.05282,0.412037,0.04381,0.300926,0.042684,0.097222,0.027222,0.113426,0.032836,0.386574,0.044685,0.141204,0.033982,0.131944,0.032266,0.148148,0.032664,0.243056,0.040319,0.310185,0.043968,0.24537,0.037102,0.416667,0.043823,0.196759,0.04052,0.060185,0.024439,0.148148,0.035717,0.358796,0.060496,0.423611,0.055334,72
dropout_risk_filter,cross_robot_morphology,1,0.460648,0.045457,0.453704,0.040466,0.280093,0.039211,0.108796,0.025974,0.076389,0.024973,0.416667,0.046594,0.141204,0.029369,0.143519,0.027645,0.189815,0.03314,0.25,0.036551,0.349537,0.044372,0.284722,0.042585,0.428241,0.04326,0.155093,0.036164,0.087963,0.027392,0.104167,0.032588,0.342593,0.055164,0.483484,0.04859,72
dropout_risk_filter,cross_robot_morphology,2,0.375,0.04781,0.418981,0.055954,0.298611,0.042339,0.087963,0.028144,0.083333,0.028164,0.4375,0.052666,0.143519,0.032504,0.099537,0.027911,0.215278,0.037918,0.259259,0.033505,0.298611,0.041341,0.231481,0.040638,0.423611,0.041341,0.148148,0.029999,0.092593,0.03023,0.143519,0.031855,0.409722,0.05813,0.398843,0.052613,72
dropout_risk_filter,cross_robot_morphology,3,0.453704,0.048015,0.386574,0.042775,0.310185,0.042026,0.078704,0.026619,0.090278,0.028851,0.4375,0.050646,0.122685,0.034186,0.104167,0.028487,0.201389,0.040319,0.224537,0.039388,0.263889,0.040737,0.222222,0.038226,0.407407,0.046093,0.166667,0.038226,0.085648,0.02584,0.104167,0.026982,0.324074,0.058826,0.479201,0.05143,72
dropout_risk_filter,cross_robot_morphology,4,0.409722,0.047454,0.368056,0.047454,0.266204,0.040175,0.092593,0.025756,0.12037,0.033087,0.423611,0.046566,0.134259,0.031415,0.136574,0.038404,0.180556,0.038633,0.231481,0.046394,0.282407,0.047322,0.231481,0.040638,0.365741,0.049899,0.157407,0.031581,0.092593,0.028816,0.122685,0.028891,0.368056,0.05442,0.422778,0.050669,72
dropout_risk_filter,cross_robot_morphology,5,0.446759,0.049558,0.388889,0.040351,0.277778,0.041874,0.0625,0.024551,0.125,0.033418,0.384259,0.04317,0.136574,0.029839,0.134259,0.033349,0.210648,0.038764,0.263889,0.043704,0.273148,0.036725,0.226852,0.043008,0.412037,0.047027,0.157407,0.032876,0.085648,0.03357,0.118056,0.030606,0.305556,0.055583,0.465706,0.05067,72
dropout_risk_filter,cross_robot_morphology,6,0.398148,0.051915,0.375,0.039699,0.287037,0.041485,0.087963,0.027392,0.106481,0.027645,0.386574,0.044685,0.143519,0.036152,0.12037,0.0318,0.18287,0.038854,0.25463,0.041359,0.284722,0.042092,0.224537,0.039914,0.400463,0.056203,0.148148,0.034528,0.094907,0.025705,0.085648,0.021423,0.393519,0.063079,0.412234,0.054149,72
dropout_risk_filter,cross_robot_morphology,7,0.439815,0.05141,0.425926,0.042315,0.282407,0.046879,0.06713,0.026373,0.078704,0.026619,0.428241,0.051621,0.12963,0.034326,0.125,0.030819,0.199074,0.036344,0.277778,0.041874,0.300926,0.039641,0.256944,0.044267,0.421296,0.052878,0.171296,0.037661,0.081019,0.02584,0.108796,0.027535,0.340278,0.054993,0.468542,0.052846,72
dropout_risk_filter,cross_robot_morphology,8,0.416667,0.048352,0.393519,0.050177,0.277778,0.04237,0.106481,0.031855,0.106481,0.026879,0.405093,0.049977,0.150463,0.037764,0.131944,0.034152,0.196759,0.034389,0.263889,0.040222,0.284722,0.045431,0.263889,0.033418,0.368056,0.040319,0.164352,0.03568,0.092593,0.027329,0.115741,0.033969,0.372685,0.061125,0.424826,0.050099,72
dropout_risk_filter,cross_robot_morphology,9,0.43287,0.048205,0.400463,0.04318,0.236111,0.03583,0.097222,0.029433,0.101852,0.029295,0.384259,0.046879,0.12963,0.037242,0.125,0.038089,0.1875,0.034152,0.233796,0.045989,0.287037,0.040979,0.229167,0.0368,0.402778,0.045114,0.180556,0.035243,0.074074,0.024932,0.122685,0.030302,0.365741,0.062525,0.449734,0.049881,72
dropout_risk_filter,embodiment_shift,0,0.497685,0.046366,0.388889,0.043344,0.289352,0.04382,0.078704,0.026619,0.115741,0.027896,0.402778,0.047371,0.111111,0.023297,0.099537,0.029369,0.194444,0.03539,0.263889,0.042738,0.289352,0.041369,0.226852,0.034978,0.407407,0.04377,0.178241,0.036737,0.064815,0.022895,0.101852,0.029295,0.293981,0.053083,0.518843,0.048663,72
dropout_risk_filter,embodiment_shift,1,0.490741,0.050419,0.453704,0.048015,0.247685,0.035971,0.097222,0.027979,0.078704,0.023272,0.377315,0.043341,0.155093,0.033777,0.104167,0.02921,0.194444,0.036551,0.268519,0.033918,0.310185,0.04537,0.270833,0.038464,0.405093,0.049558,0.166667,0.032307,0.060185,0.023569,0.134259,0.030057,0.310185,0.05141,0.511458,0.052823,72
dropout_risk_filter,embodiment_shift,2,0.430556,0.050361,0.453704,0.046693,0.263889,0.040222,0.087963,0.023272,0.104167,0.026196,0.354167,0.046566,0.145833,0.034758,0.113426,0.02877,0.208333,0.039699,0.261574,0.042284,0.30787,0.045072,0.287037,0.042968,0.395833,0.045431,0.171296,0.033557,0.078704,0.021403,0.108796,0.030416,0.372685,0.055392,0.443866,0.053688,72
dropout_risk_filter,embodiment_shift,3,0.472222,0.05005,0.407407,0.046093,0.296296,0.039947,0.097222,0.027222,0.06713,0.025569,0.377315,0.047036,0.108796,0.030416,0.118056,0.035057,0.201389,0.043314,0.263889,0.040737,0.282407,0.038573,0.215278,0.045888,0.407407,0.054784,0.138889,0.030306,0.076389,0.023241,0.097222,0.025643,0.328704,0.053661,0.497546,0.052619,72
dropout_risk_filter,embodiment_shift,4,0.479167,0.041843,0.439815,0.038932,0.268519,0.047285,0.097222,0.027979,0.092593,0.025756,0.412037,0.04877,0.127315,0.031318,0.122685,0.030983,0.212963,0.041485,0.25463,0.039816,0.287037,0.043451,0.229167,0.037918,0.414352,0.043341,0.152778,0.036977,0.083333,0.027413,0.113426,0.028035,0.326389,0.051463,0.504132,0.044656,72
dropout_risk_filter,embodiment_shift,5,0.4375,0.046341,0.435185,0.047725,0.296296,0.044401,0.101852,0.029295,0.083333,0.023297,0.37037,0.044869,0.127315,0.031318,0.113426,0.030187,0.19213,0.030758,0.25463,0.04877,0.280093,0.039739,0.247685,0.036547,0.412037,0.04834,0.166667,0.03419,0.090278,0.028118,0.085648,0.02584,0.354167,0.060591,0.457512,0.047996,72
dropout_risk_filter,embodiment_shift,6,0.486111,0.044649,0.439815,0.050177,0.252315,0.044762,0.055556,0.023297,0.099537,0.028649,0.377315,0.045226,0.143519,0.034978,0.104167,0.028487,0.224537,0.038313,0.287037,0.043929,0.321759,0.040001,0.217593,0.038028,0.412037,0.045676,0.152778,0.034037,0.076389,0.023241,0.131944,0.032907,0.268519,0.047725,0.514479,0.049274,72
dropout_risk_filter,embodiment_shift,7,0.430556,0.050361,0.381944,0.044031,0.25,0.039831,0.115741,0.030743,0.108796,0.031759,0.354167,0.042829,0.150463,0.031759,0.125,0.030819,0.217593,0.039111,0.282407,0.04119,0.291667,0.036408,0.238426,0.042284,0.402778,0.041247,0.148148,0.033918,0.06713,0.021096,0.122685,0.032302,0.347222,0.055864,0.434815,0.052738,72
dropout_risk_filter,embodiment_shift,8,0.474537,0.043661,0.398148,0.04215,0.310185,0.037845,0.064815,0.022895,0.092593,0.026554,0.365741,0.04598,0.125,0.031489,0.090278,0.027366,0.171296,0.034779,0.261574,0.038131,0.293981,0.041621,0.268519,0.047285,0.416667,0.044297,0.180556,0.035243,0.083333,0.030988,0.141204,0.039122,0.349537,0.055643,0.495706,0.046113,72
dropout_risk_filter,embodiment_shift,9,0.418981,0.050874,0.384259,0.045063,0.261574,0.039739,0.06713,0.023881,0.064815,0.021964,0.416667,0.045689,0.164352,0.033879,0.099537,0.029369,0.217593,0.036344,0.263889,0.044179,0.296296,0.044401,0.247685,0.037672,0.430556,0.047371,0.164352,0.031978,0.099537,0.029369,0.113426,0.02877,0.365741,0.063519,0.440775,0.052823,72
dropout_risk_filter,heldout_exception_composition,0,0.418981,0.050874,0.423611,0.048755,0.263889,0.04175,0.085648,0.025019,0.125,0.030134,0.356481,0.048052,0.159722,0.033845,0.157407,0.030913,0.19213,0.033982,0.256944,0.041843,0.296296,0.04579,0.252315,0.039827,0.358796,0.048636,0.171296,0.038211,0.069444,0.025643,0.168981,0.036832,0.328704,0.064927,0.428113,0.053039,72
dropout_risk_filter,heldout_exception_composition,1,0.428241,0.04374,0.391204,0.047551,0.273148,0.046281,0.094907,0.024026,0.115741,0.033969,0.375,0.04603,0.136574,0.036164,0.108796,0.034288,0.19213,0.036356,0.233796,0.044136,0.296296,0.042968,0.238426,0.04374,0.391204,0.048421,0.180556,0.034645,0.090278,0.030263,0.090278,0.023241,0.331019,0.05189,0.442199,0.04812,72
dropout_risk_filter,heldout_exception_composition,2,0.388889,0.052492,0.398148,0.050694,0.314815,0.04313,0.071759,0.02222,0.113426,0.029487,0.400463,0.046441,0.138889,0.030306,0.094907,0.027281,0.210648,0.038764,0.206019,0.040088,0.340278,0.044031,0.208333,0.03917,0.416667,0.047481,0.157407,0.034729,0.074074,0.02408,0.099537,0.028649,0.395833,0.059373,0.410312,0.05633,72
dropout_risk_filter,heldout_exception_composition,3,0.375,0.051993,0.416667,0.049631,0.291667,0.044649,0.111111,0.038768,0.092593,0.028816,0.384259,0.049055,0.159722,0.036228,0.125,0.032788,0.238426,0.03758,0.284722,0.045888,0.31713,0.039388,0.25463,0.041359,0.391204,0.043421,0.189815,0.039465,0.060185,0.022666,0.118056,0.026196,0.400463,0.059802,0.384259,0.053868,72
dropout_risk_filter,heldout_exception_composition,4,0.393519,0.04537,0.405093,0.047843,0.321759,0.043978,0.101852,0.027833,0.106481,0.029824,0.400463,0.049064,0.155093,0.037301,0.111111,0.027413,0.210648,0.034186,0.270833,0.041593,0.277778,0.038768,0.226852,0.037289,0.349537,0.044372,0.19213,0.034591,0.076389,0.024122,0.12037,0.030459,0.37963,0.053759,0.404005,0.047418,72
dropout_risk_filter,heldout_exception_composition,5,0.381944,0.041088,0.388889,0.048352,0.252315,0.037672,0.094907,0.032836,0.111111,0.028164,0.37963,0.045332,0.141204,0.032086,0.125,0.030134,0.178241,0.041032,0.275463,0.038854,0.30787,0.036926,0.236111,0.03917,0.358796,0.03804,0.166667,0.03539,0.06713,0.023881,0.122685,0.028891,0.381944,0.060763,0.39147,0.040873,72
dropout_risk_filter,heldout_exception_composition,6,0.428241,0.048708,0.375,0.04175,0.293981,0.040605,0.092593,0.027329,0.083333,0.030306,0.372685,0.046366,0.131944,0.032266,0.111111,0.032947,0.210648,0.038222,0.256944,0.04566,0.296296,0.041985,0.238426,0.039739,0.377315,0.04382,0.143519,0.031193,0.0625,0.022787,0.134259,0.030057,0.368056,0.061954,0.441609,0.050452,72
dropout_risk_filter,heldout_exception_composition,7,0.405093,0.048708,0.386574,0.049977,0.326389,0.044503,0.108796,0.026766,0.115741,0.029354,0.393519,0.044441,0.152778,0.036977,0.118056,0.029917,0.210648,0.034186,0.259259,0.044714,0.293981,0.049417,0.238426,0.042775,0.402778,0.04781,0.194444,0.041373,0.090278,0.032907,0.141204,0.033982,0.354167,0.056306,0.412824,0.049307,72
dropout_risk_filter,heldout_exception_composition,8,0.356481,0.044908,0.444444,0.045689,0.303241,0.044918,0.115741,0.032717,0.099537,0.029369,0.356481,0.047175,0.162037,0.035374,0.090278,0.028118,0.217593,0.039641,0.238426,0.03758,0.289352,0.038222,0.194444,0.040351,0.351852,0.045942,0.152778,0.031489,0.064815,0.023789,0.111111,0.03419,0.405093,0.057367,0.367975,0.045033,72
dropout_risk_filter,heldout_exception_composition,9,0.416667,0.044297,0.384259,0.044126,0.3125,0.05126,0.087963,0.028876,0.097222,0.027979,0.375,0.043704,0.134259,0.028634,0.122685,0.029605,0.180556,0.03583,0.25463,0.038753,0.342593,0.04377,0.203704,0.035521,0.381944,0.046789,0.150463,0.033673,0.115741,0.027896,0.108796,0.030416,0.337963,0.052481,0.436123,0.046926,72
dropout_risk_filter,nominal_scaling,0,0.560185,0.05141,0.472222,0.046143,0.296296,0.043929,0.0625,0.022787,0.094907,0.027281,0.372685,0.044995,0.111111,0.027413,0.097222,0.028715,0.226852,0.03999,0.259259,0.035325,0.305556,0.04237,0.247685,0.037672,0.393519,0.03557,0.150463,0.035484,0.055556,0.02143,0.064815,0.022895,0.263889,0.056974,0.588032,0.0528,72
dropout_risk_filter,nominal_scaling,1,0.539352,0.04212,0.423611,0.044737,0.247685,0.045686,0.074074,0.024932,0.064815,0.023789,0.402778,0.044649,0.101852,0.027073,0.111111,0.030306,0.152778,0.032145,0.273148,0.04537,0.252315,0.045226,0.224537,0.037764,0.4375,0.050232,0.164352,0.032624,0.06713,0.024739,0.094907,0.027281,0.280093,0.048277,0.577037,0.043637,72
dropout_risk_filter,nominal_scaling,2,0.543981,0.054824,0.446759,0.041788,0.25,0.038226,0.0625,0.022787,0.094907,0.027281,0.388889,0.041373,0.12963,0.03245,0.083333,0.023297,0.18287,0.038313,0.291667,0.04175,0.25463,0.038211,0.231481,0.039597,0.44213,0.045303,0.148148,0.032018,0.039352,0.01883,0.092593,0.03023,0.30787,0.056941,0.5736,0.057064,72
dropout_risk_filter,nominal_scaling,3,0.564815,0.04215,0.423611,0.046115,0.280093,0.040776,0.064815,0.022895,0.097222,0.028715,0.384259,0.04119,0.125,0.030819,0.097222,0.030819,0.150463,0.030416,0.268519,0.039597,0.284722,0.044969,0.236111,0.040737,0.451389,0.047233,0.150463,0.033673,0.0625,0.022787,0.085648,0.02584,0.280093,0.04326,0.596759,0.044727,72
dropout_risk_filter,nominal_scaling,4,0.532407,0.042684,0.425926,0.052448,0.219907,0.039739,0.06713,0.026373,0.083333,0.026641,0.344907,0.045838,0.12037,0.033712,0.097222,0.028715,0.18287,0.038313,0.296296,0.044401,0.236111,0.04175,0.212963,0.040466,0.446759,0.046962,0.125,0.032788,0.0625,0.020875,0.106481,0.030516,0.280093,0.050393,0.564676,0.044137,72
dropout_risk_filter,nominal_scaling,5,0.550926,0.050315,0.483796,0.045762,0.263889,0.042247,0.0625,0.023686,0.092593,0.027329,0.418981,0.050462,0.113426,0.032836,0.101852,0.027073,0.152778,0.029433,0.273148,0.048484,0.261574,0.040261,0.266204,0.040691,0.430556,0.044649,0.127315,0.033879,0.048611,0.021852,0.087963,0.027392,0.268519,0.04816,0.587824,0.052218,72
dropout_risk_filter,nominal_scaling,6,0.511574,0.042037,0.444444,0.052093,0.233796,0.038585,0.069444,0.026444,0.053241,0.020254,0.402778,0.040737,0.12963,0.031137,0.078704,0.024152,0.148148,0.034528,0.293981,0.044995,0.24537,0.041359,0.247685,0.038222,0.418981,0.052886,0.12963,0.029056,0.064815,0.021964,0.083333,0.027413,0.326389,0.050232,0.547581,0.043771,72
dropout_risk_filter,nominal_scaling,7,0.543981,0.054057,0.456019,0.04614,0.268519,0.034528,0.0625,0.020875,0.06713,0.02299,0.386574,0.046065,0.127315,0.028528,0.122685,0.027408,0.164352,0.033879,0.293981,0.039033,0.268519,0.036867,0.261574,0.042284,0.418981,0.042367,0.138889,0.033574,0.055556,0.019384,0.0625,0.021852,0.300926,0.059444,0.576505,0.055528,72
dropout_risk_filter,nominal_scaling,8,0.555556,0.039303,0.469907,0.038404,0.263889,0.03917,0.053241,0.02126,0.101852,0.029999,0.418981,0.048779,0.113426,0.029487,0.099537,0.030071,0.148148,0.035127,0.282407,0.046432,0.252315,0.042367,0.238426,0.044685,0.472222,0.046594,0.152778,0.033418,0.048611,0.01985,0.111111,0.02961,0.273148,0.048484,0.599201,0.041,72
dropout_risk_filter,nominal_scaling,9,0.548611,0.051056,0.446759,0.044215,0.273148,0.043491,0.074074,0.023197,0.087963,0.028144,0.421296,0.046581,0.12963,0.03245,0.101852,0.03136,0.180556,0.03917,0.30787,0.048205,0.201389,0.042339,0.275463,0.035484,0.428241,0.053993,0.12963,0.031137,0.06713,0.021096,0.099537,0.029369,0.303241,0.049768,0.576065,0.052483,72
dropout_risk_filter,recovery_scarcity,0,0.430556,0.048675,0.44213,0.04484,0.282407,0.043651,0.074074,0.02408,0.090278,0.026592,0.37037,0.048448,0.118056,0.026982,0.127315,0.031978,0.219907,0.03702,0.289352,0.042367,0.268519,0.041148,0.280093,0.036452,0.421296,0.043331,0.18287,0.039914,0.078704,0.02959,0.12963,0.031137,0.335648,0.060783,0.453738,0.052201,72
dropout_risk_filter,recovery_scarcity,1,0.398148,0.04816,0.361111,0.050877,0.263889,0.045574,0.092593,0.026554,0.099537,0.030071,0.363426,0.046291,0.166667,0.035975,0.113426,0.025705,0.189815,0.038932,0.229167,0.040577,0.284722,0.043072,0.233796,0.037487,0.43287,0.047331,0.157407,0.038165,0.092593,0.025756,0.125,0.032788,0.384259,0.05392,0.407407,0.051643,72
dropout_risk_filter,recovery_scarcity,2,0.490741,0.046093,0.365741,0.052349,0.259259,0.043291,0.074074,0.026554,0.069444,0.023072,0.405093,0.046516,0.134259,0.034578,0.101852,0.032664,0.201389,0.036515,0.268519,0.039597,0.319444,0.040222,0.275463,0.039388,0.44213,0.048421,0.145833,0.035353,0.064815,0.02629,0.138889,0.03539,0.298611,0.05442,0.512894,0.047626,72
dropout_risk_filter,recovery_scarcity,3,0.458333,0.049525,0.384259,0.042192,0.261574,0.042775,0.108796,0.025974,0.097222,0.030134,0.368056,0.05126,0.136574,0.03053,0.108796,0.031759,0.189815,0.036725,0.238426,0.040776,0.222222,0.043344,0.236111,0.03917,0.372685,0.044995,0.143519,0.03557,0.053241,0.02126,0.125,0.030819,0.337963,0.055572,0.468704,0.052102,72
dropout_risk_filter,recovery_scarcity,4,0.407407,0.045178,0.405093,0.049977,0.273148,0.042026,0.094907,0.025705,0.074074,0.023197,0.349537,0.048421,0.157407,0.037055,0.134259,0.035765,0.210648,0.04382,0.289352,0.040348,0.30787,0.041704,0.222222,0.040865,0.377315,0.04659,0.143519,0.034978,0.064815,0.023789,0.115741,0.028634,0.398148,0.055416,0.418669,0.046903,72
dropout_risk_filter,recovery_scarcity,5,0.458333,0.04175,0.416667,0.04286,0.275463,0.037764,0.115741,0.030743,0.076389,0.023241,0.423611,0.047892,0.150463,0.031759,0.097222,0.024815,0.222222,0.037676,0.238426,0.038675,0.326389,0.045431,0.203704,0.036678,0.37963,0.04579,0.155093,0.033777,0.074074,0.023197,0.12963,0.031137,0.331019,0.050255,0.477049,0.045342,72
dropout_risk_filter,recovery_scarcity,6,0.44213,0.045303,0.421296,0.044753,0.280093,0.041285,0.115741,0.027896,0.076389,0.025795,0.365741,0.038028,0.152778,0.038089,0.094907,0.026505,0.206019,0.041116,0.263889,0.036408,0.273148,0.044908,0.233796,0.035189,0.384259,0.048627,0.125,0.034037,0.055556,0.019384,0.150463,0.034288,0.31713,0.057488,0.458762,0.047818,72
dropout_risk_filter,recovery_scarcity,7,0.456019,0.049628,0.386574,0.047843,0.268519,0.045024,0.083333,0.028164,0.069444,0.023959,0.388889,0.040351,0.155093,0.034389,0.122685,0.030983,0.19213,0.03804,0.238426,0.03758,0.293981,0.050255,0.270833,0.040059,0.405093,0.050806,0.155093,0.028405,0.055556,0.02143,0.104167,0.026196,0.3125,0.057042,0.474549,0.053906,72
dropout_risk_filter,recovery_scarcity,8,0.412037,0.051274,0.402778,0.045114,0.289352,0.038222,0.097222,0.027222,0.085648,0.028891,0.391204,0.04484,0.150463,0.034891,0.113426,0.02877,0.19213,0.040175,0.24537,0.032929,0.31713,0.043421,0.236111,0.040222,0.402778,0.043224,0.185185,0.033297,0.05787,0.023439,0.134259,0.034578,0.358796,0.05803,0.429456,0.052918,72
dropout_risk_filter,recovery_scarcity,9,0.458333,0.05159,0.405093,0.047843,0.25,0.043344,0.081019,0.022376,0.092593,0.026554,0.37037,0.048448,0.145833,0.029566,0.099537,0.027153,0.189815,0.036725,0.238426,0.039739,0.31713,0.044372,0.236111,0.042247,0.416667,0.047919,0.171296,0.033557,0.064815,0.022895,0.171296,0.036535,0.351852,0.058708,0.477338,0.054875,72
dropout_risk_filter,shortcut_shift,0,0.423611,0.050851,0.386574,0.041285,0.25463,0.043331,0.078704,0.025002,0.071759,0.02488,0.416667,0.047919,0.138889,0.032307,0.145833,0.036515,0.18287,0.034891,0.256944,0.043314,0.275463,0.038854,0.259259,0.034729,0.412037,0.049197,0.1875,0.036515,0.050926,0.022043,0.106481,0.02839,0.363426,0.062754,0.445,0.051486,72
dropout_risk_filter,shortcut_shift,1,0.435185,0.042643,0.402778,0.04781,0.252315,0.039827,0.099537,0.028649,0.097222,0.029433,0.37037,0.049724,0.122685,0.032942,0.094907,0.030187,0.208333,0.038089,0.25463,0.038753,0.305556,0.039303,0.231481,0.037429,0.381944,0.045431,0.145833,0.034152,0.071759,0.025705,0.101852,0.028573,0.333333,0.058866,0.451366,0.046054,72
dropout_risk_filter,shortcut_shift,2,0.469907,0.04052,0.444444,0.048352,0.25,0.041874,0.071759,0.026505,0.097222,0.031489,0.414352,0.052886,0.125,0.033418,0.099537,0.027911,0.157407,0.039244,0.303241,0.045838,0.236111,0.043704,0.24537,0.040337,0.4375,0.047233,0.162037,0.031636,0.069444,0.024815,0.113426,0.032836,0.324074,0.048304,0.503021,0.042678,72
dropout_risk_filter,shortcut_shift,3,0.453704,0.049302,0.451389,0.048109,0.266204,0.042202,0.085648,0.027408,0.090278,0.025795,0.365741,0.05314,0.127315,0.031318,0.134259,0.035177,0.189815,0.03999,0.240741,0.038165,0.284722,0.046341,0.226852,0.036725,0.405093,0.045149,0.18287,0.038313,0.060185,0.024439,0.101852,0.03136,0.321759,0.060034,0.481331,0.05213,72
dropout_risk_filter,shortcut_shift,4,0.476852,0.047615,0.44213,0.043899,0.296296,0.04579,0.094907,0.027281,0.115741,0.032073,0.439815,0.04252,0.178241,0.04052,0.12037,0.031137,0.201389,0.035353,0.240741,0.036487,0.300926,0.042684,0.233796,0.036926,0.37037,0.044401,0.173611,0.035057,0.064815,0.024651,0.12037,0.0318,0.303241,0.056818,0.494387,0.049498,72
dropout_risk_filter,shortcut_shift,5,0.488426,0.048493,0.462963,0.052581,0.291667,0.039699,0.078704,0.024152,0.085648,0.02584,0.391204,0.040947,0.150463,0.03241,0.122685,0.035971,0.222222,0.037118,0.238426,0.040776,0.296296,0.042479,0.243056,0.038735,0.381944,0.047673,0.185185,0.035717,0.074074,0.02408,0.106481,0.02839,0.314815,0.055416,0.510937,0.052079,72
dropout_risk_filter,shortcut_shift,6,0.474537,0.049907,0.416667,0.048352,0.298611,0.045201,0.069444,0.021185,0.083333,0.026641,0.391204,0.049698,0.152778,0.032145,0.12037,0.033087,0.219907,0.041285,0.236111,0.03583,0.293981,0.047697,0.280093,0.044685,0.44213,0.051755,0.162037,0.033557,0.069444,0.022148,0.101852,0.028573,0.31713,0.054121,0.495451,0.051387,72
dropout_risk_filter,shortcut_shift,7,0.4375,0.052268,0.435185,0.047285,0.256944,0.043314,0.064815,0.023789,0.099537,0.029369,0.395833,0.044031,0.131944,0.031613,0.131944,0.028118,0.201389,0.03927,0.25,0.044297,0.284722,0.047233,0.275463,0.036642,0.428241,0.045149,0.180556,0.035243,0.0625,0.01985,0.106481,0.02839,0.361111,0.060613,0.460752,0.055386,72
dropout_risk_filter,shortcut_shift,8,0.469907,0.044918,0.393519,0.046281,0.289352,0.040862,0.0625,0.021852,0.113426,0.030187,0.358796,0.045533,0.131944,0.032907,0.122685,0.03165,0.217593,0.042192,0.25463,0.040337,0.273148,0.038932,0.238426,0.039739,0.377315,0.04614,0.185185,0.032018,0.0625,0.024551,0.106481,0.027645,0.287037,0.05529,0.486192,0.047228,72
dropout_risk_filter,shortcut_shift,9,0.486111,0.047371,0.377315,0.04382,0.24537,0.038753,0.092593,0.02408,0.099537,0.023881,0.386574,0.048708,0.12037,0.029766,0.097222,0.028715,0.208333,0.035243,0.25463,0.04381,0.266204,0.039652,0.284722,0.040059,0.398148,0.041652,0.196759,0.037301,0.069444,0.023959,0.104167,0.028487,0.280093,0.05514,0.499213,0.0502,72
ensemble_uncertainty_gate,combined_exception_stress,0,0.37037,0.050968,0.4375,0.058666,0.328704,0.04834,0.104167,0.026982,0.101852,0.027833,0.386574,0.046065,0.164352,0.03568,0.155093,0.034389,0.226852,0.038932,0.261574,0.041788,0.331019,0.045457,0.277778,0.05005,0.391204,0.048851,0.196759,0.043501,0.099537,0.030071,0.143519,0.03314,0.395833,0.058309,0.380949,0.050415,72
ensemble_uncertainty_gate,combined_exception_stress,1,0.347222,0.050774,0.398148,0.039597,0.314815,0.046394,0.12963,0.027582,0.152778,0.034645,0.393519,0.043491,0.162037,0.031636,0.131944,0.031613,0.208333,0.043704,0.275463,0.039388,0.3125,0.045201,0.215278,0.041088,0.358796,0.049487,0.196759,0.043978,0.090278,0.032266,0.118056,0.032588,0.393519,0.062078,0.347199,0.050787,72
ensemble_uncertainty_gate,combined_exception_stress,2,0.381944,0.046789,0.340278,0.038464,0.291667,0.035243,0.108796,0.031095,0.101852,0.02629,0.388889,0.038226,0.164352,0.036832,0.12037,0.029056,0.208333,0.039699,0.263889,0.038089,0.314815,0.046394,0.256944,0.045201,0.37963,0.045332,0.180556,0.040737,0.076389,0.024122,0.125,0.034645,0.377315,0.057427,0.383785,0.047328,72
ensemble_uncertainty_gate,combined_exception_stress,3,0.314815,0.045485,0.363426,0.043501,0.333333,0.039303,0.092593,0.028082,0.101852,0.030687,0.400463,0.048636,0.138889,0.035975,0.138889,0.036551,0.210648,0.043341,0.266204,0.039122,0.349537,0.046216,0.289352,0.037114,0.384259,0.048627,0.159722,0.035057,0.048611,0.01985,0.136574,0.031869,0.449074,0.05392,0.319803,0.048291,72
ensemble_uncertainty_gate,combined_exception_stress,4,0.414352,0.045226,0.421296,0.052878,0.303241,0.041032,0.125,0.035243,0.138889,0.030988,0.377315,0.049628,0.12963,0.029766,0.148148,0.040121,0.238426,0.03758,0.224537,0.036642,0.328704,0.04381,0.319444,0.045114,0.372685,0.036832,0.185185,0.039597,0.071759,0.02488,0.113426,0.028035,0.368056,0.049604,0.412164,0.048256,72
ensemble_uncertainty_gate,combined_exception_stress,5,0.423611,0.046566,0.416667,0.044766,0.270833,0.036228,0.115741,0.033969,0.141204,0.033982,0.342593,0.044714,0.166667,0.036551,0.138889,0.031654,0.194444,0.047919,0.270833,0.0368,0.324074,0.046544,0.293981,0.045457,0.365741,0.04598,0.206019,0.039033,0.085648,0.02584,0.141204,0.035189,0.321759,0.051418,0.422662,0.046594,72
ensemble_uncertainty_gate,combined_exception_stress,6,0.37037,0.046693,0.388889,0.048782,0.300926,0.041694,0.111111,0.030306,0.125,0.034037,0.384259,0.048196,0.12963,0.03245,0.150463,0.028283,0.229167,0.041088,0.273148,0.03999,0.351852,0.047285,0.231481,0.041652,0.368056,0.046566,0.215278,0.042585,0.074074,0.026554,0.104167,0.029917,0.409722,0.055934,0.375521,0.047773,72
ensemble_uncertainty_gate,combined_exception_stress,7,0.400463,0.04777,0.375,0.043704,0.30787,0.04318,0.097222,0.026444,0.101852,0.03136,0.326389,0.044031,0.150463,0.03241,0.145833,0.032907,0.206019,0.03449,0.282407,0.036344,0.331019,0.044529,0.273148,0.047615,0.356481,0.03999,0.166667,0.033574,0.097222,0.028715,0.125,0.030134,0.347222,0.056974,0.399792,0.050841,72
ensemble_uncertainty_gate,combined_exception_stress,8,0.398148,0.045485,0.333333,0.038226,0.310185,0.048052,0.085648,0.025019,0.115741,0.030743,0.356481,0.048052,0.157407,0.031581,0.150463,0.033673,0.180556,0.034037,0.238426,0.04374,0.342593,0.043291,0.261574,0.044215,0.354167,0.050023,0.164352,0.03626,0.081019,0.023291,0.148148,0.033918,0.363426,0.049768,0.398727,0.048305,72
ensemble_uncertainty_gate,combined_exception_stress,9,0.365741,0.048196,0.372685,0.05425,0.298611,0.042339,0.099537,0.026373,0.138889,0.031654,0.386574,0.051215,0.141204,0.030071,0.141204,0.031429,0.208333,0.040737,0.282407,0.045063,0.356481,0.04252,0.261574,0.042284,0.37963,0.051781,0.19213,0.036356,0.060185,0.020742,0.122685,0.026635,0.398148,0.065114,0.370208,0.051331,72
ensemble_uncertainty_gate,contact_tail_shift,0,0.439815,0.047175,0.418981,0.042367,0.291667,0.044649,0.099537,0.029369,0.087963,0.021403,0.381944,0.048541,0.166667,0.03539,0.162037,0.030287,0.175926,0.039772,0.24537,0.047027,0.319444,0.046481,0.30787,0.039652,0.409722,0.046115,0.162037,0.027392,0.071759,0.023141,0.113426,0.027281,0.354167,0.053648,0.451146,0.04779,72
ensemble_uncertainty_gate,contact_tail_shift,1,0.421296,0.047469,0.416667,0.047039,0.280093,0.039739,0.081019,0.026635,0.092593,0.028816,0.405093,0.044215,0.162037,0.035959,0.141204,0.03273,0.215278,0.039003,0.268519,0.038528,0.284722,0.043072,0.321759,0.04674,0.407407,0.052049,0.143519,0.03314,0.06713,0.02299,0.108796,0.026766,0.361111,0.054444,0.434086,0.049963,72
ensemble_uncertainty_gate,contact_tail_shift,2,0.451389,0.051463,0.416667,0.043823,0.259259,0.04699,0.083333,0.027413,0.099537,0.022063,0.377315,0.049628,0.143519,0.03557,0.125,0.033418,0.236111,0.042247,0.282407,0.044126,0.324074,0.042315,0.261574,0.041788,0.393519,0.046281,0.150463,0.034288,0.060185,0.022666,0.115741,0.027137,0.337963,0.057055,0.465382,0.054925,72
ensemble_uncertainty_gate,contact_tail_shift,3,0.416667,0.051286,0.416667,0.050465,0.337963,0.042846,0.094907,0.028035,0.094907,0.026505,0.391204,0.047551,0.175926,0.037614,0.138889,0.035975,0.194444,0.039831,0.280093,0.045149,0.275463,0.044372,0.259259,0.044714,0.407407,0.049161,0.18287,0.037764,0.046296,0.020658,0.097222,0.028715,0.381944,0.059021,0.429572,0.053852,72
ensemble_uncertainty_gate,contact_tail_shift,4,0.460648,0.044995,0.400463,0.041704,0.280093,0.034084,0.076389,0.023241,0.097222,0.026444,0.381944,0.046789,0.201389,0.041843,0.134259,0.032717,0.166667,0.036551,0.25463,0.045217,0.291667,0.041247,0.25463,0.04381,0.377315,0.04614,0.173611,0.040059,0.048611,0.01985,0.131944,0.030945,0.347222,0.055111,0.471424,0.047467,72
ensemble_uncertainty_gate,contact_tail_shift,5,0.423611,0.040833,0.37963,0.041985,0.261574,0.042284,0.104167,0.031941,0.094907,0.029487,0.386574,0.053214,0.136574,0.032517,0.131944,0.037083,0.19213,0.036356,0.263889,0.043704,0.287037,0.043929,0.238426,0.040261,0.388889,0.049208,0.178241,0.038944,0.05787,0.022531,0.106481,0.02839,0.358796,0.050737,0.43566,0.043555,72
ensemble_uncertainty_gate,contact_tail_shift,6,0.490741,0.04787,0.395833,0.046789,0.293981,0.039033,0.087963,0.025823,0.12037,0.033087,0.398148,0.046842,0.159722,0.033845,0.136574,0.035582,0.212963,0.034929,0.256944,0.037641,0.319444,0.03917,0.261574,0.040776,0.398148,0.047725,0.157407,0.037055,0.034722,0.017019,0.101852,0.028573,0.287037,0.051781,0.501088,0.049633,72
ensemble_uncertainty_gate,contact_tail_shift,7,0.44213,0.043899,0.375,0.044649,0.280093,0.04374,0.090278,0.033535,0.101852,0.024651,0.407407,0.045178,0.138889,0.030306,0.118056,0.02921,0.199074,0.033349,0.25463,0.042846,0.247685,0.037114,0.275463,0.037207,0.425926,0.04699,0.178241,0.036164,0.060185,0.025278,0.125,0.030134,0.395833,0.057225,0.454329,0.050003,72
ensemble_uncertainty_gate,contact_tail_shift,8,0.414352,0.042856,0.430556,0.048244,0.287037,0.045332,0.097222,0.028715,0.090278,0.027366,0.4375,0.052666,0.162037,0.037661,0.122685,0.030302,0.201389,0.03927,0.298611,0.046566,0.31713,0.040947,0.259259,0.039244,0.400463,0.051147,0.164352,0.032624,0.055556,0.020433,0.106481,0.030516,0.375,0.060181,0.432407,0.047167,72
ensemble_uncertainty_gate,contact_tail_shift,9,0.439815,0.050591,0.381944,0.053453,0.300926,0.041694,0.076389,0.025795,0.097222,0.025643,0.372685,0.044995,0.157407,0.033505,0.127315,0.03626,0.162037,0.032929,0.273148,0.039465,0.280093,0.041285,0.277778,0.04523,0.407407,0.053629,0.148148,0.033918,0.081019,0.026635,0.097222,0.028715,0.363426,0.054569,0.452315,0.053912,72
ensemble_uncertainty_gate,cross_robot_morphology,0,0.449074,0.050315,0.414352,0.04382,0.30787,0.048636,0.099537,0.026373,0.094907,0.02488,0.37963,0.046244,0.138889,0.031654,0.122685,0.028891,0.157407,0.034122,0.270833,0.045888,0.293981,0.041116,0.256944,0.03927,0.412037,0.053271,0.196759,0.042531,0.090278,0.032266,0.108796,0.028283,0.310185,0.058262,0.46941,0.053871,72
ensemble_uncertainty_gate,cross_robot_morphology,1,0.358796,0.045533,0.407407,0.042806,0.224537,0.033673,0.090278,0.025795,0.097222,0.029433,0.365741,0.047322,0.118056,0.031281,0.136574,0.034389,0.178241,0.033777,0.270833,0.041088,0.337963,0.047027,0.298611,0.044737,0.407407,0.045638,0.152778,0.032788,0.078704,0.030287,0.111111,0.02961,0.43287,0.051553,0.371956,0.048418,72
ensemble_uncertainty_gate,cross_robot_morphology,2,0.430556,0.050774,0.402778,0.045114,0.273148,0.043968,0.078704,0.026619,0.081019,0.022376,0.37963,0.052581,0.122685,0.034186,0.108796,0.028283,0.217593,0.043651,0.277778,0.040865,0.293981,0.03568,0.268519,0.04215,0.430556,0.045574,0.162037,0.039288,0.071759,0.025705,0.118056,0.031281,0.354167,0.053648,0.451609,0.054552,72
ensemble_uncertainty_gate,cross_robot_morphology,3,0.400463,0.04777,0.439815,0.046281,0.30787,0.041201,0.087963,0.025823,0.074074,0.02408,0.361111,0.047919,0.164352,0.032624,0.087963,0.026619,0.171296,0.031636,0.256944,0.04566,0.337963,0.041359,0.268519,0.045024,0.375,0.047371,0.164352,0.031978,0.106481,0.029116,0.099537,0.027153,0.368056,0.059197,0.416435,0.051399,72
ensemble_uncertainty_gate,cross_robot_morphology,4,0.421296,0.049619,0.386574,0.045609,0.231481,0.037982,0.092593,0.026554,0.104167,0.029917,0.37963,0.051376,0.178241,0.033153,0.108796,0.034288,0.215278,0.032588,0.287037,0.046693,0.310185,0.037845,0.30787,0.044136,0.372685,0.043581,0.159722,0.034456,0.083333,0.024176,0.108796,0.028283,0.365741,0.059092,0.420775,0.051785,72
ensemble_uncertainty_gate,cross_robot_morphology,5,0.405093,0.042775,0.381944,0.044503,0.256944,0.044267,0.085648,0.02417,0.111111,0.028164,0.386574,0.047843,0.131944,0.030263,0.113426,0.032194,0.217593,0.039111,0.256944,0.04566,0.319444,0.042738,0.275463,0.037207,0.384259,0.048627,0.148148,0.037982,0.071759,0.023141,0.097222,0.029433,0.333333,0.055583,0.41522,0.044747,72
ensemble_uncertainty_gate,cross_robot_morphology,6,0.43287,0.044136,0.430556,0.04781,0.263889,0.03917,0.087963,0.025002,0.111111,0.030306,0.425926,0.04699,0.143519,0.032504,0.101852,0.028573,0.231481,0.036296,0.25463,0.038753,0.31713,0.04711,0.270833,0.042092,0.43287,0.044136,0.150463,0.042449,0.115741,0.029354,0.136574,0.031869,0.356481,0.057177,0.451863,0.046966,72
ensemble_uncertainty_gate,cross_robot_morphology,7,0.453704,0.053759,0.388889,0.047481,0.300926,0.038573,0.101852,0.027833,0.118056,0.031281,0.351852,0.047285,0.157407,0.031581,0.159722,0.034456,0.178241,0.03053,0.296296,0.041985,0.300926,0.041694,0.273148,0.048484,0.358796,0.046441,0.157407,0.031581,0.090278,0.028118,0.138889,0.032947,0.337963,0.063628,0.458854,0.058384,72
ensemble_uncertainty_gate,cross_robot_morphology,8,0.418981,0.047916,0.428241,0.048708,0.270833,0.039003,0.094907,0.02488,0.104167,0.025387,0.358796,0.045072,0.131944,0.030945,0.138889,0.030988,0.168981,0.030644,0.259259,0.042806,0.280093,0.040261,0.261574,0.042284,0.388889,0.041874,0.164352,0.033879,0.078704,0.028144,0.108796,0.030416,0.37037,0.06205,0.432824,0.052148,72
ensemble_uncertainty_gate,cross_robot_morphology,9,0.43287,0.04777,0.416667,0.036551,0.300926,0.045523,0.076389,0.024973,0.090278,0.028118,0.381944,0.042585,0.138889,0.03539,0.115741,0.032073,0.18287,0.034288,0.263889,0.040737,0.284722,0.045888,0.266204,0.039122,0.398148,0.04313,0.171296,0.035374,0.06713,0.024739,0.141204,0.032086,0.372685,0.055768,0.450023,0.04866,72
ensemble_uncertainty_gate,embodiment_shift,0,0.428241,0.049135,0.423611,0.043314,0.256944,0.046566,0.092593,0.028082,0.097222,0.029433,0.349537,0.042938,0.145833,0.033535,0.12963,0.029766,0.168981,0.03509,0.326389,0.0368,0.30787,0.044607,0.305556,0.044766,0.416667,0.041373,0.194444,0.04237,0.078704,0.022357,0.12037,0.03245,0.363426,0.05791,0.441123,0.050006,72
ensemble_uncertainty_gate,embodiment_shift,1,0.449074,0.052349,0.384259,0.047761,0.261574,0.042775,0.081019,0.030983,0.071759,0.023141,0.377315,0.050047,0.131944,0.034758,0.125,0.034037,0.175926,0.037614,0.24537,0.040851,0.3125,0.038735,0.259259,0.043291,0.393519,0.03999,0.180556,0.036977,0.074074,0.026554,0.090278,0.024973,0.344907,0.051823,0.468692,0.055511,72
ensemble_uncertainty_gate,embodiment_shift,2,0.451389,0.045888,0.449074,0.046432,0.303241,0.044918,0.094907,0.027281,0.081019,0.023291,0.377315,0.045686,0.122685,0.03165,0.122685,0.030302,0.203704,0.037799,0.30787,0.044136,0.287037,0.038888,0.282407,0.044126,0.395833,0.042585,0.189815,0.038932,0.053241,0.020254,0.087963,0.026619,0.335648,0.054633,0.473079,0.048541,72
ensemble_uncertainty_gate,embodiment_shift,3,0.456019,0.054057,0.416667,0.048782,0.275463,0.040434,0.097222,0.031489,0.094907,0.02877,0.333333,0.04237,0.136574,0.032517,0.092593,0.028082,0.243056,0.042829,0.303241,0.051418,0.289352,0.044762,0.256944,0.046115,0.405093,0.046962,0.164352,0.030644,0.076389,0.028118,0.122685,0.030983,0.344907,0.061068,0.468542,0.056562,72
ensemble_uncertainty_gate,embodiment_shift,4,0.428241,0.044685,0.391204,0.048421,0.259259,0.040808,0.104167,0.029917,0.101852,0.027073,0.349537,0.044372,0.12037,0.030459,0.101852,0.02629,0.185185,0.032018,0.291667,0.051993,0.298611,0.042829,0.24537,0.041359,0.381944,0.043554,0.145833,0.030263,0.078704,0.024152,0.104167,0.02921,0.37037,0.051781,0.439259,0.048907,72
ensemble_uncertainty_gate,embodiment_shift,5,0.460648,0.048133,0.391204,0.04711,0.282407,0.042684,0.081019,0.026635,0.111111,0.028164,0.368056,0.046115,0.134259,0.032717,0.111111,0.032947,0.203704,0.040979,0.291667,0.03917,0.293981,0.041621,0.289352,0.045226,0.409722,0.042339,0.1875,0.041341,0.087963,0.025002,0.12037,0.030459,0.331019,0.052688,0.471574,0.05039,72
ensemble_uncertainty_gate,embodiment_shift,6,0.414352,0.045686,0.381944,0.048541,0.30787,0.041201,0.081019,0.025019,0.108796,0.026766,0.407407,0.045178,0.12037,0.029056,0.127315,0.031318,0.208333,0.037537,0.291667,0.042738,0.293981,0.044057,0.238426,0.042775,0.425926,0.045638,0.168981,0.032624,0.085648,0.028159,0.115741,0.027896,0.335648,0.061466,0.434711,0.046839,72
ensemble_uncertainty_gate,embodiment_shift,7,0.449074,0.038028,0.407407,0.046544,0.296296,0.038888,0.06713,0.022063,0.085648,0.030983,0.37037,0.047579,0.12963,0.0318,0.134259,0.029354,0.222222,0.037676,0.275463,0.039388,0.25,0.043344,0.282407,0.041694,0.395833,0.048109,0.138889,0.033574,0.050926,0.022043,0.092593,0.026554,0.303241,0.048493,0.466933,0.040234,72
ensemble_uncertainty_gate,embodiment_shift,8,0.465278,0.045201,0.405093,0.045609,0.305556,0.043344,0.097222,0.028715,0.125,0.034645,0.361111,0.04286,0.12963,0.036678,0.113426,0.030187,0.229167,0.037918,0.25,0.040865,0.289352,0.042367,0.243056,0.039798,0.416667,0.050465,0.196759,0.033153,0.06713,0.025569,0.122685,0.028891,0.354167,0.05126,0.477894,0.04819,72
ensemble_uncertainty_gate,embodiment_shift,9,0.428241,0.045609,0.388889,0.047039,0.277778,0.037118,0.097222,0.027222,0.104167,0.027744,0.384259,0.047761,0.118056,0.029917,0.094907,0.026505,0.189815,0.036725,0.266204,0.041704,0.296296,0.040979,0.284722,0.047233,0.400463,0.042694,0.164352,0.037948,0.069444,0.023072,0.090278,0.025795,0.351852,0.051511,0.443113,0.048943,72
ensemble_uncertainty_gate,heldout_exception_composition,0,0.418981,0.050047,0.407407,0.048735,0.275463,0.041453,0.111111,0.032947,0.143519,0.036725,0.358796,0.046441,0.178241,0.035582,0.115741,0.032717,0.185185,0.036867,0.270833,0.039003,0.347222,0.045114,0.263889,0.041247,0.337963,0.046131,0.199074,0.039111,0.071759,0.026505,0.118056,0.030606,0.333333,0.057065,0.417708,0.05164,72
ensemble_uncertainty_gate,heldout_exception_composition,1,0.405093,0.044215,0.402778,0.045574,0.282407,0.047322,0.099537,0.024739,0.108796,0.028283,0.342593,0.04377,0.145833,0.032907,0.152778,0.032788,0.208333,0.040222,0.284722,0.039003,0.261574,0.041788,0.247685,0.039299,0.372685,0.037948,0.150463,0.033048,0.106481,0.030516,0.141204,0.031429,0.349537,0.052952,0.412396,0.047287,72
ensemble_uncertainty_gate,heldout_exception_composition,2,0.386574,0.04374,0.446759,0.050393,0.296296,0.045332,0.078704,0.026619,0.108796,0.030416,0.412037,0.04834,0.12963,0.025209,0.104167,0.02921,0.185185,0.039597,0.319444,0.04781,0.287037,0.044401,0.289352,0.047478,0.407407,0.049161,0.162037,0.032289,0.092593,0.028082,0.138889,0.03539,0.386574,0.053993,0.405405,0.046833,72
ensemble_uncertainty_gate,heldout_exception_composition,3,0.398148,0.04816,0.368056,0.042339,0.289352,0.040348,0.101852,0.029999,0.092593,0.028082,0.351852,0.047285,0.152778,0.038633,0.143519,0.032504,0.185185,0.035127,0.24537,0.037661,0.300926,0.044597,0.303241,0.042037,0.365741,0.04317,0.185185,0.044087,0.0625,0.024551,0.122685,0.029605,0.37963,0.058589,0.403113,0.050727,72
ensemble_uncertainty_gate,heldout_exception_composition,4,0.444444,0.054444,0.381944,0.048969,0.280093,0.045609,0.099537,0.026373,0.085648,0.029605,0.342593,0.044245,0.155093,0.031207,0.134259,0.028634,0.206019,0.041116,0.296296,0.047138,0.324074,0.047432,0.289352,0.047916,0.351852,0.044087,0.166667,0.030988,0.097222,0.030134,0.099537,0.024739,0.321759,0.054951,0.448519,0.056279,72
ensemble_uncertainty_gate,heldout_exception_composition,5,0.446759,0.05514,0.37963,0.045332,0.342593,0.044714,0.125,0.033418,0.122685,0.032302,0.398148,0.044558,0.136574,0.03053,0.162037,0.037661,0.208333,0.034037,0.24537,0.041359,0.344907,0.048493,0.231481,0.041148,0.361111,0.047481,0.157407,0.032235,0.083333,0.028164,0.101852,0.029295,0.328704,0.0585,0.451968,0.058289,72
ensemble_uncertainty_gate,heldout_exception_composition,6,0.400463,0.051147,0.375,0.04603,0.3125,0.041341,0.104167,0.032588,0.115741,0.031415,0.361111,0.045689,0.134259,0.033969,0.162037,0.028876,0.194444,0.031654,0.298611,0.043314,0.300926,0.046432,0.259259,0.042315,0.356481,0.047615,0.194444,0.036551,0.085648,0.02584,0.12963,0.029766,0.391204,0.062029,0.40544,0.053662,72
ensemble_uncertainty_gate,heldout_exception_composition,7,0.400463,0.040691,0.409722,0.047012,0.310185,0.043008,0.097222,0.030819,0.125,0.035243,0.363426,0.043501,0.136574,0.034389,0.125,0.030819,0.19213,0.03804,0.233796,0.042694,0.298611,0.042829,0.300926,0.039111,0.393519,0.04537,0.199074,0.037475,0.099537,0.030758,0.131944,0.030945,0.347222,0.060871,0.407384,0.041924,72
ensemble_uncertainty_gate,heldout_exception_composition,8,0.386574,0.051621,0.398148,0.040638,0.273148,0.042026,0.108796,0.029722,0.104167,0.026982,0.361111,0.045689,0.159722,0.032588,0.118056,0.031281,0.226852,0.043968,0.219907,0.03702,0.293981,0.039564,0.296296,0.044401,0.358796,0.048636,0.173611,0.034456,0.090278,0.030945,0.150463,0.037764,0.384259,0.055069,0.386551,0.051006,72
ensemble_uncertainty_gate,heldout_exception_composition,9,0.412037,0.042356,0.384259,0.049479,0.282407,0.047761,0.122685,0.028159,0.115741,0.032073,0.340278,0.041593,0.127315,0.028528,0.131944,0.036515,0.206019,0.039033,0.270833,0.040059,0.349537,0.042938,0.238426,0.03702,0.402778,0.045574,0.185185,0.034528,0.076389,0.026592,0.134259,0.032073,0.333333,0.058866,0.418449,0.044182,72
ensemble_uncertainty_gate,nominal_scaling,0,0.56713,0.045072,0.365741,0.051948,0.236111,0.04603,0.0625,0.020875,0.069444,0.022148,0.388889,0.045689,0.12963,0.0318,0.104167,0.030606,0.155093,0.037856,0.3125,0.04566,0.287037,0.041485,0.256944,0.037083,0.395833,0.038464,0.178241,0.041032,0.050926,0.021075,0.069444,0.024815,0.25463,0.051274,0.59331,0.049576,72
ensemble_uncertainty_gate,nominal_scaling,1,0.553241,0.053993,0.421296,0.055195,0.296296,0.040979,0.087963,0.025002,0.090278,0.029566,0.395833,0.044969,0.113426,0.026505,0.125,0.031489,0.166667,0.03539,0.280093,0.038675,0.256944,0.041341,0.275463,0.043421,0.421296,0.04381,0.164352,0.036832,0.048611,0.020875,0.090278,0.024973,0.268519,0.059415,0.576771,0.057292,72
ensemble_uncertainty_gate,nominal_scaling,2,0.555556,0.048782,0.412037,0.047469,0.226852,0.039465,0.053241,0.023141,0.081019,0.025019,0.37963,0.040466,0.155093,0.031869,0.101852,0.033297,0.164352,0.036832,0.349537,0.050942,0.238426,0.038675,0.240741,0.040294,0.453704,0.049724,0.125,0.027222,0.050926,0.021075,0.071759,0.025705,0.305556,0.052889,0.585382,0.049625,72
ensemble_uncertainty_gate,nominal_scaling,3,0.548611,0.050232,0.418981,0.041871,0.238426,0.035874,0.069444,0.025643,0.090278,0.029566,0.361111,0.04523,0.108796,0.029011,0.094907,0.028035,0.1875,0.032907,0.280093,0.04326,0.273148,0.03999,0.291667,0.046481,0.418981,0.04382,0.143519,0.036152,0.048611,0.01985,0.081019,0.02417,0.291667,0.053184,0.570914,0.051841,72
ensemble_uncertainty_gate,nominal_scaling,4,0.527778,0.048782,0.428241,0.047843,0.243056,0.03927,0.094907,0.02877,0.113426,0.02877,0.388889,0.040865,0.125,0.032145,0.081019,0.026635,0.180556,0.033418,0.289352,0.039299,0.261574,0.041285,0.25463,0.047027,0.416667,0.044766,0.162037,0.030287,0.074074,0.023197,0.087963,0.025002,0.289352,0.049628,0.549479,0.049582,72
ensemble_uncertainty_gate,nominal_scaling,5,0.543981,0.037672,0.435185,0.043611,0.243056,0.039798,0.071759,0.024026,0.087963,0.025823,0.421296,0.047469,0.148148,0.039066,0.104167,0.02921,0.189815,0.03557,0.266204,0.041704,0.24537,0.035959,0.252315,0.041369,0.412037,0.04834,0.171296,0.039288,0.05787,0.021585,0.104167,0.026982,0.266204,0.048205,0.572743,0.038058,72
ensemble_uncertainty_gate,nominal_scaling,6,0.534722,0.047012,0.421296,0.044753,0.226852,0.04252,0.074074,0.025756,0.071759,0.02222,0.398148,0.04816,0.097222,0.027222,0.101852,0.027833,0.18287,0.040947,0.3125,0.037641,0.247685,0.04382,0.287037,0.037242,0.414352,0.04614,0.148148,0.030687,0.071759,0.023141,0.050926,0.017858,0.310185,0.054178,0.563715,0.049972,72
ensemble_uncertainty_gate,nominal_scaling,7,0.56713,0.044607,0.37963,0.043451,0.233796,0.03804,0.055556,0.023297,0.074074,0.028082,0.405093,0.047843,0.113426,0.026505,0.115741,0.028634,0.189815,0.037289,0.275463,0.044372,0.243056,0.04566,0.236111,0.034645,0.435185,0.046842,0.143519,0.03314,0.071759,0.02488,0.106481,0.036152,0.261574,0.051215,0.598229,0.044628,72
ensemble_uncertainty_gate,nominal_scaling,8,0.5625,0.046789,0.400463,0.049907,0.243056,0.047012,0.043981,0.019377,0.071759,0.028035,0.412037,0.046581,0.12037,0.03245,0.113426,0.027281,0.175926,0.038165,0.305556,0.040865,0.277778,0.048352,0.270833,0.044503,0.407407,0.044714,0.175926,0.035325,0.0625,0.020875,0.076389,0.024122,0.275463,0.05135,0.593495,0.051101,72
ensemble_uncertainty_gate,nominal_scaling,9,0.50463,0.047907,0.412037,0.052481,0.215278,0.041593,0.071759,0.02488,0.12037,0.033087,0.395833,0.042092,0.138889,0.03419,0.108796,0.030416,0.155093,0.036737,0.277778,0.041373,0.300926,0.037475,0.261574,0.03702,0.425926,0.04377,0.145833,0.031613,0.041667,0.019113,0.074074,0.025756,0.342593,0.05918,0.527743,0.051397,72
ensemble_uncertainty_gate,recovery_scarcity,0,0.416667,0.044766,0.372685,0.040088,0.324074,0.045638,0.090278,0.028851,0.071759,0.025705,0.344907,0.048493,0.136574,0.029839,0.145833,0.030263,0.219907,0.035288,0.277778,0.043344,0.293981,0.046366,0.277778,0.04286,0.375,0.049102,0.143519,0.031855,0.081019,0.027408,0.085648,0.02417,0.342593,0.048304,0.424525,0.047058,72
ensemble_uncertainty_gate,recovery_scarcity,1,0.4375,0.047233,0.377315,0.042367,0.289352,0.050874,0.074074,0.021321,0.101852,0.027833,0.398148,0.042643,0.145833,0.036515,0.136574,0.036164,0.215278,0.040059,0.319444,0.04781,0.368056,0.048325,0.277778,0.039831,0.326389,0.041088,0.125,0.032788,0.085648,0.026635,0.113426,0.025705,0.351852,0.055416,0.443368,0.04952,72
ensemble_uncertainty_gate,recovery_scarcity,2,0.405093,0.049558,0.423611,0.043793,0.263889,0.037537,0.074074,0.023197,0.099537,0.027911,0.347222,0.051184,0.164352,0.03568,0.136574,0.03053,0.196759,0.036164,0.277778,0.046143,0.347222,0.042247,0.243056,0.044737,0.418981,0.04382,0.148148,0.035127,0.060185,0.024439,0.148148,0.03136,0.381944,0.054993,0.422164,0.053206,72
ensemble_uncertainty_gate,recovery_scarcity,3,0.444444,0.046594,0.375,0.047371,0.314815,0.049019,0.108796,0.029722,0.108796,0.030416,0.342593,0.041317,0.157407,0.033505,0.143519,0.03557,0.199074,0.035765,0.287037,0.041485,0.333333,0.043344,0.219907,0.034691,0.391204,0.047551,0.208333,0.041247,0.037037,0.019622,0.108796,0.031095,0.356481,0.053401,0.449005,0.04804,72
ensemble_uncertainty_gate,recovery_scarcity,4,0.449074,0.045523,0.393519,0.043968,0.268519,0.041652,0.106481,0.026879,0.078704,0.023272,0.393519,0.047615,0.141204,0.033982,0.104167,0.027744,0.208333,0.038633,0.270833,0.043072,0.247685,0.044762,0.270833,0.043072,0.421296,0.046581,0.171296,0.033557,0.069444,0.025643,0.111111,0.030988,0.347222,0.053184,0.463368,0.04747,72
ensemble_uncertainty_gate,recovery_scarcity,5,0.453704,0.053369,0.337963,0.045676,0.296296,0.04579,0.097222,0.023072,0.087963,0.030287,0.363426,0.04674,0.180556,0.03917,0.12963,0.029056,0.219907,0.041285,0.282407,0.043651,0.31713,0.041954,0.261574,0.040261,0.418981,0.041871,0.164352,0.037948,0.05787,0.022531,0.127315,0.030644,0.356481,0.061061,0.4561,0.055971,72
ensemble_uncertainty_gate,recovery_scarcity,6,0.386574,0.045609,0.444444,0.048782,0.266204,0.03804,0.125,0.030819,0.115741,0.032073,0.30787,0.045533,0.171296,0.033557,0.141204,0.033362,0.222222,0.03419,0.231481,0.039597,0.282407,0.048627,0.287037,0.042968,0.425926,0.047432,0.159722,0.031941,0.090278,0.027366,0.125,0.029433,0.361111,0.050877,0.389132,0.047667,72
ensemble_uncertainty_gate,recovery_scarcity,7,0.456019,0.049628,0.384259,0.045063,0.273148,0.038932,0.094907,0.030187,0.127315,0.033258,0.351852,0.045024,0.168981,0.03509,0.138889,0.032307,0.185185,0.040121,0.247685,0.038764,0.296296,0.037799,0.270833,0.043072,0.412037,0.052481,0.162037,0.032289,0.081019,0.025019,0.092593,0.028082,0.314815,0.056902,0.465799,0.051811,72
ensemble_uncertainty_gate,recovery_scarcity,8,0.407407,0.046544,0.409722,0.03927,0.289352,0.047036,0.092593,0.026554,0.134259,0.032073,0.365741,0.047322,0.152778,0.029433,0.148148,0.038528,0.201389,0.038735,0.247685,0.043341,0.293981,0.04212,0.256944,0.038735,0.381944,0.049814,0.168981,0.03509,0.05787,0.022531,0.106481,0.029116,0.356481,0.052216,0.414306,0.046406,72
ensemble_uncertainty_gate,recovery_scarcity,9,0.467593,0.048627,0.386574,0.051215,0.266204,0.040691,0.085648,0.02584,0.127315,0.031318,0.372685,0.046366,0.168981,0.032624,0.094907,0.029487,0.19213,0.038585,0.30787,0.046888,0.289352,0.044294,0.24537,0.039288,0.407407,0.04699,0.148148,0.027833,0.069444,0.023072,0.136574,0.034991,0.337963,0.058142,0.476609,0.050139,72
ensemble_uncertainty_gate,shortcut_shift,0,0.44213,0.04711,0.398148,0.04313,0.289352,0.045686,0.071759,0.024026,0.092593,0.027329,0.400463,0.04777,0.141204,0.039652,0.127315,0.027024,0.212963,0.037242,0.270833,0.045888,0.298611,0.049182,0.300926,0.046432,0.377315,0.050874,0.201389,0.035353,0.069444,0.023959,0.099537,0.029369,0.344907,0.058981,0.455394,0.050039,72
ensemble_uncertainty_gate,shortcut_shift,1,0.418981,0.047916,0.377315,0.042856,0.289352,0.04382,0.083333,0.025845,0.113426,0.030187,0.400463,0.048205,0.138889,0.032947,0.138889,0.026641,0.217593,0.04317,0.300926,0.04317,0.298611,0.040319,0.303241,0.04674,0.388889,0.04523,0.152778,0.034645,0.05787,0.025158,0.087963,0.026619,0.354167,0.054036,0.427766,0.050708,72
ensemble_uncertainty_gate,shortcut_shift,2,0.430556,0.049102,0.400463,0.041704,0.277778,0.039831,0.06713,0.023881,0.113426,0.02488,0.4375,0.048109,0.113426,0.029487,0.12037,0.034326,0.18287,0.039914,0.282407,0.041694,0.319444,0.043224,0.229167,0.043072,0.358796,0.048205,0.203704,0.041485,0.076389,0.025795,0.118056,0.029917,0.368056,0.059549,0.453519,0.050283,72
ensemble_uncertainty_gate,shortcut_shift,3,0.462963,0.051376,0.377315,0.050047,0.280093,0.041788,0.090278,0.025795,0.108796,0.031759,0.361111,0.051691,0.12037,0.029766,0.118056,0.02921,0.189815,0.04252,0.210648,0.038222,0.287037,0.046693,0.261574,0.040776,0.425926,0.049161,0.168981,0.038494,0.060185,0.025278,0.122685,0.032302,0.310185,0.062078,0.47794,0.053436,72
ensemble_uncertainty_gate,shortcut_shift,4,0.418981,0.04614,0.412037,0.042846,0.261574,0.039739,0.099537,0.028649,0.092593,0.030913,0.435185,0.051915,0.104167,0.029917,0.113426,0.028035,0.203704,0.037242,0.261574,0.03758,0.331019,0.042612,0.25,0.04237,0.368056,0.039798,0.185185,0.033297,0.055556,0.023297,0.108796,0.030416,0.351852,0.051104,0.439815,0.049584,72
ensemble_uncertainty_gate,shortcut_shift,5,0.418981,0.044762,0.407407,0.043291,0.266204,0.036926,0.092593,0.028816,0.06713,0.023881,0.365741,0.044597,0.12037,0.028329,0.101852,0.032664,0.201389,0.038192,0.305556,0.039303,0.291667,0.055111,0.231481,0.041652,0.405093,0.047843,0.210648,0.036547,0.055556,0.020433,0.115741,0.028634,0.365741,0.054306,0.440093,0.047174,72
ensemble_uncertainty_gate,shortcut_shift,6,0.425926,0.04377,0.37963,0.04579,0.305556,0.044766,0.099537,0.024739,0.108796,0.031095,0.347222,0.047371,0.138889,0.030306,0.108796,0.030416,0.189815,0.041527,0.263889,0.037537,0.268519,0.039066,0.280093,0.04374,0.37963,0.048015,0.196759,0.037301,0.050926,0.022043,0.087963,0.026619,0.342593,0.055164,0.431412,0.047383,72
ensemble_uncertainty_gate,shortcut_shift,7,0.446759,0.048708,0.388889,0.04523,0.293981,0.039033,0.083333,0.026641,0.106481,0.029116,0.347222,0.043704,0.134259,0.032717,0.12037,0.03245,0.196759,0.038404,0.268519,0.04215,0.263889,0.041247,0.25,0.040865,0.344907,0.04674,0.19213,0.032086,0.076389,0.024973,0.127315,0.03568,0.351852,0.056164,0.454653,0.049496,72
ensemble_uncertainty_gate,shortcut_shift,8,0.493056,0.046789,0.386574,0.046516,0.277778,0.040865,0.111111,0.028896,0.097222,0.026444,0.37963,0.043451,0.136574,0.028405,0.134259,0.035177,0.203704,0.035521,0.252315,0.042367,0.284722,0.044031,0.284722,0.042092,0.372685,0.048133,0.189815,0.042026,0.064815,0.022895,0.12963,0.034326,0.261574,0.050393,0.5014,0.048999,72
ensemble_uncertainty_gate,shortcut_shift,9,0.4375,0.049394,0.375,0.045114,0.300926,0.04068,0.085648,0.030302,0.136574,0.033153,0.409722,0.043793,0.166667,0.030988,0.136574,0.03053,0.194444,0.038226,0.240741,0.037614,0.305556,0.038768,0.256944,0.040833,0.423611,0.043793,0.185185,0.035717,0.050926,0.02006,0.108796,0.031095,0.324074,0.055164,0.447211,0.052711,72
generic_scaling_law_extrapolator,combined_exception_stress,0,0.310185,0.046281,0.236111,0.038633,0.372685,0.046366,0.164352,0.03509,0.19213,0.039122,0.247685,0.050874,0.224537,0.041954,0.256944,0.041341,0.125,0.028715,0.358796,0.043661,0.423611,0.042339,0.43287,0.051957,0.208333,0.040222,0.275463,0.037207,0.078704,0.023272,0.180556,0.040222,0.446759,0.05986,0.252292,0.046477,72
generic_scaling_law_extrapolator,combined_exception_stress,1,0.289352,0.044762,0.212963,0.042968,0.340278,0.041088,0.143519,0.02839,0.247685,0.039827,0.222222,0.039303,0.210648,0.040348,0.240741,0.035325,0.148148,0.035127,0.372685,0.044995,0.402778,0.048675,0.395833,0.052268,0.298611,0.040833,0.263889,0.036408,0.076389,0.025795,0.166667,0.03419,0.439815,0.053791,0.232488,0.042602,72
generic_scaling_law_extrapolator,combined_exception_stress,2,0.303241,0.045838,0.189815,0.038392,0.314815,0.041148,0.157407,0.032876,0.208333,0.040737,0.252315,0.040862,0.206019,0.032624,0.236111,0.040222,0.210648,0.042367,0.377315,0.048779,0.449074,0.046432,0.474537,0.044607,0.219907,0.038675,0.280093,0.045609,0.111111,0.028164,0.171296,0.031636,0.449074,0.056565,0.233021,0.043015,72
generic_scaling_law_extrapolator,combined_exception_stress,3,0.256944,0.044737,0.266204,0.045533,0.358796,0.049487,0.148148,0.035717,0.215278,0.036228,0.261574,0.04326,0.199074,0.04068,0.243056,0.042829,0.1875,0.034758,0.351852,0.04215,0.425926,0.04787,0.409722,0.041843,0.203704,0.039421,0.298611,0.046115,0.12037,0.033087,0.152778,0.03583,0.5,0.059219,0.204178,0.043151,72
generic_scaling_law_extrapolator,combined_exception_stress,4,0.319444,0.042738,0.194444,0.038226,0.335648,0.047697,0.150463,0.034891,0.194444,0.039831,0.275463,0.041954,0.194444,0.040865,0.252315,0.044762,0.145833,0.034152,0.368056,0.046566,0.456019,0.050047,0.472222,0.047481,0.240741,0.040294,0.247685,0.044762,0.104167,0.030606,0.201389,0.042829,0.451389,0.055747,0.25765,0.044413,72
generic_scaling_law_extrapolator,combined_exception_stress,5,0.300926,0.042684,0.217593,0.04068,0.296296,0.044401,0.162037,0.034779,0.215278,0.037918,0.217593,0.044126,0.256944,0.041341,0.236111,0.038633,0.157407,0.034729,0.37963,0.051781,0.43287,0.048205,0.453704,0.050968,0.208333,0.04175,0.293981,0.055768,0.12037,0.029766,0.178241,0.038404,0.4375,0.057225,0.229711,0.040222,72
generic_scaling_law_extrapolator,combined_exception_stress,6,0.282407,0.043651,0.199074,0.034578,0.333333,0.04237,0.180556,0.035243,0.217593,0.037475,0.25463,0.045676,0.240741,0.04377,0.215278,0.037918,0.150463,0.035484,0.351852,0.047285,0.428241,0.044685,0.465278,0.041843,0.266204,0.048205,0.24537,0.040337,0.108796,0.025974,0.175926,0.037614,0.486111,0.051993,0.212257,0.041367,72
generic_scaling_law_extrapolator,combined_exception_stress,7,0.291667,0.047371,0.282407,0.047761,0.347222,0.050361,0.159722,0.030606,0.238426,0.040776,0.277778,0.04286,0.25,0.03539,0.25463,0.046581,0.178241,0.037856,0.388889,0.038768,0.472222,0.04523,0.462963,0.053369,0.196759,0.037301,0.263889,0.042247,0.081019,0.025019,0.189815,0.042026,0.446759,0.061579,0.234468,0.045682,72
generic_scaling_law_extrapolator,combined_exception_stress,8,0.277778,0.041373,0.231481,0.037429,0.333333,0.045689,0.1875,0.041341,0.194444,0.028896,0.243056,0.043314,0.208333,0.039699,0.229167,0.044969,0.224537,0.033673,0.388889,0.039831,0.428241,0.046962,0.439815,0.04537,0.25463,0.038211,0.263889,0.046481,0.125,0.030819,0.152778,0.03583,0.476852,0.057541,0.213345,0.039926,72
generic_scaling_law_extrapolator,combined_exception_stress,9,0.243056,0.047454,0.233796,0.03273,0.3125,0.03927,0.224537,0.038854,0.201389,0.038192,0.25,0.039303,0.212963,0.041985,0.206019,0.041621,0.173611,0.031941,0.395833,0.045431,0.474537,0.049487,0.407407,0.054784,0.210648,0.037672,0.252315,0.04382,0.111111,0.028164,0.175926,0.042806,0.523148,0.066306,0.18816,0.04529,72
generic_scaling_law_extrapolator,contact_tail_shift,0,0.375,0.052393,0.233796,0.040691,0.358796,0.045533,0.145833,0.031613,0.210648,0.035971,0.252315,0.041871,0.203704,0.037799,0.243056,0.041843,0.141204,0.028649,0.407407,0.046544,0.381944,0.037918,0.462963,0.041485,0.243056,0.038192,0.280093,0.039739,0.099537,0.027153,0.138889,0.031654,0.423611,0.059898,0.316157,0.052937,72
generic_scaling_law_extrapolator,contact_tail_shift,1,0.398148,0.050694,0.247685,0.042367,0.375,0.041247,0.136574,0.033777,0.210648,0.039827,0.300926,0.038028,0.194444,0.04286,0.24537,0.039288,0.12037,0.031137,0.416667,0.046594,0.409722,0.049604,0.418981,0.047478,0.240741,0.044714,0.24537,0.039288,0.090278,0.028118,0.175926,0.033505,0.386574,0.06292,0.350475,0.051679,72
generic_scaling_law_extrapolator,contact_tail_shift,2,0.384259,0.04119,0.266204,0.047331,0.321759,0.043978,0.152778,0.034037,0.224537,0.034288,0.247685,0.038764,0.189815,0.033764,0.222222,0.037118,0.159722,0.034456,0.409722,0.048325,0.372685,0.044995,0.456019,0.044762,0.266204,0.041704,0.240741,0.037055,0.087963,0.026619,0.143519,0.031193,0.386574,0.05951,0.328021,0.042288,72
generic_scaling_law_extrapolator,contact_tail_shift,3,0.405093,0.051621,0.222222,0.035975,0.280093,0.042775,0.113426,0.02877,0.199074,0.04317,0.263889,0.039699,0.219907,0.03758,0.243056,0.036515,0.145833,0.033535,0.412037,0.041861,0.398148,0.04313,0.451389,0.050232,0.25463,0.039816,0.25463,0.044284,0.087963,0.025002,0.171296,0.037102,0.391204,0.059276,0.350984,0.0506,72
generic_scaling_law_extrapolator,contact_tail_shift,4,0.37037,0.047138,0.259259,0.037614,0.321759,0.043501,0.125,0.032788,0.19213,0.037487,0.289352,0.044294,0.166667,0.037676,0.215278,0.036228,0.148148,0.032018,0.4375,0.045888,0.388889,0.046143,0.4375,0.051867,0.25,0.04286,0.273148,0.039465,0.069444,0.025643,0.134259,0.030743,0.421296,0.058142,0.323704,0.049778,72
generic_scaling_law_extrapolator,contact_tail_shift,5,0.372685,0.048993,0.238426,0.038131,0.298611,0.050023,0.166667,0.03539,0.243056,0.041341,0.291667,0.043224,0.178241,0.041032,0.240741,0.035911,0.171296,0.037661,0.423611,0.048325,0.37037,0.039421,0.425926,0.047432,0.275463,0.042449,0.256944,0.045201,0.097222,0.026444,0.141204,0.036926,0.416667,0.052889,0.314641,0.048694,72
generic_scaling_law_extrapolator,contact_tail_shift,6,0.358796,0.046441,0.240741,0.040294,0.340278,0.046341,0.148148,0.032664,0.203704,0.037242,0.270833,0.043072,0.231481,0.040121,0.166667,0.032307,0.145833,0.031613,0.363426,0.049347,0.395833,0.041088,0.43287,0.043661,0.24537,0.038753,0.291667,0.047371,0.074074,0.023197,0.148148,0.035127,0.402778,0.055489,0.297083,0.046991,72
generic_scaling_law_extrapolator,contact_tail_shift,7,0.388889,0.043823,0.266204,0.041704,0.347222,0.049525,0.127315,0.03449,0.185185,0.032664,0.273148,0.043968,0.201389,0.036515,0.231481,0.044087,0.159722,0.040577,0.402778,0.051184,0.37037,0.050557,0.405093,0.048277,0.303241,0.04674,0.266204,0.036926,0.074074,0.025756,0.164352,0.031978,0.446759,0.049558,0.340613,0.046262,72
generic_scaling_law_extrapolator,contact_tail_shift,8,0.381944,0.045431,0.231481,0.04215,0.326389,0.045431,0.162037,0.030969,0.219907,0.038675,0.275463,0.043421,0.185185,0.036867,0.231481,0.039066,0.115741,0.030743,0.398148,0.041652,0.333333,0.040865,0.446759,0.049977,0.25463,0.047469,0.252315,0.039827,0.085648,0.028159,0.143519,0.034978,0.412037,0.057055,0.321354,0.045975,72
generic_scaling_law_extrapolator,contact_tail_shift,9,0.414352,0.049628,0.247685,0.040348,0.333333,0.047481,0.164352,0.03568,0.215278,0.035647,0.270833,0.046789,0.229167,0.039535,0.201389,0.035939,0.150463,0.033048,0.444444,0.044766,0.405093,0.042284,0.444444,0.05005,0.282407,0.046879,0.233796,0.040691,0.078704,0.026619,0.175926,0.036487,0.388889,0.055583,0.357662,0.051804,72
generic_scaling_law_extrapolator,cross_robot_morphology,0,0.344907,0.044918,0.222222,0.039303,0.296296,0.047579,0.12963,0.031137,0.215278,0.038464,0.275463,0.04484,0.166667,0.03419,0.18287,0.034891,0.143519,0.030516,0.375,0.044649,0.425926,0.055541,0.49537,0.038753,0.25,0.04237,0.252315,0.042856,0.092593,0.030913,0.18287,0.038313,0.409722,0.056675,0.287917,0.046658,72
generic_scaling_law_extrapolator,cross_robot_morphology,1,0.356481,0.047175,0.25,0.039303,0.333333,0.049208,0.157407,0.032876,0.173611,0.031941,0.240741,0.040808,0.206019,0.038494,0.231481,0.045485,0.157407,0.035325,0.4375,0.046341,0.391204,0.045762,0.37963,0.041985,0.277778,0.046594,0.275463,0.044372,0.127315,0.031318,0.168981,0.037394,0.43287,0.059451,0.309329,0.047379,72
generic_scaling_law_extrapolator,cross_robot_morphology,2,0.361111,0.043823,0.252315,0.037672,0.289352,0.039827,0.166667,0.03539,0.1875,0.040319,0.298611,0.046566,0.199074,0.036914,0.222222,0.04286,0.159722,0.034456,0.340278,0.042585,0.456019,0.053279,0.456019,0.051283,0.280093,0.04326,0.219907,0.040261,0.101852,0.03136,0.152778,0.036408,0.416667,0.054444,0.306273,0.045086,72
generic_scaling_law_extrapolator,cross_robot_morphology,3,0.333333,0.04523,0.259259,0.039772,0.310185,0.03999,0.155093,0.034991,0.194444,0.033574,0.30787,0.049907,0.210648,0.043341,0.185185,0.034528,0.150463,0.036068,0.37963,0.047138,0.395833,0.047233,0.423611,0.043793,0.266204,0.044607,0.243056,0.037083,0.12037,0.0318,0.150463,0.035484,0.435185,0.056534,0.283785,0.042713,72
generic_scaling_law_extrapolator,cross_robot_morphology,4,0.344907,0.051823,0.261574,0.042284,0.303241,0.04445,0.150463,0.035484,0.212963,0.036104,0.252315,0.044762,0.164352,0.038494,0.196759,0.038944,0.171296,0.036535,0.384259,0.047761,0.391204,0.04484,0.44213,0.046216,0.259259,0.045178,0.25,0.037676,0.106481,0.030516,0.145833,0.028851,0.4375,0.060419,0.291852,0.049797,72
generic_scaling_law_extrapolator,cross_robot_morphology,5,0.37037,0.047138,0.233796,0.041704,0.314815,0.045024,0.180556,0.036977,0.210648,0.03357,0.275463,0.033673,0.19213,0.035777,0.212963,0.039421,0.18287,0.037764,0.358796,0.047331,0.423611,0.042829,0.428241,0.044215,0.277778,0.04523,0.25463,0.041861,0.118056,0.031281,0.131944,0.033535,0.358796,0.058389,0.313102,0.046919,72
generic_scaling_law_extrapolator,cross_robot_morphology,6,0.347222,0.041247,0.219907,0.040776,0.335648,0.044529,0.152778,0.032788,0.203704,0.040979,0.291667,0.045574,0.189815,0.037845,0.222222,0.038226,0.141204,0.031429,0.439815,0.041527,0.409722,0.049182,0.43287,0.051553,0.219907,0.034691,0.263889,0.043224,0.085648,0.02584,0.168981,0.041621,0.439815,0.058619,0.289225,0.041443,72
generic_scaling_law_extrapolator,cross_robot_morphology,7,0.337963,0.045676,0.24537,0.039288,0.30787,0.038585,0.143519,0.031193,0.208333,0.034645,0.275463,0.042449,0.201389,0.037083,0.233796,0.037487,0.150463,0.031095,0.377315,0.049628,0.377315,0.04614,0.435185,0.046842,0.231481,0.040638,0.236111,0.038089,0.108796,0.027535,0.155093,0.033777,0.439815,0.056071,0.284109,0.044153,72
generic_scaling_law_extrapolator,cross_robot_morphology,8,0.333333,0.040865,0.25,0.037676,0.289352,0.042856,0.118056,0.02921,0.212963,0.043451,0.296296,0.050142,0.217593,0.034578,0.224537,0.043421,0.134259,0.030057,0.407407,0.046544,0.407407,0.04787,0.486111,0.046481,0.270833,0.039003,0.233796,0.038585,0.113426,0.027281,0.19213,0.033982,0.449074,0.056933,0.279699,0.042375,72
generic_scaling_law_extrapolator,cross_robot_morphology,9,0.344907,0.045838,0.243056,0.041843,0.298611,0.046566,0.127315,0.031978,0.243056,0.041843,0.293981,0.042612,0.178241,0.038944,0.173611,0.033223,0.155093,0.033777,0.388889,0.047039,0.393519,0.044441,0.428241,0.046962,0.240741,0.043291,0.238426,0.038131,0.083333,0.025845,0.18287,0.037207,0.446759,0.058804,0.288426,0.048597,72
generic_scaling_law_extrapolator,embodiment_shift,0,0.428241,0.041285,0.287037,0.042479,0.319444,0.052393,0.134259,0.030743,0.189815,0.037845,0.282407,0.039641,0.166667,0.03539,0.178241,0.035582,0.173611,0.035057,0.414352,0.04382,0.375,0.043224,0.460648,0.048993,0.256944,0.041843,0.256944,0.037641,0.125,0.030134,0.148148,0.028573,0.354167,0.052864,0.38,0.042767,72
generic_scaling_law_extrapolator,embodiment_shift,1,0.37963,0.040979,0.275463,0.041453,0.291667,0.044179,0.145833,0.034152,0.175926,0.035325,0.305556,0.046594,0.1875,0.040319,0.1875,0.030263,0.138889,0.032947,0.400463,0.051553,0.388889,0.048352,0.444444,0.047919,0.303241,0.042037,0.243056,0.042829,0.113426,0.03087,0.138889,0.030988,0.400463,0.055077,0.335139,0.042033,72
generic_scaling_law_extrapolator,embodiment_shift,2,0.398148,0.050281,0.277778,0.041373,0.324074,0.04377,0.145833,0.037641,0.19213,0.039652,0.259259,0.037614,0.125,0.032145,0.199074,0.036344,0.12963,0.029766,0.428241,0.046516,0.395833,0.053061,0.453704,0.042968,0.24537,0.043331,0.212963,0.039947,0.083333,0.025845,0.173611,0.034456,0.386574,0.058804,0.357025,0.050608,72
generic_scaling_law_extrapolator,embodiment_shift,3,0.395833,0.048541,0.270833,0.0368,0.333333,0.039303,0.138889,0.032947,0.247685,0.043341,0.261574,0.044215,0.224537,0.041453,0.238426,0.035288,0.150463,0.036068,0.381944,0.052268,0.398148,0.044087,0.425926,0.047432,0.275463,0.049698,0.24537,0.038753,0.108796,0.029011,0.148148,0.030687,0.393519,0.059678,0.338762,0.051445,72
generic_scaling_law_extrapolator,embodiment_shift,4,0.337963,0.044753,0.263889,0.040222,0.3125,0.044267,0.134259,0.034578,0.226852,0.038932,0.277778,0.040865,0.201389,0.038735,0.180556,0.034037,0.138889,0.030306,0.402778,0.044649,0.356481,0.04673,0.479167,0.044267,0.224537,0.028283,0.219907,0.03758,0.092593,0.03023,0.178241,0.032517,0.451389,0.05612,0.277766,0.043707,72
generic_scaling_law_extrapolator,embodiment_shift,5,0.372685,0.051486,0.270833,0.047673,0.340278,0.046341,0.168981,0.03626,0.224537,0.038313,0.3125,0.048325,0.18287,0.036068,0.210648,0.041369,0.145833,0.032266,0.372685,0.041621,0.409722,0.050439,0.439815,0.042026,0.259259,0.038165,0.256944,0.041341,0.081019,0.02584,0.1875,0.034152,0.423611,0.056675,0.321319,0.050835,72
generic_scaling_law_extrapolator,embodiment_shift,6,0.37037,0.054911,0.270833,0.049394,0.319444,0.046481,0.148148,0.032664,0.194444,0.038226,0.275463,0.04711,0.173611,0.034456,0.19213,0.039652,0.157407,0.034729,0.337963,0.041359,0.351852,0.040121,0.421296,0.047027,0.215278,0.037363,0.289352,0.04614,0.099537,0.029369,0.131944,0.030945,0.391204,0.062365,0.320093,0.056251,72
generic_scaling_law_extrapolator,embodiment_shift,7,0.398148,0.046394,0.219907,0.042284,0.280093,0.042284,0.138889,0.033574,0.189815,0.037289,0.273148,0.040509,0.236111,0.040737,0.229167,0.039003,0.166667,0.036551,0.395833,0.054612,0.377315,0.051283,0.409722,0.044267,0.268519,0.04816,0.243056,0.036515,0.111111,0.028164,0.159722,0.035647,0.354167,0.05813,0.340405,0.047834,72
generic_scaling_law_extrapolator,embodiment_shift,8,0.386574,0.052024,0.298611,0.042339,0.321759,0.04445,0.150463,0.033673,0.217593,0.04119,0.266204,0.042694,0.217593,0.035177,0.196759,0.034991,0.131944,0.025795,0.349537,0.042449,0.368056,0.04566,0.435185,0.051915,0.298611,0.042339,0.280093,0.041285,0.094907,0.028035,0.152778,0.034037,0.43287,0.059802,0.334363,0.052935,72
generic_scaling_law_extrapolator,embodiment_shift,9,0.405093,0.045609,0.268519,0.041148,0.296296,0.042479,0.136574,0.037856,0.185185,0.036867,0.263889,0.036977,0.1875,0.038192,0.224537,0.037207,0.159722,0.039003,0.395833,0.042585,0.402778,0.050361,0.460648,0.044995,0.261574,0.03758,0.275463,0.045762,0.094907,0.030187,0.159722,0.035647,0.368056,0.05442,0.354109,0.045519,72
generic_scaling_law_extrapolator,heldout_exception_composition,0,0.349537,0.045762,0.25463,0.039816,0.280093,0.04374,0.148148,0.035127,0.208333,0.038089,0.256944,0.037641,0.196759,0.034991,0.247685,0.038764,0.178241,0.038944,0.416667,0.044297,0.43287,0.047331,0.460648,0.053083,0.231481,0.039597,0.247685,0.040862,0.108796,0.028283,0.159722,0.031941,0.393519,0.058974,0.289618,0.048071,72
generic_scaling_law_extrapolator,heldout_exception_composition,1,0.333333,0.039831,0.240741,0.038708,0.354167,0.049604,0.148148,0.032018,0.199074,0.036344,0.268519,0.037429,0.196759,0.041537,0.233796,0.040175,0.171296,0.034173,0.349537,0.048851,0.405093,0.044685,0.423611,0.05126,0.224537,0.043899,0.25,0.044297,0.083333,0.025845,0.152778,0.037537,0.421296,0.051274,0.274282,0.03879,72
generic_scaling_law_extrapolator,heldout_exception_composition,2,0.298611,0.047012,0.206019,0.041621,0.375,0.043224,0.162037,0.036535,0.236111,0.036408,0.243056,0.035353,0.222222,0.041874,0.243056,0.039798,0.18287,0.034891,0.368056,0.044737,0.430556,0.042738,0.43287,0.042694,0.256944,0.046566,0.275463,0.042938,0.118056,0.029917,0.18287,0.031095,0.476852,0.060718,0.237049,0.044476,72
generic_scaling_law_extrapolator,heldout_exception_composition,3,0.31713,0.046216,0.229167,0.038464,0.324074,0.046093,0.180556,0.038089,0.185185,0.037982,0.296296,0.041985,0.19213,0.045533,0.229167,0.038464,0.152778,0.031489,0.398148,0.042643,0.377315,0.048349,0.469907,0.042531,0.231481,0.041652,0.284722,0.044031,0.097222,0.033418,0.175926,0.038165,0.456019,0.05815,0.25713,0.045137,72
generic_scaling_law_extrapolator,heldout_exception_composition,4,0.333333,0.047039,0.203704,0.036678,0.31713,0.038854,0.171296,0.037661,0.224537,0.040947,0.229167,0.035647,0.19213,0.043661,0.226852,0.039465,0.164352,0.041116,0.354167,0.046115,0.388889,0.044297,0.400463,0.045533,0.240741,0.041317,0.233796,0.043661,0.097222,0.032145,0.159722,0.038464,0.423611,0.056306,0.273368,0.045252,72
generic_scaling_law_extrapolator,heldout_exception_composition,5,0.31713,0.048421,0.275463,0.043421,0.30787,0.043661,0.164352,0.033258,0.194444,0.038226,0.273148,0.047175,0.1875,0.034152,0.270833,0.045888,0.164352,0.03509,0.344907,0.043501,0.405093,0.046962,0.395833,0.047673,0.224537,0.043899,0.300926,0.045063,0.115741,0.030057,0.159722,0.030606,0.435185,0.064793,0.269259,0.047657,72
generic_scaling_law_extrapolator,heldout_exception_composition,6,0.303241,0.04445,0.233796,0.043661,0.30787,0.045989,0.157407,0.032235,0.24537,0.040337,0.247685,0.039299,0.222222,0.037676,0.243056,0.034758,0.145833,0.030263,0.407407,0.040808,0.4375,0.045888,0.409722,0.05126,0.240741,0.034729,0.263889,0.042738,0.085648,0.022376,0.150463,0.03241,0.479167,0.059898,0.239282,0.044235,72
generic_scaling_law_extrapolator,heldout_exception_composition,7,0.289352,0.044294,0.25463,0.041359,0.319444,0.043704,0.152778,0.036408,0.212963,0.039421,0.280093,0.046516,0.236111,0.040222,0.256944,0.039798,0.175926,0.037055,0.43287,0.046888,0.391204,0.048851,0.449074,0.047761,0.259259,0.044245,0.305556,0.040865,0.118056,0.026982,0.1875,0.038735,0.451389,0.054993,0.235856,0.042908,72
generic_scaling_law_extrapolator,heldout_exception_composition,8,0.321759,0.050185,0.280093,0.045149,0.326389,0.048541,0.12963,0.029766,0.224537,0.037764,0.280093,0.041285,0.240741,0.037055,0.231481,0.041652,0.164352,0.04212,0.407407,0.047432,0.412037,0.044753,0.384259,0.045523,0.229167,0.040059,0.305556,0.041373,0.094907,0.029487,0.122685,0.029605,0.44213,0.061352,0.275359,0.049543,72
generic_scaling_law_extrapolator,heldout_exception_composition,9,0.321759,0.042531,0.270833,0.047233,0.319444,0.045574,0.145833,0.033535,0.194444,0.038768,0.275463,0.045303,0.219907,0.038131,0.268519,0.045024,0.145833,0.032907,0.414352,0.048779,0.467593,0.045523,0.414352,0.04614,0.238426,0.03758,0.291667,0.045574,0.12963,0.033712,0.138889,0.03419,0.425926,0.0616,0.271389,0.043244,72
generic_scaling_law_extrapolator,nominal_scaling,0,0.506944,0.045888,0.3125,0.04566,0.291667,0.04603,0.099537,0.027153,0.173611,0.037363,0.289352,0.039299,0.162037,0.039288,0.19213,0.034591,0.131944,0.031613,0.409722,0.041843,0.303241,0.039476,0.449074,0.042684,0.280093,0.045609,0.24537,0.038211,0.085648,0.026635,0.138889,0.030306,0.296296,0.053759,0.474896,0.045519,72
generic_scaling_law_extrapolator,nominal_scaling,1,0.541667,0.044649,0.303241,0.040001,0.263889,0.04175,0.118056,0.035647,0.194444,0.041874,0.324074,0.039244,0.194444,0.038768,0.196759,0.035582,0.141204,0.031429,0.430556,0.046928,0.344907,0.042037,0.467593,0.045063,0.287037,0.047579,0.236111,0.042738,0.083333,0.025845,0.136574,0.03053,0.282407,0.052349,0.503738,0.046683,72
generic_scaling_law_extrapolator,nominal_scaling,2,0.465278,0.043793,0.282407,0.04068,0.314815,0.046842,0.094907,0.028035,0.168981,0.03568,0.252315,0.042367,0.166667,0.02961,0.189815,0.043008,0.136574,0.029839,0.405093,0.042284,0.328704,0.050865,0.405093,0.048708,0.31713,0.048851,0.236111,0.038633,0.060185,0.022666,0.12963,0.031137,0.377315,0.053669,0.4314,0.044162,72
generic_scaling_law_extrapolator,nominal_scaling,3,0.50463,0.051274,0.293981,0.039564,0.31713,0.041954,0.115741,0.032073,0.152778,0.031489,0.289352,0.043341,0.122685,0.028891,0.185185,0.039066,0.127315,0.025433,0.4375,0.049394,0.300926,0.04119,0.430556,0.045574,0.273148,0.047175,0.256944,0.037083,0.087963,0.026619,0.092593,0.023197,0.340278,0.055371,0.474433,0.05255,72
generic_scaling_law_extrapolator,nominal_scaling,4,0.486111,0.044649,0.310185,0.03999,0.268519,0.037429,0.099537,0.028649,0.180556,0.032788,0.289352,0.042367,0.141204,0.031429,0.199074,0.040164,0.150463,0.033048,0.44213,0.054506,0.331019,0.041621,0.414352,0.04382,0.314815,0.046842,0.215278,0.035057,0.064815,0.021964,0.113426,0.029487,0.321759,0.055329,0.45934,0.047514,72
generic_scaling_law_extrapolator,nominal_scaling,5,0.479167,0.047454,0.296296,0.043929,0.335648,0.048565,0.12963,0.039421,0.217593,0.033969,0.275463,0.046216,0.180556,0.031489,0.1875,0.031613,0.122685,0.028159,0.391204,0.047988,0.331019,0.050255,0.439815,0.04537,0.273148,0.038932,0.240741,0.040808,0.064815,0.020993,0.127315,0.038494,0.337963,0.052878,0.434317,0.050659,72
generic_scaling_law_extrapolator,nominal_scaling,6,0.525463,0.052357,0.303241,0.043501,0.25,0.039303,0.092593,0.032235,0.148148,0.035127,0.344907,0.049347,0.168981,0.031978,0.18287,0.036642,0.141204,0.033362,0.416667,0.04523,0.321759,0.039476,0.425926,0.053238,0.310185,0.040509,0.229167,0.039003,0.06713,0.023881,0.108796,0.029722,0.324074,0.058471,0.502153,0.052063,72
generic_scaling_law_extrapolator,nominal_scaling,7,0.49537,0.045676,0.289352,0.04382,0.3125,0.046115,0.113426,0.031539,0.164352,0.03449,0.277778,0.043344,0.152778,0.03583,0.171296,0.036535,0.136574,0.034991,0.44213,0.045762,0.335648,0.045457,0.446759,0.050806,0.305556,0.041874,0.222222,0.04237,0.078704,0.023272,0.134259,0.031415,0.326389,0.047673,0.460799,0.048511,72
generic_scaling_law_extrapolator,nominal_scaling,8,0.50463,0.050865,0.280093,0.042775,0.247685,0.035971,0.118056,0.02921,0.162037,0.034173,0.291667,0.038633,0.185185,0.035717,0.175926,0.035325,0.122685,0.034791,0.414352,0.044294,0.324074,0.049584,0.405093,0.047843,0.231481,0.042643,0.233796,0.03804,0.081019,0.028891,0.131944,0.030945,0.321759,0.054951,0.466574,0.052298,72
generic_scaling_law_extrapolator,nominal_scaling,9,0.481481,0.049443,0.31713,0.045762,0.256944,0.049604,0.090278,0.029566,0.168981,0.03509,0.324074,0.040294,0.173611,0.035647,0.19213,0.039652,0.166667,0.038226,0.444444,0.050877,0.340278,0.040577,0.421296,0.052082,0.296296,0.043929,0.226852,0.033764,0.074074,0.028816,0.136574,0.03053,0.363426,0.058626,0.452639,0.049616,72
generic_scaling_law_extrapolator,recovery_scarcity,0,0.363426,0.048061,0.25463,0.042846,0.300926,0.044597,0.166667,0.030306,0.208333,0.040737,0.256944,0.042339,0.178241,0.036737,0.206019,0.036832,0.127315,0.02925,0.444444,0.047039,0.391204,0.042449,0.456019,0.044294,0.284722,0.039003,0.273148,0.044441,0.108796,0.03241,0.1875,0.036515,0.388889,0.057065,0.31037,0.048418,72
generic_scaling_law_extrapolator,recovery_scarcity,1,0.368056,0.041341,0.25,0.045689,0.328704,0.039288,0.164352,0.03509,0.240741,0.044714,0.275463,0.043899,0.219907,0.033466,0.252315,0.038764,0.136574,0.031207,0.384259,0.04119,0.412037,0.040851,0.44213,0.050116,0.252315,0.041369,0.24537,0.038753,0.092593,0.026554,0.162037,0.034779,0.409722,0.05442,0.306516,0.041509,72
generic_scaling_law_extrapolator,recovery_scarcity,2,0.358796,0.046441,0.224537,0.041954,0.337963,0.050453,0.162037,0.032289,0.224537,0.034891,0.240741,0.044245,0.219907,0.044215,0.196759,0.037856,0.171296,0.030969,0.377315,0.041871,0.37963,0.048448,0.465278,0.042339,0.266204,0.041704,0.25463,0.042846,0.106481,0.032504,0.150463,0.035484,0.425926,0.050831,0.290301,0.04768,72
generic_scaling_law_extrapolator,recovery_scarcity,3,0.344907,0.047184,0.284722,0.041593,0.326389,0.042092,0.168981,0.036832,0.199074,0.033969,0.252315,0.043341,0.185185,0.034528,0.194444,0.040351,0.152778,0.030819,0.37963,0.044869,0.4375,0.048109,0.453704,0.048448,0.268519,0.037429,0.277778,0.043344,0.085648,0.023291,0.180556,0.038089,0.435185,0.057993,0.295556,0.046799,72
generic_scaling_law_extrapolator,recovery_scarcity,4,0.402778,0.048244,0.231481,0.040638,0.368056,0.042829,0.145833,0.032266,0.210648,0.043341,0.266204,0.042694,0.196759,0.037856,0.215278,0.038464,0.148148,0.035717,0.423611,0.049182,0.391204,0.042449,0.409722,0.042829,0.24537,0.035959,0.268519,0.037982,0.092593,0.026554,0.157407,0.035911,0.402778,0.058062,0.342836,0.049562,72
generic_scaling_law_extrapolator,recovery_scarcity,5,0.319444,0.040222,0.296296,0.042968,0.296296,0.043451,0.18287,0.040434,0.215278,0.036228,0.236111,0.04175,0.261574,0.047843,0.215278,0.035647,0.152778,0.032788,0.416667,0.048352,0.388889,0.048782,0.428241,0.046065,0.240741,0.041819,0.266204,0.042694,0.111111,0.032307,0.166667,0.036551,0.469907,0.055329,0.253241,0.039392,72
generic_scaling_law_extrapolator,recovery_scarcity,6,0.365741,0.048196,0.25463,0.038753,0.324074,0.048304,0.168981,0.03568,0.206019,0.038494,0.238426,0.03758,0.178241,0.039476,0.219907,0.041788,0.104167,0.026982,0.425926,0.045178,0.384259,0.050315,0.446759,0.047843,0.282407,0.044597,0.259259,0.044245,0.099537,0.03273,0.168981,0.031318,0.381944,0.057225,0.315694,0.047262,72
generic_scaling_law_extrapolator,recovery_scarcity,7,0.363426,0.048922,0.25,0.039303,0.298611,0.043793,0.185185,0.036867,0.224537,0.041954,0.24537,0.040851,0.208333,0.039699,0.196759,0.033777,0.166667,0.03419,0.412037,0.045217,0.37037,0.052182,0.398148,0.04816,0.259259,0.049161,0.268519,0.039066,0.097222,0.030134,0.178241,0.038944,0.398148,0.056534,0.299873,0.050987,72
generic_scaling_law_extrapolator,recovery_scarcity,8,0.347222,0.03917,0.231481,0.035127,0.331019,0.039033,0.134259,0.032073,0.199074,0.038573,0.273148,0.044908,0.217593,0.036344,0.222222,0.03539,0.162037,0.033557,0.402778,0.048675,0.418981,0.043341,0.421296,0.052082,0.303241,0.036164,0.268519,0.042643,0.097222,0.027222,0.168981,0.040088,0.412037,0.053271,0.292014,0.042023,72
generic_scaling_law_extrapolator,recovery_scarcity,9,0.375,0.047371,0.25,0.040351,0.321759,0.041032,0.141204,0.033362,0.178241,0.036737,0.293981,0.037394,0.185185,0.033297,0.224537,0.039914,0.150463,0.036642,0.372685,0.043099,0.393519,0.051002,0.43287,0.046441,0.247685,0.041871,0.25463,0.041359,0.081019,0.028159,0.141204,0.031429,0.423611,0.061954,0.324398,0.048873,72
generic_scaling_law_extrapolator,shortcut_shift,0,0.393519,0.047175,0.25463,0.041359,0.305556,0.050465,0.136574,0.031869,0.215278,0.042585,0.261574,0.038675,0.194444,0.039831,0.247685,0.038222,0.152778,0.030134,0.365741,0.041694,0.361111,0.039303,0.423611,0.047012,0.229167,0.040059,0.266204,0.046441,0.083333,0.028896,0.155093,0.034389,0.395833,0.057589,0.336053,0.050808,72
generic_scaling_law_extrapolator,shortcut_shift,1,0.361111,0.04237,0.256944,0.040319,0.319444,0.045114,0.143519,0.036152,0.201389,0.034758,0.256944,0.041843,0.212963,0.040979,0.212963,0.039947,0.19213,0.030071,0.384259,0.044126,0.391204,0.047988,0.439815,0.047175,0.25463,0.041861,0.277778,0.040351,0.087963,0.026619,0.12037,0.028329,0.398148,0.057268,0.303437,0.044341,72
generic_scaling_law_extrapolator,shortcut_shift,2,0.388889,0.047039,0.289352,0.041871,0.303241,0.048922,0.145833,0.028118,0.212963,0.042968,0.298611,0.041843,0.166667,0.036551,0.224537,0.046665,0.162037,0.031636,0.407407,0.045178,0.344907,0.038944,0.435185,0.045024,0.261574,0.035874,0.238426,0.036452,0.074074,0.02408,0.162037,0.035959,0.405093,0.053605,0.341146,0.046938,72
generic_scaling_law_extrapolator,shortcut_shift,3,0.372685,0.048133,0.252315,0.039299,0.266204,0.044607,0.141204,0.036926,0.222222,0.039303,0.300926,0.040164,0.18287,0.035484,0.222222,0.038226,0.162037,0.034173,0.421296,0.051274,0.407407,0.050003,0.474537,0.053148,0.231481,0.039066,0.236111,0.03583,0.092593,0.028082,0.152778,0.032145,0.395833,0.059373,0.315648,0.05088,72
generic_scaling_law_extrapolator,shortcut_shift,4,0.416667,0.046594,0.287037,0.041485,0.3125,0.040319,0.118056,0.029917,0.19213,0.034591,0.319444,0.041247,0.199074,0.039111,0.199074,0.036914,0.162037,0.035374,0.37963,0.042479,0.377315,0.048779,0.465278,0.047892,0.208333,0.036408,0.261574,0.048708,0.113426,0.02877,0.157407,0.036487,0.361111,0.060956,0.366574,0.048042,72
generic_scaling_law_extrapolator,shortcut_shift,5,0.395833,0.050232,0.273148,0.040509,0.287037,0.047138,0.108796,0.029011,0.219907,0.038131,0.24537,0.041359,0.180556,0.034645,0.25,0.039831,0.173611,0.037363,0.430556,0.04603,0.398148,0.044087,0.481481,0.049443,0.259259,0.038708,0.280093,0.039739,0.06713,0.024739,0.136574,0.028405,0.398148,0.061146,0.34331,0.053477,72
generic_scaling_law_extrapolator,shortcut_shift,6,0.377315,0.048779,0.243056,0.035353,0.310185,0.04537,0.131944,0.032907,0.194444,0.041874,0.275463,0.041954,0.199074,0.041694,0.19213,0.039652,0.134259,0.032717,0.377315,0.045686,0.425926,0.046544,0.428241,0.04374,0.247685,0.040862,0.252315,0.039299,0.071759,0.023141,0.12037,0.0318,0.400463,0.058745,0.328021,0.049467,72
generic_scaling_law_extrapolator,shortcut_shift,7,0.351852,0.045485,0.238426,0.04374,0.321759,0.051011,0.12963,0.034929,0.185185,0.036867,0.268519,0.042643,0.196759,0.037301,0.210648,0.039299,0.12963,0.027582,0.400463,0.052357,0.407407,0.045638,0.43287,0.044136,0.236111,0.044649,0.243056,0.044267,0.076389,0.024122,0.162037,0.036535,0.435185,0.060113,0.29941,0.045049,72
generic_scaling_law_extrapolator,shortcut_shift,8,0.377315,0.04659,0.259259,0.038165,0.331019,0.049417,0.143519,0.032504,0.175926,0.040294,0.305556,0.040865,0.1875,0.033535,0.226852,0.041021,0.157407,0.038165,0.409722,0.046115,0.347222,0.038633,0.416667,0.044297,0.226852,0.03557,0.310185,0.045828,0.069444,0.024815,0.155093,0.031869,0.37037,0.052976,0.332512,0.046962,72
generic_scaling_law_extrapolator,shortcut_shift,9,0.421296,0.045217,0.247685,0.041369,0.328704,0.046131,0.090278,0.027366,0.203704,0.040466,0.268519,0.038528,0.196759,0.039476,0.217593,0.042684,0.164352,0.03626,0.398148,0.055038,0.384259,0.048627,0.435185,0.047725,0.259259,0.039244,0.303241,0.049768,0.074074,0.02408,0.134259,0.035177,0.344907,0.047184,0.373947,0.047416,72
invariance_penalty_policy,combined_exception_stress,0,0.418981,0.04614,0.340278,0.046789,0.280093,0.046516,0.145833,0.036515,0.097222,0.025643,0.393519,0.045828,0.150463,0.031759,0.136574,0.032517,0.203704,0.037799,0.24537,0.038753,0.287037,0.039421,0.310185,0.051002,0.384259,0.051545,0.173611,0.036228,0.071759,0.02488,0.136574,0.029131,0.342593,0.055541,0.414873,0.049643,72
invariance_penalty_policy,combined_exception_stress,1,0.402778,0.042738,0.377315,0.044294,0.240741,0.039244,0.111111,0.032307,0.134259,0.039641,0.351852,0.046842,0.171296,0.033557,0.155093,0.033153,0.217593,0.033969,0.298611,0.047892,0.349537,0.046216,0.310185,0.043008,0.37963,0.045332,0.150463,0.036068,0.060185,0.022666,0.136574,0.03053,0.331019,0.055768,0.396597,0.046349,72
invariance_penalty_policy,combined_exception_stress,2,0.444444,0.050877,0.363426,0.04052,0.300926,0.04317,0.12037,0.030459,0.122685,0.029605,0.361111,0.043344,0.189815,0.037845,0.157407,0.037614,0.196759,0.039476,0.305556,0.047481,0.354167,0.045201,0.284722,0.045888,0.363426,0.048922,0.164352,0.03509,0.0625,0.021852,0.12963,0.036104,0.314815,0.053107,0.438437,0.051965,72
invariance_penalty_policy,combined_exception_stress,3,0.377315,0.047916,0.328704,0.045676,0.280093,0.03702,0.125,0.031489,0.136574,0.026895,0.377315,0.044294,0.180556,0.04175,0.145833,0.030263,0.173611,0.040059,0.270833,0.040577,0.3125,0.042829,0.30787,0.042694,0.342593,0.04787,0.143519,0.033764,0.039352,0.01883,0.152778,0.034645,0.381944,0.054612,0.363009,0.048711,72
invariance_penalty_policy,combined_exception_stress,4,0.44213,0.046665,0.37963,0.044401,0.3125,0.046566,0.106481,0.031855,0.106481,0.02839,0.365741,0.04598,0.173611,0.037918,0.148148,0.028573,0.206019,0.040605,0.321759,0.047624,0.321759,0.04445,0.305556,0.049631,0.354167,0.041843,0.164352,0.028528,0.05787,0.021585,0.162037,0.032929,0.337963,0.054049,0.439688,0.048478,72
invariance_penalty_policy,combined_exception_stress,5,0.375,0.05159,0.342593,0.048304,0.305556,0.037118,0.138889,0.02961,0.150463,0.035484,0.3125,0.043314,0.157407,0.035325,0.152778,0.038089,0.203704,0.039421,0.270833,0.042585,0.321759,0.04445,0.277778,0.041874,0.340278,0.048541,0.155093,0.037856,0.05787,0.021585,0.148148,0.033918,0.37037,0.058589,0.356759,0.053156,72
invariance_penalty_policy,combined_exception_stress,6,0.428241,0.04326,0.340278,0.048541,0.298611,0.03927,0.118056,0.031941,0.122685,0.029605,0.347222,0.04175,0.185185,0.032018,0.127315,0.031318,0.155093,0.035582,0.252315,0.039827,0.340278,0.045431,0.291667,0.03917,0.351852,0.045024,0.118056,0.027744,0.069444,0.020176,0.131944,0.034758,0.354167,0.053257,0.420637,0.046743,72
invariance_penalty_policy,combined_exception_stress,7,0.425926,0.04787,0.388889,0.041373,0.310185,0.044441,0.113426,0.03087,0.092593,0.026554,0.377315,0.05209,0.171296,0.034779,0.157407,0.032235,0.196759,0.037856,0.30787,0.044607,0.287037,0.043451,0.314815,0.039066,0.37037,0.047579,0.143519,0.033764,0.071759,0.026505,0.175926,0.041317,0.321759,0.056079,0.428507,0.049974,72
invariance_penalty_policy,combined_exception_stress,8,0.37037,0.044869,0.347222,0.042738,0.291667,0.044179,0.12963,0.031137,0.099537,0.025569,0.381944,0.046789,0.157407,0.03023,0.134259,0.032073,0.180556,0.032788,0.335648,0.043581,0.326389,0.042092,0.252315,0.040862,0.351852,0.040638,0.145833,0.034152,0.071759,0.024026,0.155093,0.036737,0.388889,0.056329,0.367211,0.047172,72
invariance_penalty_policy,combined_exception_stress,9,0.384259,0.048627,0.335648,0.047697,0.333333,0.043344,0.101852,0.022895,0.113426,0.02877,0.291667,0.04175,0.178241,0.032517,0.115741,0.028634,0.18287,0.036068,0.319444,0.046928,0.342593,0.048304,0.289352,0.048779,0.391204,0.046216,0.157407,0.034122,0.055556,0.022383,0.141204,0.034591,0.386574,0.064558,0.378495,0.051322,72
invariance_penalty_policy,contact_tail_shift,0,0.439815,0.048913,0.347222,0.047371,0.277778,0.037676,0.087963,0.025002,0.115741,0.032073,0.381944,0.045431,0.168981,0.039033,0.148148,0.032664,0.19213,0.035777,0.243056,0.03927,0.310185,0.043491,0.289352,0.047478,0.388889,0.040351,0.141204,0.03273,0.060185,0.024439,0.108796,0.030416,0.351852,0.057268,0.441829,0.050427,72
invariance_penalty_policy,contact_tail_shift,1,0.453704,0.048877,0.358796,0.045072,0.270833,0.039535,0.127315,0.030644,0.101852,0.028573,0.377315,0.049205,0.18287,0.040947,0.125,0.030134,0.208333,0.036977,0.298611,0.037083,0.291667,0.043224,0.354167,0.052068,0.361111,0.047481,0.12963,0.033087,0.048611,0.023686,0.131944,0.032907,0.342593,0.058112,0.445104,0.050366,72
invariance_penalty_policy,contact_tail_shift,2,0.462963,0.051781,0.381944,0.043554,0.266204,0.04318,0.12963,0.034929,0.108796,0.029011,0.384259,0.044126,0.143519,0.036725,0.157407,0.031581,0.168981,0.036832,0.291667,0.04175,0.30787,0.041704,0.280093,0.044685,0.400463,0.041704,0.125,0.03583,0.053241,0.020254,0.106481,0.029824,0.324074,0.056288,0.469884,0.054598,72
invariance_penalty_policy,contact_tail_shift,3,0.449074,0.050315,0.361111,0.041874,0.273148,0.043491,0.085648,0.027408,0.118056,0.028487,0.386574,0.044685,0.203704,0.036678,0.106481,0.025278,0.166667,0.039831,0.305556,0.048352,0.328704,0.044753,0.266204,0.046441,0.375,0.047371,0.125,0.031489,0.041667,0.020176,0.099537,0.028649,0.351852,0.055416,0.45059,0.050481,72
invariance_penalty_policy,contact_tail_shift,4,0.548611,0.046341,0.384259,0.055069,0.252315,0.040348,0.12037,0.033087,0.113426,0.025705,0.340278,0.042585,0.173611,0.038464,0.152778,0.033418,0.148148,0.030687,0.31713,0.04484,0.3125,0.045201,0.280093,0.040261,0.388889,0.047481,0.148148,0.035127,0.048611,0.021852,0.118056,0.031281,0.277778,0.055206,0.551111,0.049303,72
invariance_penalty_policy,contact_tail_shift,5,0.4375,0.040577,0.344907,0.051418,0.298611,0.043314,0.113426,0.03087,0.111111,0.032307,0.375,0.044179,0.148148,0.033297,0.150463,0.038313,0.148148,0.032018,0.321759,0.051011,0.291667,0.04781,0.293981,0.040605,0.425926,0.05124,0.150463,0.035484,0.055556,0.023297,0.118056,0.031281,0.349537,0.050531,0.442222,0.042633,72
invariance_penalty_policy,contact_tail_shift,6,0.462963,0.042479,0.358796,0.045989,0.268519,0.04816,0.101852,0.03136,0.106481,0.029116,0.407407,0.051646,0.166667,0.040351,0.145833,0.040319,0.143519,0.03314,0.337963,0.050038,0.31713,0.050116,0.31713,0.046665,0.405093,0.046516,0.131944,0.030945,0.048611,0.021852,0.106481,0.026091,0.310185,0.05141,0.469676,0.044422,72
invariance_penalty_policy,contact_tail_shift,7,0.435185,0.045024,0.337963,0.039816,0.30787,0.050737,0.118056,0.027744,0.122685,0.030983,0.418981,0.045686,0.148148,0.029999,0.12037,0.03245,0.145833,0.033535,0.31713,0.050942,0.284722,0.037918,0.319444,0.040222,0.400463,0.044136,0.143519,0.032504,0.039352,0.01883,0.108796,0.029722,0.400463,0.054314,0.43434,0.045931,72
invariance_penalty_policy,contact_tail_shift,8,0.472222,0.050877,0.377315,0.050047,0.291667,0.044179,0.115741,0.030743,0.12963,0.029766,0.361111,0.044297,0.159722,0.033845,0.104167,0.024551,0.159722,0.031941,0.319444,0.041247,0.284722,0.043554,0.273148,0.034978,0.412037,0.047469,0.148148,0.027073,0.046296,0.018528,0.101852,0.029295,0.337963,0.058142,0.475718,0.054413,72
invariance_penalty_policy,contact_tail_shift,9,0.479167,0.045201,0.37037,0.047579,0.289352,0.04659,0.12037,0.028329,0.113426,0.03087,0.395833,0.048109,0.210648,0.038764,0.134259,0.033969,0.180556,0.038089,0.326389,0.048109,0.277778,0.044766,0.287037,0.039421,0.384259,0.042192,0.094907,0.03087,0.043981,0.020426,0.118056,0.036228,0.319444,0.052393,0.478102,0.046674,72
invariance_penalty_policy,cross_robot_morphology,0,0.44213,0.049276,0.372685,0.046814,0.314815,0.046394,0.131944,0.035353,0.127315,0.033258,0.407407,0.048304,0.162037,0.028876,0.131944,0.032907,0.148148,0.03136,0.296296,0.046244,0.298611,0.042339,0.273148,0.04252,0.356481,0.043008,0.122685,0.027408,0.071759,0.024026,0.127315,0.029955,0.328704,0.053661,0.442824,0.050971,72
invariance_penalty_policy,cross_robot_morphology,1,0.43287,0.051553,0.381944,0.049394,0.277778,0.045689,0.115741,0.028634,0.134259,0.032073,0.356481,0.03999,0.1875,0.035939,0.125,0.034645,0.19213,0.041201,0.293981,0.04212,0.337963,0.042846,0.321759,0.043978,0.391204,0.052157,0.157407,0.030913,0.053241,0.023141,0.111111,0.028896,0.363426,0.057548,0.426042,0.052264,72
invariance_penalty_policy,cross_robot_morphology,2,0.460648,0.046366,0.365741,0.044126,0.238426,0.040261,0.111111,0.032947,0.12037,0.030459,0.349537,0.043421,0.180556,0.034037,0.108796,0.03241,0.199074,0.035177,0.263889,0.041247,0.326389,0.050646,0.354167,0.043314,0.409722,0.047892,0.113426,0.02877,0.046296,0.017364,0.122685,0.029605,0.328704,0.058856,0.452442,0.050994,72
invariance_penalty_policy,cross_robot_morphology,3,0.472222,0.048782,0.321759,0.045838,0.300926,0.048196,0.101852,0.032018,0.113426,0.027281,0.430556,0.048675,0.150463,0.033048,0.138889,0.03419,0.164352,0.030644,0.303241,0.042531,0.319444,0.042738,0.280093,0.047405,0.384259,0.047322,0.162037,0.032289,0.071759,0.023141,0.138889,0.031654,0.305556,0.056698,0.478229,0.050211,72
invariance_penalty_policy,cross_robot_morphology,4,0.449074,0.044597,0.400463,0.044607,0.256944,0.041341,0.083333,0.024176,0.122685,0.032942,0.351852,0.041652,0.168981,0.037394,0.099537,0.027911,0.19213,0.038585,0.328704,0.046131,0.287037,0.043451,0.314815,0.038528,0.393519,0.04252,0.108796,0.026766,0.076389,0.024973,0.145833,0.032266,0.335648,0.055768,0.452454,0.047,72
invariance_penalty_policy,cross_robot_morphology,5,0.469907,0.04538,0.37963,0.038888,0.266204,0.044136,0.108796,0.026766,0.127315,0.031318,0.354167,0.05442,0.171296,0.036535,0.131944,0.031613,0.162037,0.033557,0.284722,0.041088,0.337963,0.041359,0.289352,0.037114,0.393519,0.043008,0.122685,0.03357,0.053241,0.019196,0.101852,0.028573,0.284722,0.054612,0.471389,0.048581,72
invariance_penalty_policy,cross_robot_morphology,6,0.469907,0.042037,0.361111,0.043344,0.303241,0.04445,0.125,0.031489,0.097222,0.030134,0.358796,0.045989,0.162037,0.037102,0.131944,0.033535,0.166667,0.038226,0.275463,0.050531,0.333333,0.043344,0.277778,0.04237,0.400463,0.042202,0.106481,0.02839,0.092593,0.027329,0.136574,0.033777,0.31713,0.052952,0.472708,0.044733,72
invariance_penalty_policy,cross_robot_morphology,7,0.451389,0.044503,0.365741,0.039111,0.263889,0.045114,0.097222,0.027222,0.087963,0.025823,0.351852,0.050281,0.159722,0.030606,0.155093,0.036737,0.159722,0.037918,0.321759,0.043019,0.243056,0.036515,0.314815,0.04215,0.384259,0.046432,0.131944,0.030945,0.081019,0.034186,0.175926,0.030913,0.324074,0.04787,0.45566,0.04772,72
invariance_penalty_policy,cross_robot_morphology,8,0.49537,0.046131,0.372685,0.044529,0.296296,0.042479,0.150463,0.034891,0.113426,0.02877,0.363426,0.043501,0.164352,0.033879,0.125,0.029433,0.166667,0.032947,0.30787,0.045533,0.321759,0.045838,0.303241,0.040001,0.368056,0.037083,0.122685,0.03357,0.071759,0.025705,0.118056,0.031941,0.303241,0.051011,0.489803,0.047935,72
invariance_penalty_policy,cross_robot_morphology,9,0.483796,0.043899,0.412037,0.047469,0.282407,0.047322,0.134259,0.030743,0.12963,0.033087,0.328704,0.041359,0.168981,0.032624,0.111111,0.028164,0.1875,0.037083,0.344907,0.043501,0.333333,0.044297,0.305556,0.040865,0.384259,0.044597,0.148148,0.032018,0.081019,0.030302,0.106481,0.030516,0.3125,0.050023,0.481019,0.04592,72
invariance_penalty_policy,embodiment_shift,0,0.451389,0.043072,0.363426,0.04538,0.270833,0.039003,0.092593,0.029531,0.101852,0.028573,0.354167,0.048325,0.171296,0.034779,0.136574,0.029839,0.178241,0.037301,0.361111,0.047481,0.377315,0.042367,0.303241,0.047184,0.388889,0.044766,0.131944,0.035353,0.053241,0.019196,0.113426,0.026505,0.333333,0.050877,0.453368,0.045654,72
invariance_penalty_policy,embodiment_shift,1,0.497685,0.044995,0.361111,0.043344,0.261574,0.049135,0.090278,0.028118,0.141204,0.034591,0.356481,0.04537,0.141204,0.03804,0.12963,0.033087,0.175926,0.042315,0.328704,0.039816,0.263889,0.041247,0.268519,0.042643,0.365741,0.049899,0.12963,0.038347,0.087963,0.025823,0.099537,0.030071,0.303241,0.047184,0.500729,0.049226,72
invariance_penalty_policy,embodiment_shift,2,0.458333,0.054349,0.400463,0.046888,0.287037,0.043451,0.115741,0.030057,0.113426,0.034084,0.400463,0.051553,0.168981,0.03626,0.12037,0.026814,0.162037,0.032929,0.319444,0.043224,0.303241,0.037301,0.300926,0.040164,0.37037,0.048877,0.127315,0.030644,0.043981,0.020426,0.143519,0.034376,0.337963,0.057782,0.462859,0.056742,72
invariance_penalty_policy,embodiment_shift,3,0.5,0.055206,0.305556,0.047481,0.24537,0.045676,0.115741,0.032717,0.108796,0.027535,0.400463,0.044607,0.171296,0.032929,0.125,0.032145,0.178241,0.033153,0.280093,0.038675,0.287037,0.040466,0.280093,0.034691,0.384259,0.044126,0.111111,0.025845,0.076389,0.026592,0.115741,0.027896,0.3125,0.063944,0.498507,0.055985,72
invariance_penalty_policy,embodiment_shift,4,0.460648,0.046814,0.361111,0.047039,0.289352,0.04382,0.101852,0.032018,0.101852,0.029295,0.391204,0.042449,0.155093,0.03053,0.125,0.029433,0.166667,0.035975,0.356481,0.041021,0.314815,0.043611,0.30787,0.042202,0.423611,0.055559,0.12037,0.029056,0.069444,0.024815,0.131944,0.034758,0.333333,0.054444,0.471181,0.048181,72
invariance_penalty_policy,embodiment_shift,5,0.511574,0.051823,0.393519,0.041021,0.280093,0.04326,0.134259,0.035177,0.104167,0.026196,0.335648,0.047697,0.178241,0.033777,0.12037,0.033087,0.138889,0.03539,0.277778,0.044766,0.300926,0.047761,0.326389,0.042092,0.421296,0.05168,0.143519,0.030516,0.060185,0.01971,0.094907,0.028035,0.300926,0.057662,0.513553,0.055223,72
invariance_penalty_policy,embodiment_shift,6,0.490741,0.046093,0.351852,0.04215,0.25,0.040865,0.097222,0.027979,0.115741,0.029354,0.349537,0.047988,0.152778,0.03583,0.115741,0.027896,0.1875,0.033535,0.25463,0.037661,0.293981,0.043099,0.310185,0.038392,0.409722,0.042829,0.125,0.034037,0.087963,0.026619,0.155093,0.034389,0.273148,0.053401,0.492928,0.048458,72
invariance_penalty_policy,embodiment_shift,7,0.479167,0.049182,0.37963,0.040979,0.296296,0.040466,0.106481,0.026879,0.122685,0.027408,0.356481,0.043968,0.12963,0.029766,0.12963,0.033087,0.138889,0.031654,0.298611,0.050439,0.277778,0.040865,0.340278,0.041593,0.395833,0.040059,0.131944,0.029566,0.085648,0.027408,0.152778,0.037537,0.282407,0.061515,0.484618,0.051721,72
invariance_penalty_policy,embodiment_shift,8,0.460648,0.045457,0.375,0.049945,0.289352,0.040348,0.115741,0.025552,0.101852,0.028573,0.423611,0.047454,0.178241,0.046291,0.115741,0.028634,0.175926,0.038708,0.268519,0.039066,0.310185,0.041021,0.261574,0.044215,0.384259,0.044126,0.152778,0.032145,0.069444,0.024815,0.111111,0.030306,0.358796,0.051957,0.466667,0.048217,72
invariance_penalty_policy,embodiment_shift,9,0.486111,0.045114,0.391204,0.049698,0.287037,0.047579,0.078704,0.024152,0.099537,0.027911,0.344907,0.042531,0.12037,0.026814,0.099537,0.027153,0.157407,0.031581,0.273148,0.038932,0.31713,0.044372,0.268519,0.04215,0.425926,0.04699,0.138889,0.032947,0.053241,0.019196,0.115741,0.027896,0.300926,0.049055,0.505081,0.048606,72
invariance_penalty_policy,heldout_exception_composition,0,0.423611,0.04566,0.298611,0.046115,0.277778,0.040351,0.087963,0.025002,0.113426,0.031539,0.324074,0.046544,0.150463,0.029722,0.159722,0.035647,0.166667,0.034796,0.344907,0.040001,0.331019,0.047258,0.335648,0.044995,0.381944,0.041593,0.162037,0.032289,0.055556,0.023297,0.12963,0.0318,0.31713,0.055266,0.418102,0.046952,72
invariance_penalty_policy,heldout_exception_composition,1,0.465278,0.050023,0.368056,0.047012,0.296296,0.041985,0.106481,0.029116,0.150463,0.036068,0.421296,0.047469,0.194444,0.039303,0.157407,0.035325,0.141204,0.030071,0.319444,0.046928,0.310185,0.04537,0.349537,0.045762,0.375,0.045574,0.155093,0.035582,0.055556,0.020433,0.092593,0.027329,0.300926,0.058738,0.462072,0.052959,72
invariance_penalty_policy,heldout_exception_composition,2,0.469907,0.051418,0.342593,0.047432,0.261574,0.04326,0.104167,0.027744,0.143519,0.03314,0.363426,0.043019,0.148148,0.032664,0.145833,0.033535,0.166667,0.03419,0.321759,0.037301,0.333333,0.046143,0.296296,0.043451,0.310185,0.043968,0.131944,0.030945,0.046296,0.019622,0.12963,0.030459,0.314815,0.06046,0.46147,0.053868,72
invariance_penalty_policy,heldout_exception_composition,3,0.453704,0.052976,0.351852,0.046394,0.293981,0.049417,0.111111,0.02961,0.118056,0.030606,0.381944,0.040059,0.196759,0.039476,0.143519,0.034376,0.164352,0.037948,0.280093,0.046065,0.289352,0.040348,0.3125,0.04566,0.368056,0.050439,0.152778,0.036408,0.06713,0.023881,0.104167,0.026982,0.326389,0.061106,0.449178,0.055411,72
invariance_penalty_policy,heldout_exception_composition,4,0.395833,0.047233,0.358796,0.038585,0.291667,0.043704,0.111111,0.028896,0.094907,0.024026,0.337963,0.043331,0.159722,0.0368,0.143519,0.03314,0.185185,0.038528,0.3125,0.032266,0.326389,0.045888,0.280093,0.040261,0.393519,0.043968,0.208333,0.03583,0.053241,0.02222,0.111111,0.030306,0.363426,0.058981,0.398773,0.049964,72
invariance_penalty_policy,heldout_exception_composition,5,0.453704,0.046693,0.37037,0.045332,0.293981,0.042612,0.113426,0.029487,0.127315,0.032624,0.354167,0.046115,0.166667,0.036551,0.145833,0.034758,0.1875,0.037641,0.275463,0.038313,0.314815,0.041148,0.337963,0.042356,0.365741,0.049899,0.138889,0.032947,0.06713,0.02299,0.12963,0.033087,0.3125,0.053648,0.445521,0.050637,72
invariance_penalty_policy,heldout_exception_composition,6,0.418981,0.050047,0.349537,0.038854,0.261574,0.038131,0.125,0.028715,0.131944,0.034758,0.361111,0.046143,0.152778,0.034645,0.127315,0.029955,0.173611,0.0368,0.314815,0.04215,0.358796,0.041201,0.268519,0.033918,0.384259,0.045063,0.171296,0.039288,0.081019,0.02584,0.141204,0.03804,0.377315,0.064934,0.41706,0.051875,72
invariance_penalty_policy,heldout_exception_composition,7,0.458333,0.053963,0.356481,0.048913,0.296296,0.043451,0.134259,0.032717,0.099537,0.026373,0.405093,0.03758,0.175926,0.033505,0.127315,0.033258,0.168981,0.033879,0.270833,0.041593,0.275463,0.040947,0.310185,0.048484,0.310185,0.04537,0.143519,0.041527,0.060185,0.025278,0.12037,0.029056,0.3125,0.059549,0.451933,0.057225,72
invariance_penalty_policy,heldout_exception_composition,8,0.4375,0.047673,0.333333,0.04523,0.233796,0.040175,0.101852,0.029999,0.134259,0.033349,0.349537,0.04711,0.166667,0.033574,0.157407,0.034122,0.159722,0.032588,0.296296,0.044401,0.296296,0.040466,0.303241,0.042037,0.356481,0.049338,0.122685,0.032942,0.074074,0.024932,0.138889,0.032307,0.331019,0.05688,0.431863,0.052014,72
invariance_penalty_policy,heldout_exception_composition,9,0.43287,0.042202,0.375,0.043224,0.247685,0.038222,0.125,0.029433,0.138889,0.03419,0.375,0.037537,0.148148,0.029999,0.143519,0.029116,0.138889,0.035975,0.30787,0.03804,0.328704,0.037102,0.335648,0.04212,0.375,0.043704,0.148148,0.030687,0.05787,0.020595,0.12037,0.029056,0.3125,0.052068,0.43022,0.042329,72
invariance_penalty_policy,nominal_scaling,0,0.578704,0.045217,0.388889,0.043823,0.263889,0.038089,0.069444,0.023072,0.12963,0.034929,0.393519,0.044441,0.141204,0.033982,0.12037,0.03245,0.168981,0.037394,0.321759,0.053017,0.256944,0.041843,0.284722,0.037363,0.474537,0.050737,0.12037,0.027582,0.037037,0.019622,0.076389,0.023241,0.252315,0.051283,0.60059,0.046689,72
invariance_penalty_policy,nominal_scaling,1,0.550926,0.04598,0.377315,0.047478,0.217593,0.042192,0.111111,0.025845,0.094907,0.026505,0.375,0.044179,0.138889,0.034796,0.090278,0.027366,0.152778,0.034037,0.340278,0.042585,0.24537,0.039288,0.270833,0.045888,0.423611,0.046566,0.152778,0.031489,0.050926,0.02006,0.099537,0.027911,0.277778,0.052492,0.565116,0.048297,72
invariance_penalty_policy,nominal_scaling,2,0.597222,0.050774,0.398148,0.044558,0.206019,0.039564,0.090278,0.027366,0.115741,0.024722,0.377315,0.047916,0.127315,0.033258,0.085648,0.025019,0.145833,0.034758,0.335648,0.044995,0.268519,0.040121,0.310185,0.041021,0.444444,0.047919,0.108796,0.028283,0.048611,0.018769,0.101852,0.027073,0.275463,0.054506,0.613808,0.051952,72
invariance_penalty_policy,nominal_scaling,3,0.590278,0.044267,0.409722,0.050023,0.256944,0.042829,0.097222,0.030819,0.06713,0.024739,0.395833,0.043072,0.155093,0.033777,0.108796,0.029722,0.155093,0.034389,0.326389,0.047673,0.256944,0.041341,0.333333,0.045689,0.418981,0.050874,0.106481,0.029824,0.043981,0.018268,0.108796,0.028283,0.256944,0.047012,0.607234,0.047405,72
invariance_penalty_policy,nominal_scaling,4,0.527778,0.04237,0.405093,0.046516,0.238426,0.047405,0.087963,0.026619,0.111111,0.027413,0.400463,0.046888,0.131944,0.033535,0.115741,0.032073,0.159722,0.0368,0.358796,0.045989,0.282407,0.041694,0.337963,0.04381,0.4375,0.052268,0.127315,0.03449,0.043981,0.021423,0.101852,0.024651,0.275463,0.050942,0.545069,0.045074,72
invariance_penalty_policy,nominal_scaling,5,0.548611,0.039535,0.391204,0.050942,0.268519,0.041652,0.060185,0.024439,0.12963,0.029766,0.354167,0.045201,0.134259,0.029354,0.097222,0.027222,0.166667,0.036551,0.280093,0.042284,0.238426,0.038675,0.305556,0.04523,0.414352,0.048779,0.127315,0.036832,0.034722,0.015744,0.085648,0.027408,0.261574,0.046962,0.564444,0.043407,72
invariance_penalty_policy,nominal_scaling,6,0.564815,0.050281,0.423611,0.048755,0.25,0.040865,0.074074,0.025756,0.085648,0.029605,0.409722,0.048755,0.148148,0.036296,0.127315,0.033879,0.152778,0.036408,0.358796,0.051553,0.268519,0.043611,0.321759,0.048922,0.423611,0.045201,0.127315,0.027786,0.039352,0.017687,0.115741,0.034578,0.289352,0.054442,0.586204,0.053409,72
invariance_penalty_policy,nominal_scaling,7,0.574074,0.05124,0.407407,0.04699,0.238426,0.040776,0.076389,0.024122,0.090278,0.024973,0.377315,0.047916,0.12037,0.0318,0.115741,0.027896,0.152778,0.033418,0.347222,0.050774,0.303241,0.047184,0.305556,0.049208,0.402778,0.048244,0.127315,0.036832,0.053241,0.023141,0.064815,0.023789,0.273148,0.058974,0.594248,0.053666,72
invariance_penalty_policy,nominal_scaling,8,0.585648,0.049205,0.37037,0.050142,0.206019,0.037948,0.076389,0.024122,0.106481,0.032504,0.365741,0.045523,0.12963,0.028329,0.111111,0.033574,0.145833,0.034152,0.296296,0.043929,0.263889,0.039699,0.319444,0.04781,0.386574,0.046962,0.155093,0.029839,0.048611,0.01985,0.099537,0.027153,0.25,0.049631,0.597106,0.049135,72
invariance_penalty_policy,nominal_scaling,9,0.555556,0.040865,0.421296,0.045217,0.247685,0.037672,0.101852,0.027073,0.12037,0.033087,0.476852,0.04537,0.118056,0.028487,0.134259,0.035177,0.136574,0.029131,0.377315,0.041369,0.282407,0.04068,0.261574,0.040776,0.451389,0.044503,0.125,0.034037,0.043981,0.017087,0.092593,0.027329,0.291667,0.046481,0.586181,0.041807,72
invariance_penalty_policy,recovery_scarcity,0,0.453704,0.045332,0.363426,0.048061,0.282407,0.045063,0.104167,0.028487,0.106481,0.029824,0.407407,0.045638,0.138889,0.030988,0.12963,0.036104,0.19213,0.039122,0.289352,0.043341,0.300926,0.044126,0.273148,0.038392,0.375,0.043704,0.145833,0.034152,0.0625,0.024551,0.122685,0.032302,0.303241,0.056818,0.463461,0.046723,72
invariance_penalty_policy,recovery_scarcity,1,0.425926,0.050003,0.375,0.04603,0.280093,0.040261,0.087963,0.027392,0.122685,0.027408,0.372685,0.043581,0.178241,0.034389,0.134259,0.030057,0.1875,0.037083,0.284722,0.044031,0.305556,0.044766,0.280093,0.045609,0.37037,0.044401,0.152778,0.038633,0.043981,0.018268,0.12037,0.030459,0.356481,0.053791,0.428009,0.052925,72
invariance_penalty_policy,recovery_scarcity,2,0.462963,0.044401,0.375,0.045114,0.268519,0.036296,0.108796,0.034891,0.106481,0.031193,0.365741,0.047761,0.196759,0.036737,0.125,0.03583,0.157407,0.036487,0.349537,0.040434,0.25463,0.042356,0.296296,0.043929,0.384259,0.041694,0.148148,0.034528,0.050926,0.02006,0.143519,0.03314,0.321759,0.051418,0.462824,0.046847,72
invariance_penalty_policy,recovery_scarcity,3,0.469907,0.047624,0.354167,0.044267,0.277778,0.04286,0.115741,0.027896,0.127315,0.033258,0.386574,0.042775,0.168981,0.037948,0.12963,0.035521,0.173611,0.039003,0.324074,0.040294,0.363426,0.04674,0.303241,0.044918,0.393519,0.045828,0.155093,0.032517,0.0625,0.021852,0.12963,0.03245,0.328704,0.058856,0.470035,0.048954,72
invariance_penalty_policy,recovery_scarcity,4,0.416667,0.04523,0.356481,0.04252,0.231481,0.040638,0.113426,0.027281,0.136574,0.029839,0.368056,0.045201,0.159722,0.035647,0.134259,0.035177,0.1875,0.035353,0.289352,0.047916,0.300926,0.045523,0.277778,0.040351,0.402778,0.049102,0.127315,0.031318,0.06713,0.023881,0.118056,0.028487,0.37963,0.053759,0.41537,0.047739,72
invariance_penalty_policy,recovery_scarcity,5,0.474537,0.042202,0.354167,0.044737,0.270833,0.040577,0.111111,0.028164,0.099537,0.027911,0.340278,0.050232,0.185185,0.034528,0.108796,0.025974,0.199074,0.038028,0.349537,0.052556,0.314815,0.043611,0.296296,0.049724,0.384259,0.047322,0.127315,0.031978,0.053241,0.02126,0.148148,0.033918,0.333333,0.046594,0.469491,0.042935,72
invariance_penalty_policy,recovery_scarcity,6,0.428241,0.045609,0.400463,0.048205,0.238426,0.042284,0.113426,0.03087,0.097222,0.025643,0.368056,0.054036,0.143519,0.036725,0.150463,0.036642,0.157407,0.031581,0.358796,0.048205,0.337963,0.050865,0.270833,0.041088,0.414352,0.04659,0.134259,0.032717,0.046296,0.017364,0.150463,0.034288,0.326389,0.055371,0.442465,0.048805,72
invariance_penalty_policy,recovery_scarcity,7,0.469907,0.046291,0.349537,0.046216,0.261574,0.042284,0.118056,0.031941,0.106481,0.02839,0.358796,0.046441,0.180556,0.034645,0.157407,0.034122,0.18287,0.038313,0.342593,0.049161,0.310185,0.04673,0.31713,0.04484,0.395833,0.048109,0.152778,0.036408,0.055556,0.019384,0.115741,0.033349,0.300926,0.058023,0.46625,0.050049,72
invariance_penalty_policy,recovery_scarcity,8,0.444444,0.046143,0.375,0.044179,0.266204,0.04318,0.115741,0.036344,0.090278,0.029566,0.298611,0.046115,0.148148,0.033918,0.138889,0.030306,0.164352,0.037394,0.3125,0.042339,0.284722,0.044503,0.298611,0.044267,0.384259,0.048627,0.127315,0.03449,0.053241,0.020254,0.131944,0.034152,0.328704,0.052481,0.446586,0.04905,72
invariance_penalty_policy,recovery_scarcity,9,0.462963,0.049724,0.384259,0.048196,0.25463,0.043331,0.087963,0.028876,0.150463,0.033673,0.335648,0.047697,0.162037,0.033557,0.125,0.031489,0.173611,0.033845,0.347222,0.044179,0.305556,0.04286,0.270833,0.037918,0.391204,0.050116,0.152778,0.037537,0.043981,0.021423,0.125,0.030134,0.347222,0.056974,0.463924,0.051025,72
invariance_penalty_policy,shortcut_shift,0,0.458333,0.03917,0.365741,0.042192,0.259259,0.046544,0.094907,0.026505,0.12037,0.031137,0.381944,0.040577,0.141204,0.031429,0.125,0.030819,0.168981,0.031318,0.298611,0.043793,0.3125,0.042339,0.31713,0.042938,0.416667,0.049208,0.150463,0.031095,0.064815,0.023789,0.145833,0.028118,0.328704,0.054816,0.464803,0.041636,72
invariance_penalty_policy,shortcut_shift,1,0.525463,0.046441,0.358796,0.045072,0.25,0.039831,0.078704,0.027392,0.136574,0.033777,0.391204,0.050531,0.141204,0.034591,0.155093,0.032517,0.196759,0.04052,0.298611,0.035939,0.247685,0.045226,0.293981,0.036832,0.391204,0.044372,0.148148,0.032018,0.037037,0.017364,0.118056,0.026982,0.25463,0.049197,0.533287,0.05035,72
invariance_penalty_policy,shortcut_shift,2,0.460648,0.04212,0.344907,0.038404,0.259259,0.044714,0.094907,0.030187,0.094907,0.026505,0.386574,0.041285,0.150463,0.031095,0.122685,0.030983,0.171296,0.039816,0.289352,0.042367,0.300926,0.041694,0.3125,0.043314,0.377315,0.052886,0.171296,0.035959,0.055556,0.023297,0.111111,0.02961,0.337963,0.053271,0.464167,0.04343,72
invariance_penalty_policy,shortcut_shift,3,0.467593,0.043651,0.361111,0.039831,0.252315,0.037672,0.094907,0.02877,0.118056,0.033223,0.391204,0.046216,0.166667,0.036551,0.155093,0.035582,0.131944,0.032266,0.344907,0.042037,0.298611,0.046566,0.305556,0.041874,0.37963,0.046244,0.141204,0.030071,0.046296,0.021645,0.108796,0.029722,0.3125,0.047892,0.472755,0.045297,72
invariance_penalty_policy,shortcut_shift,4,0.483796,0.042938,0.398148,0.044558,0.25,0.044297,0.085648,0.023291,0.106481,0.031193,0.386574,0.047405,0.152778,0.036408,0.134259,0.032717,0.171296,0.028876,0.284722,0.043554,0.273148,0.041527,0.282407,0.039641,0.377315,0.042367,0.12037,0.030459,0.050926,0.021075,0.12963,0.030459,0.287037,0.050968,0.49691,0.04553,72
invariance_penalty_policy,shortcut_shift,5,0.43287,0.045533,0.340278,0.037918,0.259259,0.042806,0.092593,0.024932,0.127315,0.032624,0.395833,0.046789,0.148148,0.032664,0.113426,0.026505,0.162037,0.032289,0.349537,0.039388,0.280093,0.045149,0.303241,0.041537,0.363426,0.052224,0.145833,0.032266,0.050926,0.02006,0.078704,0.024152,0.37037,0.055666,0.432535,0.045974,72
invariance_penalty_policy,shortcut_shift,6,0.465278,0.049604,0.395833,0.046789,0.300926,0.047322,0.115741,0.030057,0.094907,0.030187,0.342593,0.048304,0.150463,0.035484,0.118056,0.032588,0.159722,0.034456,0.287037,0.040979,0.284722,0.046789,0.303241,0.033777,0.388889,0.052492,0.118056,0.028487,0.055556,0.023297,0.118056,0.02921,0.321759,0.053799,0.471296,0.05415,72
invariance_penalty_policy,shortcut_shift,7,0.50463,0.04834,0.361111,0.050465,0.287037,0.044869,0.06713,0.023881,0.138889,0.032947,0.384259,0.040164,0.134259,0.034578,0.131944,0.029566,0.18287,0.037207,0.280093,0.044685,0.324074,0.037055,0.328704,0.047469,0.37037,0.042479,0.138889,0.033574,0.050926,0.021075,0.115741,0.027137,0.289352,0.050047,0.508657,0.051201,72
invariance_penalty_policy,shortcut_shift,8,0.469907,0.04445,0.386574,0.046065,0.273148,0.040509,0.078704,0.025823,0.12963,0.03245,0.351852,0.048592,0.12963,0.031137,0.118056,0.027744,0.171296,0.040337,0.298611,0.041843,0.324074,0.039772,0.270833,0.048109,0.354167,0.048755,0.148148,0.033297,0.05787,0.023439,0.113426,0.029487,0.275463,0.046665,0.479028,0.046831,72
invariance_penalty_policy,shortcut_shift,9,0.460648,0.045457,0.386574,0.042775,0.256944,0.043793,0.111111,0.031654,0.127315,0.032624,0.405093,0.046065,0.136574,0.029839,0.125,0.031489,0.185185,0.038528,0.326389,0.041593,0.326389,0.044031,0.259259,0.040294,0.398148,0.04313,0.162037,0.034173,0.046296,0.018528,0.131944,0.031613,0.300926,0.051545,0.471424,0.045838,72
large_behavior_clone,combined_exception_stress,0,0.212963,0.044869,0.166667,0.034796,0.372685,0.051486,0.162037,0.030969,0.266204,0.042202,0.219907,0.03758,0.273148,0.043008,0.261574,0.036452,0.159722,0.034456,0.375,0.040222,0.483796,0.038854,0.4375,0.046789,0.196759,0.043019,0.3125,0.046115,0.113426,0.029487,0.166667,0.034796,0.541667,0.058777,0.142118,0.039177,72
large_behavior_clone,combined_exception_stress,1,0.217593,0.046432,0.18287,0.034288,0.344907,0.04674,0.152778,0.034645,0.24537,0.038211,0.24537,0.041359,0.240741,0.041317,0.25463,0.045217,0.189815,0.040509,0.319444,0.042738,0.456019,0.04659,0.416667,0.050465,0.18287,0.035484,0.30787,0.047331,0.148148,0.035717,0.173611,0.034456,0.509259,0.057752,0.163113,0.041667,72
large_behavior_clone,combined_exception_stress,2,0.243056,0.044737,0.185185,0.039597,0.375,0.047371,0.185185,0.038528,0.25463,0.039816,0.238426,0.040261,0.203704,0.038347,0.275463,0.041954,0.155093,0.028405,0.365741,0.048196,0.435185,0.048592,0.418981,0.047036,0.194444,0.034796,0.282407,0.040164,0.106481,0.029824,0.18287,0.033048,0.509259,0.055916,0.176505,0.041708,72
large_behavior_clone,combined_exception_stress,3,0.222222,0.04523,0.166667,0.035975,0.358796,0.049064,0.18287,0.040947,0.25463,0.036535,0.226852,0.043968,0.270833,0.039535,0.287037,0.037799,0.150463,0.034891,0.356481,0.048052,0.428241,0.046962,0.486111,0.044179,0.19213,0.03804,0.270833,0.042092,0.111111,0.031654,0.194444,0.035975,0.534722,0.059197,0.15728,0.03975,72
large_behavior_clone,combined_exception_stress,4,0.261574,0.04326,0.143519,0.032504,0.363426,0.043501,0.18287,0.037207,0.233796,0.039652,0.247685,0.042367,0.236111,0.038089,0.273148,0.047175,0.189815,0.041527,0.372685,0.045457,0.456019,0.049628,0.453704,0.047138,0.178241,0.034991,0.284722,0.044969,0.118056,0.032588,0.19213,0.036926,0.511574,0.056818,0.181539,0.04034,72
large_behavior_clone,combined_exception_stress,5,0.233796,0.045072,0.185185,0.040638,0.37037,0.045332,0.196759,0.04445,0.252315,0.042367,0.231481,0.044558,0.212963,0.037799,0.287037,0.041985,0.196759,0.033777,0.356481,0.039465,0.465278,0.046566,0.400463,0.049064,0.210648,0.045226,0.293981,0.04212,0.078704,0.024152,0.152778,0.038089,0.497685,0.056141,0.170197,0.040927,72
large_behavior_clone,combined_exception_stress,6,0.215278,0.039003,0.206019,0.040088,0.402778,0.046481,0.206019,0.039033,0.252315,0.040862,0.212963,0.034326,0.266204,0.035777,0.224537,0.035484,0.168981,0.041116,0.328704,0.04381,0.467593,0.040164,0.421296,0.049197,0.201389,0.03927,0.298611,0.039798,0.085648,0.023291,0.19213,0.03804,0.555556,0.056698,0.141644,0.034924,72
large_behavior_clone,combined_exception_stress,7,0.212963,0.037242,0.175926,0.036487,0.356481,0.048052,0.226852,0.036152,0.247685,0.042367,0.194444,0.037118,0.229167,0.043554,0.266204,0.040175,0.194444,0.03539,0.333333,0.039831,0.43287,0.049907,0.393519,0.044908,0.210648,0.036547,0.310185,0.043008,0.118056,0.030606,0.171296,0.034779,0.523148,0.061402,0.137465,0.033504,72
large_behavior_clone,combined_exception_stress,8,0.25463,0.042846,0.150463,0.034288,0.405093,0.052423,0.173611,0.033223,0.256944,0.038735,0.196759,0.038944,0.270833,0.047233,0.224537,0.039388,0.131944,0.029566,0.361111,0.047919,0.469907,0.04052,0.363426,0.04538,0.206019,0.03568,0.303241,0.041032,0.106481,0.031193,0.171296,0.037661,0.502315,0.053864,0.180058,0.038823,72
large_behavior_clone,combined_exception_stress,9,0.236111,0.04603,0.173611,0.039003,0.310185,0.048052,0.1875,0.03927,0.24537,0.044284,0.210648,0.038764,0.199074,0.041694,0.231481,0.037982,0.138889,0.034796,0.321759,0.039476,0.483796,0.050531,0.44213,0.043899,0.180556,0.034037,0.310185,0.043491,0.12963,0.03245,0.180556,0.038633,0.527778,0.059571,0.169664,0.044122,72
large_behavior_clone,contact_tail_shift,0,0.296296,0.050968,0.178241,0.032517,0.349537,0.043421,0.162037,0.034779,0.222222,0.037118,0.293981,0.043099,0.217593,0.040164,0.236111,0.044179,0.159722,0.038464,0.412037,0.047907,0.386574,0.047843,0.400463,0.049907,0.203704,0.040466,0.231481,0.039597,0.076389,0.024973,0.134259,0.033969,0.50463,0.065884,0.23537,0.050642,72
large_behavior_clone,contact_tail_shift,1,0.326389,0.045888,0.212963,0.036104,0.328704,0.041861,0.168981,0.033879,0.208333,0.044649,0.268519,0.042643,0.226852,0.038392,0.217593,0.039111,0.143519,0.036725,0.381944,0.045888,0.418981,0.047916,0.418981,0.042856,0.233796,0.040175,0.256944,0.041341,0.106481,0.025278,0.145833,0.037641,0.453704,0.062386,0.265231,0.045942,72
large_behavior_clone,contact_tail_shift,2,0.310185,0.044441,0.219907,0.041285,0.356481,0.041021,0.210648,0.03165,0.196759,0.041537,0.252315,0.038764,0.208333,0.034645,0.238426,0.040776,0.148148,0.033297,0.388889,0.050877,0.388889,0.044297,0.405093,0.052024,0.252315,0.038764,0.277778,0.044766,0.083333,0.024176,0.141204,0.030758,0.462963,0.057872,0.250382,0.044044,72
large_behavior_clone,contact_tail_shift,3,0.361111,0.048782,0.18287,0.033673,0.388889,0.050465,0.122685,0.030983,0.231481,0.037429,0.229167,0.033845,0.233796,0.047331,0.224537,0.040947,0.136574,0.03053,0.337963,0.045217,0.363426,0.042037,0.421296,0.044753,0.217593,0.038028,0.226852,0.044908,0.097222,0.027222,0.171296,0.032929,0.4375,0.053842,0.290937,0.04912,72
large_behavior_clone,contact_tail_shift,4,0.337963,0.040851,0.185185,0.040638,0.388889,0.046594,0.173611,0.040059,0.1875,0.036515,0.210648,0.037114,0.243056,0.044267,0.277778,0.040865,0.157407,0.032876,0.391204,0.043899,0.416667,0.050877,0.402778,0.045574,0.231481,0.035717,0.252315,0.041369,0.106481,0.029116,0.189815,0.03999,0.453704,0.051376,0.270463,0.038782,72
large_behavior_clone,contact_tail_shift,5,0.321759,0.051011,0.203704,0.040466,0.377315,0.04382,0.199074,0.036344,0.252315,0.039299,0.243056,0.043314,0.206019,0.03449,0.229167,0.035647,0.159722,0.034456,0.372685,0.043099,0.423611,0.046115,0.444444,0.050465,0.252315,0.039827,0.240741,0.040294,0.092593,0.023197,0.141204,0.030758,0.467593,0.061175,0.253194,0.051137,72
large_behavior_clone,contact_tail_shift,6,0.326389,0.045431,0.185185,0.037429,0.344907,0.046291,0.206019,0.037394,0.222222,0.041874,0.243056,0.040319,0.24537,0.04381,0.168981,0.03568,0.180556,0.041247,0.368056,0.044267,0.381944,0.042585,0.400463,0.044607,0.201389,0.036515,0.277778,0.039303,0.090278,0.027366,0.164352,0.038494,0.435185,0.051915,0.250683,0.044075,72
large_behavior_clone,contact_tail_shift,7,0.3125,0.046566,0.19213,0.034591,0.381944,0.037918,0.148148,0.032664,0.224537,0.036068,0.263889,0.03583,0.226852,0.037289,0.261574,0.044215,0.189815,0.03999,0.372685,0.044529,0.402778,0.046928,0.421296,0.045217,0.201389,0.037083,0.219907,0.03758,0.087963,0.023272,0.162037,0.038211,0.518519,0.059765,0.244178,0.045066,72
large_behavior_clone,contact_tail_shift,8,0.331019,0.048993,0.208333,0.038633,0.337963,0.050038,0.201389,0.039798,0.215278,0.034456,0.236111,0.044649,0.196759,0.03053,0.268519,0.041652,0.157407,0.035325,0.331019,0.045457,0.391204,0.039388,0.414352,0.051283,0.189815,0.036725,0.256944,0.043793,0.081019,0.027408,0.168981,0.03509,0.456019,0.061973,0.259687,0.047415,72
large_behavior_clone,contact_tail_shift,9,0.321759,0.04538,0.199074,0.039641,0.331019,0.041621,0.196759,0.041032,0.189815,0.03314,0.238426,0.040261,0.19213,0.035189,0.229167,0.041593,0.168981,0.03626,0.358796,0.045989,0.354167,0.047892,0.405093,0.047843,0.238426,0.040776,0.233796,0.042202,0.087963,0.026619,0.148148,0.035717,0.472222,0.052093,0.255058,0.046224,72
large_behavior_clone,cross_robot_morphology,0,0.30787,0.044136,0.222222,0.04286,0.344907,0.039476,0.189815,0.041527,0.222222,0.040865,0.240741,0.038708,0.1875,0.038735,0.25463,0.035959,0.143519,0.034978,0.365741,0.040164,0.412037,0.054434,0.479167,0.04566,0.210648,0.04659,0.298611,0.045201,0.111111,0.02961,0.148148,0.030687,0.449074,0.059444,0.237153,0.047208,72
large_behavior_clone,cross_robot_morphology,1,0.321759,0.049768,0.222222,0.043823,0.335648,0.049838,0.148148,0.032018,0.222222,0.037118,0.215278,0.040059,0.194444,0.038768,0.240741,0.04377,0.134259,0.030743,0.391204,0.050531,0.391204,0.042938,0.4375,0.040577,0.206019,0.041116,0.226852,0.044441,0.097222,0.030134,0.173611,0.034456,0.469907,0.05645,0.25765,0.049788,72
large_behavior_clone,cross_robot_morphology,2,0.300926,0.035765,0.208333,0.042738,0.349537,0.048421,0.185185,0.037429,0.229167,0.036228,0.222222,0.041874,0.222222,0.038226,0.24537,0.040851,0.134259,0.034578,0.335648,0.044529,0.416667,0.044297,0.430556,0.044649,0.25,0.040865,0.310185,0.048052,0.115741,0.032073,0.145833,0.030263,0.474537,0.046441,0.22912,0.033885,72
large_behavior_clone,cross_robot_morphology,3,0.333333,0.056329,0.206019,0.03626,0.347222,0.038633,0.155093,0.033153,0.185185,0.033918,0.203704,0.036104,0.18287,0.035484,0.231481,0.045942,0.185185,0.034528,0.354167,0.042339,0.398148,0.049864,0.412037,0.050038,0.1875,0.038192,0.275463,0.04711,0.131944,0.030263,0.178241,0.034991,0.444444,0.067148,0.2786,0.054608,72
large_behavior_clone,cross_robot_morphology,4,0.305556,0.04286,0.194444,0.03419,0.349537,0.05135,0.150463,0.034891,0.215278,0.039003,0.293981,0.045457,0.252315,0.036547,0.236111,0.045114,0.157407,0.033505,0.358796,0.051147,0.435185,0.047285,0.421296,0.043331,0.25463,0.034779,0.233796,0.042694,0.136574,0.031869,0.155093,0.038944,0.469907,0.060034,0.24228,0.043455,72
large_behavior_clone,cross_robot_morphology,5,0.335648,0.047258,0.233796,0.045533,0.310185,0.037289,0.127315,0.03449,0.212963,0.036104,0.259259,0.039244,0.256944,0.040319,0.231481,0.037429,0.185185,0.036296,0.393519,0.049338,0.37037,0.046693,0.446759,0.049977,0.233796,0.035777,0.275463,0.040947,0.131944,0.035939,0.168981,0.039033,0.400463,0.054697,0.272396,0.046212,72
large_behavior_clone,cross_robot_morphology,6,0.314815,0.044087,0.210648,0.035386,0.337963,0.042356,0.157407,0.035325,0.210648,0.035971,0.19213,0.03804,0.201389,0.031613,0.25463,0.040337,0.157407,0.032235,0.354167,0.049604,0.423611,0.047012,0.4375,0.045888,0.229167,0.040577,0.24537,0.040851,0.125,0.031489,0.19213,0.035189,0.467593,0.057662,0.24713,0.042878,72
large_behavior_clone,cross_robot_morphology,7,0.31713,0.04484,0.206019,0.03568,0.331019,0.043099,0.194444,0.038768,0.210648,0.043341,0.215278,0.031941,0.233796,0.042694,0.261574,0.042284,0.145833,0.033535,0.377315,0.04614,0.44213,0.049698,0.377315,0.04659,0.226852,0.037845,0.300926,0.045063,0.155093,0.034389,0.162037,0.041861,0.449074,0.052349,0.245035,0.044137,72
large_behavior_clone,cross_robot_morphology,8,0.284722,0.043072,0.189815,0.037845,0.319444,0.046928,0.136574,0.035582,0.212963,0.037242,0.185185,0.036296,0.226852,0.03999,0.226852,0.044441,0.162037,0.032289,0.340278,0.038464,0.405093,0.049558,0.386574,0.044215,0.229167,0.043072,0.231481,0.04313,0.125,0.034645,0.143519,0.031855,0.493056,0.059021,0.219317,0.040323,72
large_behavior_clone,cross_robot_morphology,9,0.31713,0.051755,0.203704,0.035521,0.328704,0.044284,0.168981,0.03568,0.226852,0.040509,0.219907,0.04374,0.224537,0.035484,0.247685,0.038764,0.148148,0.032018,0.421296,0.044753,0.453704,0.048877,0.384259,0.043651,0.231481,0.037429,0.231481,0.037982,0.115741,0.026356,0.164352,0.037394,0.476852,0.063079,0.256111,0.053128,72
large_behavior_clone,embodiment_shift,0,0.328704,0.047469,0.171296,0.038753,0.3125,0.041341,0.175926,0.037614,0.243056,0.040833,0.222222,0.043344,0.247685,0.045686,0.261574,0.040261,0.19213,0.039122,0.377315,0.050462,0.412037,0.046581,0.435185,0.055038,0.243056,0.041843,0.252315,0.042856,0.094907,0.03087,0.155093,0.031207,0.451389,0.048541,0.244271,0.048314,72
large_behavior_clone,embodiment_shift,1,0.344907,0.043501,0.173611,0.033845,0.342593,0.04377,0.134259,0.034578,0.203704,0.038347,0.203704,0.036104,0.238426,0.03758,0.199074,0.035765,0.155093,0.032517,0.372685,0.052688,0.405093,0.049135,0.453704,0.044401,0.206019,0.037394,0.282407,0.039641,0.122685,0.034186,0.173611,0.039003,0.435185,0.054657,0.26809,0.045066,72
large_behavior_clone,embodiment_shift,2,0.331019,0.039564,0.215278,0.040577,0.344907,0.0506,0.136574,0.026895,0.231481,0.034528,0.231481,0.04215,0.212963,0.037242,0.263889,0.042738,0.131944,0.027366,0.363426,0.041032,0.4375,0.048541,0.449074,0.04598,0.201389,0.037083,0.238426,0.044215,0.122685,0.030983,0.168981,0.033879,0.446759,0.05514,0.265822,0.041092,72
large_behavior_clone,embodiment_shift,3,0.328704,0.047027,0.212963,0.043451,0.361111,0.046143,0.178241,0.036737,0.226852,0.041527,0.203704,0.040466,0.238426,0.039739,0.203704,0.038888,0.136574,0.032517,0.37963,0.041485,0.384259,0.047322,0.423611,0.04566,0.208333,0.040222,0.224537,0.038854,0.12037,0.029056,0.138889,0.031654,0.458333,0.061553,0.256574,0.045551,72
large_behavior_clone,embodiment_shift,4,0.324074,0.045178,0.180556,0.03917,0.337963,0.040851,0.143519,0.036725,0.19213,0.042694,0.24537,0.040337,0.1875,0.039798,0.222222,0.037676,0.138889,0.037676,0.361111,0.04237,0.405093,0.044215,0.412037,0.040851,0.212963,0.041485,0.284722,0.043554,0.087963,0.024152,0.143519,0.03557,0.462963,0.05453,0.267824,0.042602,72
large_behavior_clone,embodiment_shift,5,0.335648,0.046366,0.175926,0.039244,0.319444,0.039699,0.178241,0.033777,0.210648,0.040862,0.203704,0.034929,0.194444,0.041874,0.236111,0.040222,0.138889,0.032307,0.351852,0.045485,0.388889,0.043344,0.449074,0.045523,0.206019,0.040088,0.252315,0.040862,0.115741,0.035765,0.164352,0.038494,0.449074,0.055447,0.257338,0.048621,72
large_behavior_clone,embodiment_shift,6,0.381944,0.051463,0.203704,0.037242,0.30787,0.042694,0.148148,0.032664,0.196759,0.042037,0.238426,0.036452,0.201389,0.040833,0.261574,0.040261,0.164352,0.040605,0.361111,0.043344,0.398148,0.04313,0.430556,0.046481,0.222222,0.041874,0.291667,0.040222,0.087963,0.030969,0.152778,0.030819,0.363426,0.059685,0.320602,0.052629,72
large_behavior_clone,embodiment_shift,7,0.358796,0.044607,0.189815,0.039465,0.328704,0.045217,0.157407,0.036487,0.189815,0.038392,0.268519,0.041148,0.217593,0.035177,0.240741,0.039772,0.143519,0.031193,0.363426,0.042037,0.407407,0.048304,0.416667,0.048352,0.231481,0.04215,0.261574,0.041788,0.12037,0.030459,0.138889,0.031654,0.400463,0.062197,0.299977,0.044668,72
large_behavior_clone,embodiment_shift,8,0.30787,0.045989,0.189815,0.03557,0.310185,0.048052,0.166667,0.032947,0.212963,0.041985,0.233796,0.042694,0.175926,0.039244,0.199074,0.036914,0.157407,0.039772,0.363426,0.04445,0.430556,0.045574,0.467593,0.050728,0.219907,0.039739,0.263889,0.038633,0.097222,0.024815,0.148148,0.032018,0.506944,0.06378,0.241505,0.045749,72
large_behavior_clone,embodiment_shift,9,0.342593,0.04787,0.203704,0.035521,0.347222,0.040222,0.152778,0.033418,0.238426,0.042284,0.25,0.041874,0.194444,0.03419,0.219907,0.034691,0.152778,0.033418,0.37963,0.040979,0.428241,0.045609,0.469907,0.051823,0.212963,0.043929,0.226852,0.045828,0.108796,0.031095,0.178241,0.042037,0.435185,0.056902,0.270949,0.047899,72
large_behavior_clone,heldout_exception_composition,0,0.275463,0.041453,0.224537,0.041453,0.381944,0.039535,0.152778,0.032788,0.217593,0.038573,0.212963,0.036104,0.259259,0.040294,0.243056,0.043793,0.1875,0.03927,0.375,0.045114,0.421296,0.040851,0.395833,0.041088,0.219907,0.041285,0.289352,0.041871,0.104167,0.027744,0.171296,0.038753,0.451389,0.053842,0.209456,0.039577,72
large_behavior_clone,heldout_exception_composition,1,0.266204,0.044607,0.18287,0.037764,0.344907,0.051011,0.18287,0.038854,0.259259,0.040808,0.210648,0.037672,0.243056,0.036515,0.261574,0.040776,0.155093,0.033777,0.314815,0.046842,0.414352,0.040862,0.428241,0.046962,0.217593,0.035177,0.296296,0.046693,0.127315,0.030644,0.148148,0.036867,0.483796,0.054506,0.189421,0.04292,72
large_behavior_clone,heldout_exception_composition,2,0.305556,0.041874,0.152778,0.033418,0.361111,0.047481,0.171296,0.035959,0.263889,0.03917,0.219907,0.040261,0.201389,0.038735,0.231481,0.038528,0.175926,0.033505,0.356481,0.042026,0.381944,0.042585,0.423611,0.050023,0.196759,0.034991,0.25,0.044766,0.101852,0.03136,0.206019,0.040605,0.458333,0.056606,0.225637,0.041087,72
large_behavior_clone,heldout_exception_composition,3,0.300926,0.045063,0.155093,0.029839,0.358796,0.048636,0.171296,0.033557,0.24537,0.037102,0.275463,0.046665,0.243056,0.040319,0.252315,0.034791,0.166667,0.032307,0.354167,0.049182,0.460648,0.043099,0.412037,0.046581,0.18287,0.034288,0.293981,0.04212,0.131944,0.028851,0.189815,0.033764,0.467593,0.061515,0.223912,0.043477,72
large_behavior_clone,heldout_exception_composition,4,0.263889,0.044649,0.180556,0.036977,0.354167,0.046115,0.166667,0.034796,0.236111,0.042738,0.219907,0.045149,0.185185,0.036296,0.259259,0.038708,0.157407,0.034122,0.356481,0.050591,0.44213,0.047988,0.43287,0.046888,0.224537,0.037764,0.256944,0.042339,0.111111,0.030988,0.180556,0.033418,0.49537,0.057055,0.203738,0.04225,72
large_behavior_clone,heldout_exception_composition,5,0.280093,0.046962,0.201389,0.038192,0.368056,0.043314,0.18287,0.036068,0.224537,0.036068,0.233796,0.041201,0.194444,0.032947,0.252315,0.042367,0.19213,0.036926,0.361111,0.045689,0.472222,0.051286,0.412037,0.04381,0.201389,0.038735,0.303241,0.04674,0.138889,0.030988,0.173611,0.034456,0.472222,0.064614,0.217766,0.043424,72
large_behavior_clone,heldout_exception_composition,6,0.252315,0.045226,0.206019,0.037394,0.365741,0.044597,0.171296,0.033557,0.222222,0.040351,0.212963,0.034929,0.263889,0.032145,0.233796,0.036356,0.150463,0.040947,0.386574,0.041788,0.393519,0.044441,0.43287,0.045533,0.210648,0.039299,0.287037,0.04579,0.099537,0.031429,0.136574,0.031207,0.532407,0.062525,0.188611,0.042957,72
large_behavior_clone,heldout_exception_composition,7,0.240741,0.041317,0.175926,0.034729,0.324074,0.045178,0.175926,0.037055,0.238426,0.038131,0.243056,0.038735,0.233796,0.039652,0.270833,0.040577,0.171296,0.034173,0.407407,0.042806,0.425926,0.046093,0.388889,0.047481,0.268519,0.047725,0.303241,0.044918,0.097222,0.027222,0.145833,0.035353,0.497685,0.065732,0.180775,0.038856,72
large_behavior_clone,heldout_exception_composition,8,0.270833,0.044031,0.210648,0.037672,0.358796,0.039652,0.208333,0.04175,0.243056,0.037641,0.24537,0.040337,0.217593,0.04068,0.226852,0.039465,0.173611,0.034456,0.377315,0.044294,0.412037,0.047469,0.421296,0.044284,0.206019,0.033258,0.305556,0.043344,0.099537,0.03273,0.18287,0.037207,0.483796,0.05785,0.19772,0.042427,72
large_behavior_clone,heldout_exception_composition,9,0.275463,0.05135,0.171296,0.037102,0.388889,0.047039,0.173611,0.033223,0.243056,0.040319,0.238426,0.038675,0.224537,0.036068,0.217593,0.043651,0.173611,0.030606,0.358796,0.047331,0.409722,0.046115,0.377315,0.04382,0.217593,0.04068,0.282407,0.039641,0.12037,0.034326,0.155093,0.031869,0.476852,0.06599,0.206215,0.051622,72
large_behavior_clone,nominal_scaling,0,0.430556,0.044179,0.236111,0.042247,0.30787,0.04318,0.134259,0.030057,0.210648,0.035971,0.236111,0.042247,0.203704,0.036678,0.196759,0.033153,0.138889,0.032307,0.384259,0.045063,0.321759,0.044918,0.430556,0.04175,0.280093,0.04374,0.25463,0.041861,0.071759,0.02488,0.131944,0.035939,0.37037,0.056411,0.373681,0.045034,72
large_behavior_clone,nominal_scaling,1,0.474537,0.053148,0.212963,0.044401,0.238426,0.041285,0.138889,0.02961,0.18287,0.039914,0.263889,0.043704,0.152778,0.031489,0.212963,0.035521,0.143519,0.034978,0.377315,0.047478,0.324074,0.048735,0.435185,0.049443,0.280093,0.041285,0.240741,0.039244,0.076389,0.024973,0.12963,0.028329,0.349537,0.065627,0.427882,0.053299,72
large_behavior_clone,nominal_scaling,2,0.4375,0.044503,0.199074,0.036914,0.296296,0.043451,0.092593,0.028082,0.217593,0.036914,0.226852,0.040509,0.136574,0.032517,0.171296,0.038211,0.106481,0.030516,0.421296,0.046131,0.351852,0.045485,0.423611,0.049182,0.273148,0.04537,0.25,0.04237,0.078704,0.028144,0.127315,0.03449,0.409722,0.057042,0.392512,0.044598,72
large_behavior_clone,nominal_scaling,3,0.465278,0.052068,0.203704,0.029766,0.30787,0.04318,0.127315,0.030644,0.219907,0.040776,0.24537,0.037102,0.157407,0.034122,0.164352,0.031978,0.12037,0.030459,0.393519,0.05141,0.365741,0.047322,0.4375,0.049814,0.252315,0.041871,0.196759,0.035582,0.097222,0.028715,0.104167,0.02921,0.372685,0.061125,0.408021,0.054224,72
large_behavior_clone,nominal_scaling,4,0.395833,0.046341,0.238426,0.042775,0.305556,0.04523,0.108796,0.034891,0.19213,0.036356,0.266204,0.039652,0.152778,0.032145,0.224537,0.037764,0.145833,0.036515,0.375,0.046928,0.333333,0.045689,0.400463,0.052357,0.300926,0.04317,0.24537,0.041359,0.099537,0.027911,0.141204,0.032086,0.395833,0.056491,0.357789,0.046275,72
large_behavior_clone,nominal_scaling,5,0.488426,0.052622,0.233796,0.045989,0.298611,0.045201,0.104167,0.02921,0.203704,0.037799,0.24537,0.041861,0.159722,0.0368,0.224537,0.039914,0.141204,0.027911,0.37963,0.04579,0.335648,0.043099,0.375,0.04603,0.238426,0.038675,0.238426,0.040261,0.081019,0.025019,0.136574,0.031207,0.319444,0.054731,0.445023,0.055245,72
large_behavior_clone,nominal_scaling,6,0.476852,0.048052,0.240741,0.04377,0.298611,0.038192,0.141204,0.03273,0.224537,0.041453,0.231481,0.039597,0.201389,0.038735,0.1875,0.033535,0.141204,0.028649,0.391204,0.043421,0.354167,0.045201,0.398148,0.046842,0.289352,0.044762,0.236111,0.032788,0.06713,0.022063,0.159722,0.029917,0.37037,0.057146,0.420428,0.050682,72
large_behavior_clone,nominal_scaling,7,0.428241,0.046516,0.210648,0.039299,0.305556,0.043344,0.125,0.039699,0.171296,0.035374,0.243056,0.039798,0.180556,0.035243,0.226852,0.034978,0.118056,0.031281,0.423611,0.046566,0.363426,0.047624,0.402778,0.049945,0.224537,0.039388,0.229167,0.039535,0.060185,0.020742,0.134259,0.037475,0.386574,0.060207,0.378576,0.046537,72
large_behavior_clone,nominal_scaling,8,0.469907,0.045838,0.224537,0.040434,0.280093,0.040261,0.12963,0.030459,0.215278,0.0368,0.266204,0.040691,0.162037,0.033557,0.166667,0.036551,0.134259,0.028634,0.375,0.046481,0.354167,0.044267,0.449074,0.042684,0.296296,0.048448,0.1875,0.034758,0.083333,0.027413,0.106481,0.02839,0.356481,0.050177,0.418611,0.04554,72
large_behavior_clone,nominal_scaling,9,0.467593,0.048627,0.224537,0.039388,0.305556,0.040865,0.122685,0.035971,0.208333,0.03583,0.263889,0.03917,0.162037,0.030969,0.231481,0.038528,0.131944,0.033535,0.435185,0.04313,0.344907,0.047184,0.400463,0.042202,0.282407,0.043651,0.259259,0.046544,0.083333,0.028164,0.125,0.030134,0.375,0.056236,0.418773,0.04859,72
large_behavior_clone,recovery_scarcity,0,0.337963,0.046581,0.171296,0.032929,0.326389,0.041593,0.175926,0.038708,0.226852,0.042026,0.24537,0.040337,0.212963,0.047138,0.229167,0.037918,0.150463,0.033673,0.354167,0.037083,0.37037,0.047579,0.451389,0.048541,0.236111,0.042738,0.282407,0.043651,0.087963,0.028144,0.173611,0.037918,0.423611,0.059197,0.261447,0.048687,72
large_behavior_clone,recovery_scarcity,1,0.321759,0.045838,0.215278,0.037363,0.331019,0.048133,0.185185,0.034528,0.212963,0.035521,0.219907,0.040776,0.212963,0.041985,0.238426,0.040261,0.173611,0.033845,0.328704,0.039816,0.435185,0.044087,0.409722,0.043793,0.222222,0.045689,0.268519,0.04313,0.118056,0.028487,0.152778,0.032788,0.460648,0.053864,0.252303,0.045789,72
large_behavior_clone,recovery_scarcity,2,0.291667,0.043704,0.18287,0.036068,0.342593,0.044245,0.185185,0.036296,0.24537,0.046581,0.259259,0.043291,0.256944,0.035939,0.224537,0.040434,0.134259,0.032717,0.398148,0.048592,0.446759,0.044215,0.414352,0.050462,0.171296,0.035959,0.238426,0.041788,0.097222,0.030134,0.175926,0.037055,0.486111,0.058777,0.215729,0.042628,72
large_behavior_clone,recovery_scarcity,3,0.293981,0.043581,0.164352,0.03509,0.328704,0.05168,0.175926,0.034729,0.222222,0.04237,0.210648,0.036547,0.217593,0.035177,0.217593,0.044126,0.152778,0.03583,0.347222,0.049945,0.405093,0.047843,0.388889,0.043344,0.231481,0.035717,0.270833,0.044031,0.111111,0.028896,0.196759,0.039476,0.486111,0.055864,0.222257,0.043254,72
large_behavior_clone,recovery_scarcity,4,0.287037,0.045332,0.194444,0.03539,0.342593,0.041819,0.189815,0.036152,0.206019,0.039564,0.208333,0.043224,0.236111,0.041247,0.210648,0.036547,0.180556,0.038089,0.358796,0.046441,0.405093,0.040261,0.428241,0.047843,0.238426,0.040261,0.238426,0.040261,0.048611,0.01985,0.164352,0.03449,0.50463,0.058856,0.211944,0.04329,72
large_behavior_clone,recovery_scarcity,5,0.324074,0.044245,0.152778,0.03583,0.331019,0.048565,0.166667,0.03539,0.206019,0.041621,0.208333,0.035243,0.231481,0.037982,0.240741,0.037614,0.18287,0.038313,0.358796,0.042202,0.449074,0.044597,0.398148,0.045942,0.224537,0.036068,0.273148,0.043008,0.090278,0.029566,0.168981,0.031978,0.467593,0.05392,0.247303,0.043194,72
large_behavior_clone,recovery_scarcity,6,0.298611,0.036515,0.18287,0.036068,0.361111,0.038768,0.201389,0.032266,0.212963,0.033087,0.208333,0.036408,0.247685,0.039299,0.25463,0.041359,0.145833,0.036515,0.377315,0.042856,0.423611,0.047012,0.446759,0.053605,0.199074,0.040164,0.240741,0.041819,0.108796,0.028283,0.196759,0.038404,0.44213,0.050942,0.217755,0.033912,72
large_behavior_clone,recovery_scarcity,7,0.3125,0.041341,0.194444,0.038768,0.354167,0.044267,0.138889,0.030306,0.233796,0.041201,0.215278,0.040577,0.25,0.038768,0.240741,0.039772,0.12963,0.030459,0.342593,0.04699,0.402778,0.048244,0.43287,0.045533,0.224537,0.034891,0.282407,0.047322,0.083333,0.028164,0.206019,0.040605,0.44213,0.05785,0.241424,0.041039,72
large_behavior_clone,recovery_scarcity,8,0.3125,0.047892,0.212963,0.043451,0.335648,0.044529,0.166667,0.034796,0.208333,0.039699,0.224537,0.040434,0.226852,0.043008,0.231481,0.035717,0.178241,0.034389,0.375,0.050361,0.393519,0.043491,0.407407,0.050419,0.208333,0.046481,0.289352,0.044762,0.099537,0.025569,0.199074,0.035765,0.451389,0.060072,0.25235,0.044849,72
large_behavior_clone,recovery_scarcity,9,0.328704,0.046581,0.19213,0.033982,0.333333,0.047919,0.148148,0.035127,0.243056,0.041843,0.226852,0.043008,0.222222,0.039303,0.210648,0.034791,0.148148,0.035717,0.340278,0.045888,0.398148,0.045485,0.400463,0.045989,0.268519,0.041148,0.270833,0.039535,0.101852,0.02629,0.189815,0.038392,0.474537,0.061861,0.261435,0.046288,72
large_behavior_clone,shortcut_shift,0,0.358796,0.043661,0.199074,0.035765,0.375,0.046928,0.152778,0.036408,0.222222,0.039831,0.25,0.047039,0.199074,0.035765,0.18287,0.044372,0.136574,0.034991,0.381944,0.046341,0.381944,0.043072,0.43287,0.041201,0.212963,0.040466,0.319444,0.041247,0.081019,0.029605,0.118056,0.02921,0.428241,0.061917,0.293322,0.04471,72
large_behavior_clone,shortcut_shift,1,0.319444,0.049102,0.171296,0.034779,0.31713,0.042449,0.159722,0.031941,0.222222,0.039831,0.256944,0.043314,0.1875,0.038192,0.208333,0.036977,0.164352,0.031318,0.324074,0.047432,0.381944,0.050646,0.421296,0.047907,0.217593,0.043651,0.273148,0.038932,0.076389,0.024973,0.148148,0.033918,0.435185,0.06283,0.254606,0.04778,72
large_behavior_clone,shortcut_shift,2,0.354167,0.048755,0.219907,0.038131,0.328704,0.04877,0.164352,0.03626,0.215278,0.0368,0.259259,0.042315,0.208333,0.033418,0.284722,0.042092,0.168981,0.03626,0.365741,0.049055,0.391204,0.049698,0.451389,0.0368,0.215278,0.035057,0.275463,0.041453,0.0625,0.025387,0.159722,0.037918,0.44213,0.061011,0.293831,0.047399,72
large_behavior_clone,shortcut_shift,3,0.337963,0.04834,0.210648,0.039299,0.30787,0.044136,0.148148,0.033918,0.217593,0.038573,0.277778,0.041373,0.236111,0.034645,0.256944,0.043314,0.180556,0.033418,0.377315,0.048779,0.414352,0.047916,0.409722,0.051666,0.238426,0.039739,0.270833,0.042585,0.078704,0.028144,0.141204,0.031429,0.425926,0.058112,0.276748,0.047212,72
large_behavior_clone,shortcut_shift,4,0.358796,0.041704,0.19213,0.036926,0.314815,0.046394,0.131944,0.035353,0.238426,0.038131,0.224537,0.033673,0.194444,0.044297,0.240741,0.041317,0.152778,0.032145,0.439815,0.048913,0.386574,0.044685,0.409722,0.048325,0.196759,0.034389,0.287037,0.04579,0.090278,0.025795,0.131944,0.034152,0.412037,0.056688,0.289699,0.042058,72
large_behavior_clone,shortcut_shift,5,0.319444,0.049102,0.212963,0.039947,0.365741,0.045523,0.136574,0.03053,0.233796,0.036926,0.25,0.043344,0.203704,0.039947,0.275463,0.039388,0.12963,0.03245,0.361111,0.052093,0.407407,0.04787,0.453704,0.044401,0.25,0.040865,0.282407,0.04317,0.099537,0.029369,0.171296,0.032929,0.460648,0.055768,0.261458,0.047743,72
large_behavior_clone,shortcut_shift,6,0.358796,0.04318,0.189815,0.034978,0.3125,0.047454,0.131944,0.034152,0.201389,0.035353,0.252315,0.039827,0.180556,0.034645,0.24537,0.040337,0.148148,0.037429,0.365741,0.040164,0.37037,0.04579,0.449074,0.042684,0.219907,0.038675,0.310185,0.045828,0.081019,0.02584,0.166667,0.038768,0.409722,0.05126,0.300069,0.041209,72
large_behavior_clone,shortcut_shift,7,0.300926,0.048196,0.229167,0.0368,0.319444,0.042738,0.150463,0.039914,0.231481,0.046394,0.261574,0.04374,0.222222,0.035975,0.219907,0.038675,0.148148,0.035717,0.326389,0.046341,0.416667,0.047919,0.395833,0.042092,0.203704,0.042479,0.303241,0.042531,0.076389,0.022324,0.173611,0.033845,0.483796,0.055266,0.244421,0.048695,72
large_behavior_clone,shortcut_shift,8,0.324074,0.042806,0.1875,0.037083,0.349537,0.044372,0.152778,0.035243,0.229167,0.035647,0.238426,0.038675,0.208333,0.036408,0.222222,0.038226,0.196759,0.039476,0.372685,0.051079,0.428241,0.038131,0.428241,0.049135,0.215278,0.036228,0.268519,0.04313,0.083333,0.028164,0.162037,0.036535,0.414352,0.05249,0.250162,0.042857,72
large_behavior_clone,shortcut_shift,9,0.340278,0.043554,0.217593,0.040164,0.321759,0.041032,0.164352,0.033879,0.18287,0.034288,0.231481,0.041148,0.171296,0.032289,0.238426,0.04374,0.162037,0.036535,0.344907,0.043978,0.409722,0.052468,0.412037,0.043331,0.215278,0.041593,0.263889,0.047371,0.104167,0.028487,0.168981,0.03509,0.416667,0.052093,0.281377,0.044474,72
medium_behavior_clone,combined_exception_stress,0,0.247685,0.039299,0.199074,0.036344,0.328704,0.045676,0.159722,0.032588,0.199074,0.031415,0.273148,0.040509,0.243056,0.040833,0.196759,0.037856,0.143519,0.031855,0.18287,0.036068,0.372685,0.043099,0.289352,0.043341,0.201389,0.034758,0.270833,0.043554,0.115741,0.029354,0.175926,0.038165,0.506944,0.058309,0.195706,0.039514,72
medium_behavior_clone,combined_exception_stress,1,0.238426,0.044685,0.203704,0.037242,0.375,0.043224,0.159722,0.032588,0.19213,0.039122,0.196759,0.041537,0.194444,0.036551,0.19213,0.037487,0.143519,0.033764,0.219907,0.040261,0.381944,0.048109,0.263889,0.035243,0.19213,0.038585,0.252315,0.04382,0.094907,0.029487,0.178241,0.033777,0.479167,0.054036,0.191227,0.041732,72
medium_behavior_clone,combined_exception_stress,2,0.226852,0.038392,0.173611,0.031281,0.347222,0.054349,0.194444,0.040351,0.196759,0.042531,0.222222,0.041874,0.212963,0.036678,0.194444,0.037676,0.152778,0.036408,0.206019,0.036832,0.372685,0.044995,0.287037,0.042479,0.215278,0.033845,0.215278,0.037918,0.094907,0.025705,0.173611,0.039535,0.518519,0.053107,0.170394,0.034731,72
medium_behavior_clone,combined_exception_stress,3,0.25,0.039303,0.1875,0.035939,0.340278,0.043072,0.185185,0.038528,0.194444,0.03539,0.261574,0.041285,0.243056,0.036515,0.219907,0.042775,0.159722,0.037363,0.233796,0.039122,0.388889,0.047039,0.291667,0.043224,0.217593,0.039641,0.224537,0.043421,0.125,0.036408,0.166667,0.031654,0.509259,0.053238,0.196435,0.037706,72
medium_behavior_clone,combined_exception_stress,4,0.18287,0.036068,0.189815,0.037845,0.37963,0.047579,0.157407,0.034729,0.155093,0.033777,0.252315,0.036547,0.208333,0.035243,0.201389,0.03927,0.19213,0.034591,0.247685,0.045226,0.393519,0.047615,0.259259,0.044714,0.206019,0.03509,0.238426,0.041788,0.127315,0.02925,0.180556,0.03583,0.587963,0.052082,0.141308,0.032353,72
medium_behavior_clone,combined_exception_stress,5,0.180556,0.040222,0.180556,0.036977,0.356481,0.044441,0.157407,0.034122,0.173611,0.039535,0.240741,0.040808,0.247685,0.042856,0.208333,0.033418,0.152778,0.032788,0.196759,0.035582,0.388889,0.043823,0.25,0.04286,0.208333,0.034645,0.275463,0.042938,0.134259,0.032073,0.196759,0.031869,0.553241,0.05282,0.138079,0.03851,72
medium_behavior_clone,combined_exception_stress,6,0.196759,0.042531,0.196759,0.039476,0.377315,0.04659,0.194444,0.037676,0.189815,0.031193,0.243056,0.041341,0.259259,0.035911,0.229167,0.038464,0.196759,0.036164,0.224537,0.043899,0.425926,0.05124,0.296296,0.043929,0.180556,0.038089,0.201389,0.041341,0.125,0.032788,0.159722,0.034456,0.574074,0.055541,0.146887,0.036925,72
medium_behavior_clone,combined_exception_stress,7,0.236111,0.046481,0.206019,0.041621,0.358796,0.04318,0.166667,0.033574,0.19213,0.041201,0.25,0.044297,0.231481,0.041652,0.222222,0.039831,0.155093,0.033153,0.231481,0.040638,0.409722,0.03927,0.289352,0.04614,0.217593,0.038573,0.222222,0.044297,0.127315,0.03449,0.18287,0.033048,0.506944,0.067284,0.192431,0.046195,72
medium_behavior_clone,combined_exception_stress,8,0.196759,0.041537,0.208333,0.038633,0.354167,0.053648,0.175926,0.032876,0.171296,0.035374,0.296296,0.042968,0.212963,0.041485,0.189815,0.036152,0.194444,0.036551,0.189815,0.037289,0.412037,0.049619,0.238426,0.038675,0.210648,0.035971,0.219907,0.03758,0.101852,0.025484,0.203704,0.036678,0.55787,0.051755,0.157442,0.039921,72
medium_behavior_clone,combined_exception_stress,9,0.236111,0.04781,0.178241,0.039476,0.335648,0.039033,0.175926,0.035325,0.171296,0.037102,0.219907,0.036452,0.25,0.04523,0.222222,0.038226,0.148148,0.033918,0.231481,0.037982,0.460648,0.046366,0.287037,0.044869,0.233796,0.043661,0.210648,0.041369,0.097222,0.030819,0.196759,0.036164,0.534722,0.055934,0.192083,0.04628,72
medium_behavior_clone,contact_tail_shift,0,0.240741,0.038165,0.210648,0.038764,0.328704,0.042846,0.175926,0.037614,0.173611,0.033223,0.210648,0.040862,0.212963,0.040466,0.208333,0.038089,0.125,0.029433,0.201389,0.035939,0.342593,0.04377,0.233796,0.039122,0.238426,0.038131,0.199074,0.04068,0.074074,0.026554,0.166667,0.033574,0.550926,0.05314,0.192569,0.03691,72
medium_behavior_clone,contact_tail_shift,1,0.300926,0.048627,0.196759,0.036164,0.321759,0.043978,0.141204,0.030071,0.164352,0.03626,0.236111,0.043704,0.201389,0.040319,0.175926,0.029531,0.155093,0.033777,0.231481,0.037429,0.356481,0.044908,0.268519,0.043611,0.256944,0.041341,0.173611,0.0368,0.092593,0.027329,0.185185,0.034528,0.474537,0.059802,0.260984,0.047859,72
medium_behavior_clone,contact_tail_shift,2,0.319444,0.049945,0.212963,0.043929,0.381944,0.048109,0.162037,0.037661,0.152778,0.032788,0.25463,0.041359,0.231481,0.04313,0.18287,0.038854,0.136574,0.033153,0.194444,0.034796,0.358796,0.039652,0.224537,0.033048,0.226852,0.038392,0.178241,0.038404,0.094907,0.03087,0.152778,0.032145,0.453704,0.053369,0.278449,0.048795,72
medium_behavior_clone,contact_tail_shift,3,0.298611,0.046115,0.201389,0.037641,0.319444,0.049945,0.12963,0.029766,0.180556,0.034037,0.217593,0.037475,0.208333,0.045114,0.208333,0.040222,0.157407,0.039244,0.25463,0.039288,0.375,0.046481,0.233796,0.042694,0.243056,0.043314,0.189815,0.037289,0.078704,0.028876,0.18287,0.034288,0.488426,0.053799,0.255289,0.045651,72
medium_behavior_clone,contact_tail_shift,4,0.282407,0.046879,0.222222,0.036551,0.37037,0.046244,0.122685,0.028891,0.152778,0.031489,0.25463,0.042356,0.238426,0.04374,0.155093,0.031869,0.150463,0.033048,0.219907,0.041788,0.363426,0.047624,0.252315,0.037114,0.277778,0.047481,0.18287,0.034288,0.097222,0.025643,0.155093,0.033153,0.509259,0.062274,0.244734,0.04485,72
medium_behavior_clone,contact_tail_shift,5,0.287037,0.042968,0.208333,0.03917,0.363426,0.043019,0.143519,0.03314,0.141204,0.029369,0.247685,0.040348,0.18287,0.035484,0.175926,0.037614,0.148148,0.028573,0.206019,0.04212,0.354167,0.044737,0.287037,0.040979,0.224537,0.037207,0.208333,0.038089,0.069444,0.023072,0.164352,0.030644,0.49537,0.058142,0.24544,0.042392,72
medium_behavior_clone,contact_tail_shift,6,0.296296,0.044401,0.243056,0.038735,0.293981,0.046814,0.141204,0.038585,0.19213,0.033362,0.275463,0.039914,0.196759,0.033777,0.194444,0.038226,0.180556,0.033418,0.199074,0.040164,0.37037,0.044869,0.243056,0.040319,0.189815,0.034376,0.194444,0.040351,0.071759,0.02488,0.173611,0.037918,0.469907,0.0506,0.254549,0.042667,72
medium_behavior_clone,contact_tail_shift,7,0.298611,0.043793,0.173611,0.039535,0.342593,0.04377,0.18287,0.035484,0.162037,0.035374,0.229167,0.040059,0.215278,0.041088,0.171296,0.038753,0.157407,0.038165,0.217593,0.038028,0.381944,0.051056,0.300926,0.047322,0.224537,0.045303,0.173611,0.035647,0.097222,0.026444,0.166667,0.033574,0.530093,0.058626,0.240197,0.043433,72
medium_behavior_clone,contact_tail_shift,8,0.324074,0.04377,0.217593,0.045523,0.349537,0.048851,0.141204,0.033982,0.134259,0.034578,0.282407,0.042684,0.233796,0.039652,0.164352,0.039033,0.152778,0.038089,0.226852,0.038932,0.37963,0.046244,0.261574,0.035288,0.240741,0.037614,0.1875,0.035939,0.078704,0.025823,0.178241,0.034389,0.460648,0.06445,0.280764,0.043694,72
medium_behavior_clone,contact_tail_shift,9,0.275463,0.045762,0.217593,0.037475,0.310185,0.04537,0.136574,0.032517,0.148148,0.032664,0.231481,0.04313,0.226852,0.038932,0.1875,0.038735,0.168981,0.03626,0.231481,0.040121,0.384259,0.045063,0.296296,0.038888,0.233796,0.041201,0.185185,0.034528,0.108796,0.031759,0.159722,0.035647,0.523148,0.054943,0.23235,0.04526,72
medium_behavior_clone,cross_robot_morphology,0,0.293981,0.050668,0.196759,0.042531,0.349537,0.049698,0.131944,0.030945,0.125,0.035243,0.215278,0.034456,0.222222,0.047039,0.199074,0.038573,0.166667,0.041874,0.222222,0.041373,0.356481,0.046281,0.252315,0.040862,0.196759,0.038404,0.201389,0.035939,0.106481,0.02839,0.157407,0.038708,0.465278,0.052864,0.249826,0.050964,72
medium_behavior_clone,cross_robot_morphology,1,0.280093,0.046065,0.238426,0.038131,0.361111,0.046594,0.136574,0.031869,0.178241,0.038404,0.212963,0.040466,0.201389,0.030945,0.173611,0.034456,0.171296,0.032929,0.194444,0.037118,0.335648,0.047697,0.247685,0.048349,0.229167,0.035057,0.175926,0.036487,0.101852,0.029295,0.148148,0.032018,0.509259,0.053238,0.242986,0.044642,72
medium_behavior_clone,cross_robot_morphology,2,0.243056,0.044737,0.217593,0.036914,0.333333,0.045689,0.168981,0.037948,0.143519,0.036152,0.243056,0.041341,0.18287,0.042449,0.196759,0.037856,0.175926,0.034729,0.266204,0.034591,0.377315,0.043341,0.277778,0.037676,0.231481,0.04215,0.194444,0.033574,0.127315,0.031978,0.166667,0.03539,0.530093,0.057548,0.20059,0.045038,72
medium_behavior_clone,cross_robot_morphology,3,0.266204,0.049064,0.194444,0.036551,0.293981,0.048133,0.162037,0.038211,0.199074,0.032073,0.252315,0.03357,0.206019,0.043581,0.155093,0.032517,0.164352,0.03449,0.247685,0.037114,0.349537,0.040947,0.293981,0.045913,0.215278,0.039003,0.210648,0.037114,0.125,0.030134,0.189815,0.03557,0.506944,0.061447,0.214734,0.048232,72
medium_behavior_clone,cross_robot_morphology,4,0.298611,0.042339,0.199074,0.036344,0.358796,0.043661,0.173611,0.041593,0.155093,0.031869,0.206019,0.041116,0.210648,0.042856,0.226852,0.034376,0.148148,0.035127,0.189815,0.039465,0.375,0.04603,0.280093,0.041285,0.24537,0.040337,0.229167,0.035057,0.125,0.027979,0.138889,0.038768,0.474537,0.060496,0.245023,0.042099,72
medium_behavior_clone,cross_robot_morphology,5,0.273148,0.046281,0.229167,0.039535,0.31713,0.044372,0.159722,0.039003,0.162037,0.034779,0.229167,0.039003,0.203704,0.038888,0.175926,0.035325,0.150463,0.033673,0.194444,0.037118,0.398148,0.047725,0.289352,0.044762,0.212963,0.039421,0.206019,0.037394,0.092593,0.026554,0.155093,0.035582,0.456019,0.061635,0.22934,0.046953,72
medium_behavior_clone,cross_robot_morphology,6,0.261574,0.042775,0.208333,0.037537,0.354167,0.047012,0.12037,0.033712,0.12037,0.030459,0.25,0.041874,0.219907,0.040261,0.196759,0.042037,0.1875,0.036515,0.247685,0.044294,0.398148,0.045942,0.259259,0.042315,0.222222,0.035975,0.199074,0.042684,0.087963,0.027392,0.145833,0.037083,0.525463,0.06015,0.223958,0.042651,72
medium_behavior_clone,cross_robot_morphology,7,0.282407,0.043651,0.196759,0.032517,0.37037,0.044401,0.141204,0.030758,0.173611,0.033845,0.243056,0.03927,0.18287,0.035484,0.189815,0.03557,0.125,0.034645,0.217593,0.041694,0.400463,0.041704,0.282407,0.044126,0.206019,0.038494,0.173611,0.035647,0.106481,0.02839,0.150463,0.03241,0.488426,0.05791,0.240197,0.042826,72
medium_behavior_clone,cross_robot_morphology,8,0.261574,0.040261,0.263889,0.04781,0.347222,0.050774,0.162037,0.032929,0.171296,0.039288,0.212963,0.034326,0.194444,0.037118,0.194444,0.037118,0.180556,0.034645,0.229167,0.037918,0.391204,0.042938,0.303241,0.043978,0.226852,0.03999,0.1875,0.03927,0.134259,0.033969,0.115741,0.031415,0.516204,0.05821,0.212303,0.039381,72
medium_behavior_clone,cross_robot_morphology,9,0.291667,0.038089,0.212963,0.036678,0.331019,0.044995,0.143519,0.03557,0.145833,0.034758,0.212963,0.043451,0.226852,0.04673,0.178241,0.033153,0.185185,0.039597,0.206019,0.03626,0.37037,0.052581,0.328704,0.046581,0.201389,0.035939,0.206019,0.037948,0.122685,0.032302,0.141204,0.033982,0.493056,0.051056,0.233958,0.040546,72
medium_behavior_clone,embodiment_shift,0,0.321759,0.043978,0.194444,0.038226,0.340278,0.043554,0.131944,0.028118,0.162037,0.037102,0.25463,0.041861,0.168981,0.039033,0.189815,0.038932,0.171296,0.037661,0.231481,0.04313,0.375,0.043224,0.259259,0.04377,0.25463,0.040337,0.224537,0.038854,0.104167,0.02921,0.157407,0.034122,0.453704,0.049302,0.280081,0.044419,72
medium_behavior_clone,embodiment_shift,1,0.289352,0.045686,0.1875,0.038192,0.300926,0.04317,0.19213,0.038585,0.150463,0.031095,0.280093,0.041788,0.243056,0.038735,0.229167,0.040059,0.185185,0.034528,0.208333,0.036977,0.342593,0.04377,0.284722,0.044969,0.222222,0.03539,0.208333,0.03917,0.074074,0.025756,0.150463,0.031759,0.49537,0.058142,0.237303,0.045367,72
medium_behavior_clone,embodiment_shift,2,0.293981,0.047258,0.229167,0.040059,0.342593,0.044714,0.138889,0.030306,0.145833,0.038192,0.238426,0.04326,0.166667,0.03539,0.131944,0.030263,0.136574,0.034991,0.201389,0.037083,0.354167,0.042339,0.275463,0.041954,0.252315,0.037114,0.175926,0.039244,0.101852,0.029295,0.141204,0.034591,0.486111,0.057339,0.260185,0.04753,72
medium_behavior_clone,embodiment_shift,3,0.319444,0.048244,0.219907,0.044685,0.326389,0.046789,0.108796,0.031095,0.148148,0.032664,0.247685,0.042856,0.226852,0.036152,0.189815,0.036152,0.152778,0.034645,0.231481,0.040638,0.398148,0.049019,0.25,0.039831,0.275463,0.042449,0.199074,0.040164,0.113426,0.028035,0.171296,0.037102,0.472222,0.063964,0.284271,0.049852,72
medium_behavior_clone,embodiment_shift,4,0.287037,0.039947,0.247685,0.040862,0.314815,0.041148,0.141204,0.035189,0.145833,0.030945,0.233796,0.036356,0.201389,0.036515,0.157407,0.038165,0.173611,0.037918,0.247685,0.044762,0.349537,0.049698,0.247685,0.044762,0.240741,0.041317,0.189815,0.034978,0.108796,0.031095,0.171296,0.034173,0.5,0.055957,0.249514,0.040567,72
medium_behavior_clone,embodiment_shift,5,0.303241,0.041032,0.222222,0.040865,0.331019,0.045457,0.164352,0.036832,0.164352,0.038494,0.252315,0.045226,0.231481,0.039066,0.18287,0.035484,0.148148,0.036867,0.215278,0.039535,0.405093,0.050393,0.266204,0.041201,0.19213,0.035777,0.231481,0.041652,0.118056,0.030606,0.189815,0.037289,0.476852,0.051002,0.247326,0.041392,72
medium_behavior_clone,embodiment_shift,6,0.280093,0.04326,0.203704,0.034326,0.31713,0.047551,0.152778,0.031489,0.138889,0.033574,0.233796,0.037487,0.185185,0.035127,0.168981,0.033258,0.159722,0.037918,0.25,0.038226,0.400463,0.049907,0.314815,0.041652,0.222222,0.032307,0.180556,0.032788,0.111111,0.02961,0.162037,0.037102,0.458333,0.057339,0.2375,0.043293,72
medium_behavior_clone,embodiment_shift,7,0.310185,0.041527,0.247685,0.038222,0.3125,0.041843,0.155093,0.034389,0.171296,0.035374,0.25463,0.039288,0.219907,0.042775,0.162037,0.032289,0.159722,0.041088,0.217593,0.039641,0.347222,0.039699,0.277778,0.047919,0.247685,0.042856,0.229167,0.041593,0.108796,0.027535,0.185185,0.035717,0.446759,0.057729,0.263993,0.043704,72
medium_behavior_clone,embodiment_shift,8,0.340278,0.045431,0.212963,0.040466,0.363426,0.046291,0.152778,0.038089,0.145833,0.035939,0.219907,0.03758,0.203704,0.037242,0.1875,0.040319,0.155093,0.034991,0.238426,0.038675,0.333333,0.041373,0.247685,0.042856,0.25463,0.039288,0.194444,0.034796,0.101852,0.029999,0.164352,0.039564,0.476852,0.061402,0.295567,0.047457,72
medium_behavior_clone,embodiment_shift,9,0.293981,0.047697,0.208333,0.034645,0.3125,0.038735,0.148148,0.035717,0.162037,0.034173,0.212963,0.042968,0.238426,0.033466,0.159722,0.031941,0.199074,0.038028,0.219907,0.039739,0.375,0.050361,0.287037,0.040979,0.215278,0.045431,0.210648,0.040348,0.108796,0.031095,0.162037,0.032929,0.476852,0.057902,0.242905,0.04506,72
medium_behavior_clone,heldout_exception_composition,0,0.24537,0.042846,0.212963,0.037799,0.365741,0.042192,0.166667,0.034796,0.18287,0.035484,0.25,0.049208,0.238426,0.042775,0.222222,0.032947,0.157407,0.031581,0.236111,0.03917,0.395833,0.048969,0.261574,0.039739,0.240741,0.037055,0.229167,0.039535,0.12963,0.03245,0.189815,0.040509,0.488426,0.060034,0.199942,0.042282,72
medium_behavior_clone,heldout_exception_composition,1,0.25,0.046594,0.215278,0.043072,0.347222,0.042247,0.18287,0.036068,0.175926,0.035325,0.261574,0.040261,0.233796,0.045072,0.201389,0.037641,0.155093,0.034991,0.194444,0.032947,0.425926,0.048735,0.303241,0.048061,0.217593,0.038573,0.226852,0.044441,0.125,0.030819,0.171296,0.039816,0.5,0.058152,0.203785,0.045371,72
medium_behavior_clone,heldout_exception_composition,2,0.266204,0.043661,0.224537,0.037764,0.354167,0.046566,0.173611,0.039003,0.155093,0.034991,0.210648,0.042367,0.252315,0.040862,0.155093,0.031869,0.206019,0.036832,0.240741,0.045638,0.412037,0.047469,0.236111,0.038089,0.226852,0.042026,0.226852,0.039465,0.12963,0.0318,0.164352,0.04212,0.502315,0.062141,0.217662,0.042757,72
medium_behavior_clone,heldout_exception_composition,3,0.275463,0.038854,0.215278,0.035057,0.335648,0.042612,0.173611,0.0368,0.185185,0.035127,0.273148,0.045828,0.1875,0.041843,0.203704,0.037242,0.178241,0.037856,0.236111,0.042247,0.365741,0.043651,0.289352,0.041369,0.240741,0.039772,0.238426,0.035874,0.118056,0.031941,0.162037,0.037102,0.488426,0.056818,0.224873,0.040148,72
medium_behavior_clone,heldout_exception_composition,4,0.226852,0.03557,0.206019,0.032624,0.335648,0.044529,0.148148,0.033297,0.150463,0.030416,0.222222,0.04286,0.217593,0.038028,0.215278,0.040059,0.152778,0.037537,0.240741,0.041317,0.354167,0.046566,0.293981,0.050255,0.175926,0.035911,0.233796,0.035189,0.104167,0.028487,0.171296,0.034173,0.532407,0.053532,0.176759,0.034345,72
medium_behavior_clone,heldout_exception_composition,5,0.256944,0.040833,0.217593,0.039641,0.340278,0.037918,0.164352,0.033879,0.196759,0.032517,0.215278,0.035057,0.233796,0.036926,0.180556,0.041247,0.152778,0.035243,0.199074,0.038573,0.384259,0.04068,0.277778,0.04523,0.196759,0.036737,0.212963,0.038888,0.125,0.029433,0.168981,0.036832,0.486111,0.056606,0.203056,0.038492,72
medium_behavior_clone,heldout_exception_composition,6,0.247685,0.040862,0.210648,0.039299,0.347222,0.043704,0.173611,0.035647,0.18287,0.033673,0.240741,0.032235,0.201389,0.035939,0.224537,0.041453,0.141204,0.032086,0.206019,0.040088,0.393519,0.054561,0.224537,0.036642,0.217593,0.042192,0.215278,0.039003,0.083333,0.027413,0.164352,0.03449,0.534722,0.061277,0.204861,0.040262,72
medium_behavior_clone,heldout_exception_composition,7,0.263889,0.043704,0.210648,0.037672,0.37037,0.044869,0.168981,0.03626,0.162037,0.039288,0.226852,0.036152,0.252315,0.037672,0.194444,0.037118,0.162037,0.037102,0.212963,0.039421,0.395833,0.046341,0.296296,0.040979,0.222222,0.039303,0.233796,0.040691,0.097222,0.024815,0.196759,0.039476,0.481481,0.063161,0.213762,0.042937,72
medium_behavior_clone,heldout_exception_composition,8,0.233796,0.046441,0.189815,0.038932,0.340278,0.043072,0.194444,0.03539,0.189815,0.03999,0.236111,0.035243,0.215278,0.041088,0.194444,0.034796,0.162037,0.035374,0.233796,0.042202,0.363426,0.04674,0.266204,0.03804,0.175926,0.035325,0.206019,0.037394,0.106481,0.03314,0.185185,0.037982,0.520833,0.060591,0.183194,0.043348,72
medium_behavior_clone,heldout_exception_composition,9,0.240741,0.040294,0.233796,0.040691,0.358796,0.041201,0.173611,0.040059,0.171296,0.038211,0.240741,0.038708,0.217593,0.039641,0.229167,0.040577,0.175926,0.037055,0.212963,0.036104,0.381944,0.041593,0.263889,0.036977,0.212963,0.034929,0.212963,0.040979,0.097222,0.024815,0.164352,0.033258,0.49537,0.054434,0.191933,0.037184,72
medium_behavior_clone,nominal_scaling,0,0.453704,0.04579,0.238426,0.041788,0.3125,0.044737,0.122685,0.027408,0.136574,0.036737,0.256944,0.040319,0.136574,0.031869,0.148148,0.032018,0.159722,0.031941,0.252315,0.039827,0.351852,0.046842,0.277778,0.043344,0.222222,0.041874,0.203704,0.038347,0.050926,0.021075,0.122685,0.03357,0.354167,0.052864,0.4211,0.0473,72
medium_behavior_clone,nominal_scaling,1,0.409722,0.057407,0.259259,0.041317,0.337963,0.038753,0.131944,0.031613,0.143519,0.031855,0.252315,0.041871,0.18287,0.039388,0.138889,0.02961,0.127315,0.031318,0.25463,0.041861,0.3125,0.042829,0.243056,0.038735,0.277778,0.041373,0.1875,0.032907,0.090278,0.029566,0.143519,0.034376,0.414352,0.061296,0.381597,0.059266,72
medium_behavior_clone,nominal_scaling,2,0.421296,0.047907,0.263889,0.039699,0.300926,0.042684,0.108796,0.029722,0.168981,0.037394,0.25463,0.040337,0.178241,0.037301,0.171296,0.034173,0.136574,0.031869,0.238426,0.039739,0.291667,0.050774,0.275463,0.039388,0.247685,0.043341,0.222222,0.04286,0.06713,0.024739,0.152778,0.033418,0.418981,0.057427,0.39213,0.048816,72
medium_behavior_clone,nominal_scaling,3,0.439815,0.047615,0.212963,0.041985,0.303241,0.04538,0.101852,0.030687,0.162037,0.039816,0.25,0.047039,0.196759,0.033153,0.164352,0.033258,0.171296,0.038753,0.270833,0.042092,0.326389,0.045431,0.270833,0.0368,0.310185,0.038932,0.185185,0.035717,0.083333,0.025845,0.145833,0.028118,0.391204,0.05135,0.4036,0.046607,72
medium_behavior_clone,nominal_scaling,4,0.416667,0.040865,0.247685,0.039299,0.282407,0.041694,0.101852,0.03136,0.150463,0.031759,0.268519,0.045024,0.178241,0.033777,0.164352,0.037948,0.143519,0.031855,0.252315,0.040862,0.324074,0.050419,0.252315,0.036547,0.289352,0.045226,0.18287,0.036642,0.069444,0.026444,0.113426,0.030187,0.384259,0.055447,0.389757,0.041486,72
medium_behavior_clone,nominal_scaling,5,0.407407,0.045178,0.247685,0.035386,0.273148,0.03557,0.136574,0.035582,0.148148,0.029999,0.240741,0.044714,0.173611,0.034456,0.136574,0.033153,0.134259,0.031415,0.25463,0.044284,0.319444,0.042247,0.268519,0.040121,0.259259,0.042315,0.141204,0.035189,0.097222,0.032788,0.145833,0.034758,0.402778,0.05159,0.374097,0.046298,72
medium_behavior_clone,nominal_scaling,6,0.388889,0.039831,0.266204,0.04318,0.303241,0.04052,0.106481,0.026879,0.141204,0.034591,0.273148,0.039465,0.159722,0.036228,0.136574,0.034991,0.12963,0.029056,0.229167,0.040577,0.293981,0.047697,0.296296,0.045332,0.268519,0.042643,0.201389,0.038192,0.094907,0.028035,0.092593,0.028816,0.446759,0.053605,0.360683,0.043389,72
medium_behavior_clone,nominal_scaling,7,0.384259,0.04317,0.275463,0.040947,0.280093,0.044685,0.118056,0.029917,0.127315,0.028528,0.263889,0.04175,0.162037,0.035374,0.12963,0.027582,0.155093,0.032517,0.236111,0.032788,0.331019,0.04212,0.236111,0.042738,0.256944,0.041341,0.215278,0.038464,0.087963,0.028144,0.138889,0.035975,0.428241,0.061579,0.359491,0.045668,72
medium_behavior_clone,nominal_scaling,8,0.398148,0.045024,0.25,0.038226,0.287037,0.04579,0.143519,0.034376,0.138889,0.034796,0.252315,0.042367,0.155093,0.031207,0.136574,0.031207,0.131944,0.029566,0.238426,0.03758,0.284722,0.039003,0.305556,0.041874,0.289352,0.04382,0.201389,0.038192,0.083333,0.027413,0.134259,0.033969,0.423611,0.050439,0.362789,0.048846,72
medium_behavior_clone,nominal_scaling,9,0.43287,0.045533,0.229167,0.044031,0.314815,0.040638,0.12963,0.036104,0.125,0.033418,0.282407,0.044597,0.143519,0.03314,0.136574,0.033153,0.136574,0.036164,0.256944,0.043314,0.282407,0.039111,0.284722,0.044969,0.284722,0.042092,0.189815,0.042026,0.053241,0.02488,0.125,0.031489,0.400463,0.058745,0.404734,0.048109,72
medium_behavior_clone,recovery_scarcity,0,0.270833,0.049394,0.212963,0.036678,0.310185,0.047175,0.150463,0.035484,0.178241,0.034389,0.215278,0.039535,0.229167,0.040059,0.208333,0.03583,0.138889,0.03419,0.18287,0.039388,0.375,0.044179,0.256944,0.038192,0.210648,0.041871,0.18287,0.034891,0.099537,0.029369,0.201389,0.032907,0.476852,0.060027,0.226551,0.04893,72
medium_behavior_clone,recovery_scarcity,1,0.284722,0.050232,0.217593,0.037475,0.347222,0.040222,0.189815,0.03999,0.164352,0.032624,0.208333,0.038089,0.19213,0.037487,0.171296,0.036535,0.199074,0.038573,0.231481,0.039066,0.400463,0.045533,0.247685,0.039827,0.215278,0.044031,0.175926,0.035911,0.106481,0.029824,0.18287,0.033673,0.497685,0.062141,0.236308,0.04838,72
medium_behavior_clone,recovery_scarcity,2,0.259259,0.037055,0.25,0.040865,0.335648,0.044529,0.143519,0.027645,0.168981,0.036832,0.231481,0.037429,0.217593,0.046432,0.196759,0.036164,0.18287,0.037207,0.180556,0.034645,0.386574,0.040776,0.287037,0.045332,0.18287,0.037764,0.203704,0.037242,0.104167,0.030606,0.189815,0.031193,0.518519,0.053107,0.206968,0.03491,72
medium_behavior_clone,recovery_scarcity,3,0.300926,0.042192,0.233796,0.040175,0.340278,0.045888,0.166667,0.032947,0.12963,0.033087,0.203704,0.040466,0.217593,0.04068,0.194444,0.037118,0.155093,0.038404,0.215278,0.036228,0.421296,0.049197,0.268519,0.038528,0.236111,0.034037,0.229167,0.039535,0.083333,0.025845,0.166667,0.035975,0.479167,0.058488,0.253854,0.041069,72
medium_behavior_clone,recovery_scarcity,4,0.333333,0.047039,0.215278,0.039003,0.3125,0.044737,0.180556,0.035243,0.155093,0.036737,0.238426,0.035288,0.226852,0.041527,0.194444,0.036551,0.162037,0.02959,0.212963,0.039947,0.37963,0.04579,0.284722,0.040577,0.25463,0.043331,0.196759,0.037301,0.104167,0.027744,0.166667,0.035975,0.458333,0.053184,0.282917,0.049873,72
medium_behavior_clone,recovery_scarcity,5,0.310185,0.048913,0.215278,0.035057,0.342593,0.04377,0.134259,0.031415,0.162037,0.030969,0.277778,0.04286,0.222222,0.038768,0.185185,0.041148,0.164352,0.03626,0.231481,0.037982,0.388889,0.041874,0.284722,0.046341,0.219907,0.044685,0.256944,0.047454,0.090278,0.022324,0.19213,0.03804,0.479167,0.057042,0.269896,0.048146,72
medium_behavior_clone,recovery_scarcity,6,0.284722,0.040577,0.219907,0.03758,0.326389,0.051463,0.18287,0.036642,0.159722,0.035647,0.240741,0.041317,0.201389,0.037083,0.178241,0.034991,0.150463,0.031095,0.236111,0.039699,0.372685,0.050668,0.263889,0.042247,0.194444,0.034796,0.222222,0.036551,0.090278,0.024122,0.173611,0.036228,0.456019,0.055203,0.238715,0.040537,72
medium_behavior_clone,recovery_scarcity,7,0.268519,0.041652,0.208333,0.036408,0.356481,0.044908,0.159722,0.0368,0.143519,0.031855,0.238426,0.039211,0.194444,0.036551,0.189815,0.031855,0.171296,0.036535,0.226852,0.036152,0.37037,0.046244,0.289352,0.042367,0.231481,0.041148,0.199074,0.040164,0.106481,0.02839,0.175926,0.037055,0.493056,0.051463,0.21919,0.042073,72
medium_behavior_clone,recovery_scarcity,8,0.293981,0.043581,0.199074,0.040164,0.303241,0.04538,0.152778,0.030819,0.155093,0.033777,0.217593,0.042192,0.217593,0.036344,0.162037,0.033557,0.148148,0.029999,0.201389,0.035939,0.37037,0.044869,0.25,0.037676,0.224537,0.036068,0.215278,0.040577,0.060185,0.022666,0.206019,0.040088,0.469907,0.054186,0.24478,0.04371,72
medium_behavior_clone,recovery_scarcity,9,0.266204,0.042694,0.173611,0.039003,0.335648,0.046366,0.138889,0.030988,0.118056,0.031281,0.256944,0.046566,0.203704,0.036104,0.171296,0.036535,0.180556,0.038089,0.224537,0.042449,0.363426,0.042037,0.25463,0.044284,0.256944,0.039798,0.233796,0.03804,0.115741,0.028634,0.164352,0.03449,0.525463,0.054697,0.225694,0.041475,72
medium_behavior_clone,shortcut_shift,0,0.3125,0.040833,0.231481,0.037982,0.326389,0.043072,0.162037,0.039288,0.136574,0.029839,0.25,0.041373,0.178241,0.034389,0.215278,0.039003,0.159722,0.035057,0.201389,0.032907,0.356481,0.048913,0.256944,0.038735,0.206019,0.041116,0.217593,0.038028,0.05787,0.025974,0.152778,0.032788,0.472222,0.058866,0.268912,0.042391,72
medium_behavior_clone,shortcut_shift,1,0.331019,0.046814,0.270833,0.043072,0.326389,0.043072,0.131944,0.030945,0.168981,0.031978,0.256944,0.039798,0.226852,0.041527,0.180556,0.034645,0.180556,0.03583,0.201389,0.038192,0.363426,0.04538,0.24537,0.037661,0.229167,0.039535,0.270833,0.045431,0.092593,0.025756,0.138889,0.030988,0.418981,0.057427,0.293819,0.048002,72
medium_behavior_clone,shortcut_shift,2,0.293981,0.044529,0.212963,0.036678,0.340278,0.044503,0.122685,0.03165,0.19213,0.036356,0.25,0.04286,0.219907,0.040776,0.178241,0.04052,0.152778,0.035243,0.24537,0.038753,0.412037,0.047027,0.268519,0.039066,0.226852,0.039465,0.219907,0.03702,0.090278,0.026592,0.159722,0.035057,0.49537,0.057055,0.24463,0.046794,72
medium_behavior_clone,shortcut_shift,3,0.310185,0.046281,0.206019,0.03568,0.37037,0.048877,0.131944,0.035939,0.173611,0.039003,0.263889,0.039699,0.199074,0.04317,0.19213,0.036356,0.159722,0.037918,0.25463,0.036535,0.395833,0.044969,0.30787,0.041201,0.226852,0.037845,0.222222,0.037118,0.090278,0.023241,0.127315,0.03568,0.451389,0.062458,0.2661,0.04575,72
medium_behavior_clone,shortcut_shift,4,0.326389,0.040577,0.180556,0.040737,0.324074,0.052448,0.122685,0.029605,0.168981,0.031978,0.256944,0.045201,0.212963,0.039421,0.201389,0.041341,0.157407,0.031581,0.231481,0.042643,0.375,0.04175,0.252315,0.045686,0.222222,0.040865,0.229167,0.043554,0.090278,0.030263,0.157407,0.038165,0.435185,0.053888,0.282928,0.040969,72
medium_behavior_clone,shortcut_shift,5,0.291667,0.043704,0.219907,0.033466,0.282407,0.039641,0.134259,0.030057,0.194444,0.04237,0.240741,0.036487,0.189815,0.038392,0.201389,0.034758,0.12963,0.029056,0.185185,0.037982,0.365741,0.036344,0.240741,0.038708,0.217593,0.037475,0.210648,0.040348,0.081019,0.02417,0.18287,0.033673,0.488426,0.053799,0.245463,0.04652,72
medium_behavior_clone,shortcut_shift,6,0.289352,0.041369,0.201389,0.037641,0.298611,0.049182,0.150463,0.037207,0.164352,0.037394,0.240741,0.047432,0.18287,0.033673,0.185185,0.036296,0.150463,0.031095,0.217593,0.034578,0.37963,0.045332,0.3125,0.039798,0.226852,0.040509,0.24537,0.040851,0.083333,0.028164,0.145833,0.032907,0.474537,0.05803,0.240903,0.041996,72
medium_behavior_clone,shortcut_shift,7,0.280093,0.03758,0.199074,0.039641,0.300926,0.036914,0.127315,0.031978,0.166667,0.03539,0.256944,0.036515,0.236111,0.03917,0.196759,0.041032,0.152778,0.032145,0.226852,0.037845,0.384259,0.046432,0.303241,0.037856,0.243056,0.038192,0.222222,0.041874,0.081019,0.027408,0.164352,0.033879,0.502315,0.047697,0.232373,0.039726,72
medium_behavior_clone,shortcut_shift,8,0.331019,0.049417,0.199074,0.04598,0.310185,0.043008,0.113426,0.03087,0.1875,0.037083,0.256944,0.038192,0.199074,0.038028,0.162037,0.036535,0.145833,0.032907,0.231481,0.044558,0.365741,0.049479,0.256944,0.040319,0.180556,0.038633,0.194444,0.03539,0.092593,0.028082,0.152778,0.032145,0.412037,0.05742,0.287037,0.04915,72
medium_behavior_clone,shortcut_shift,9,0.275463,0.046216,0.243056,0.041341,0.296296,0.048015,0.157407,0.034122,0.180556,0.04175,0.259259,0.046544,0.19213,0.041201,0.215278,0.037363,0.152778,0.032145,0.24537,0.041359,0.363426,0.04445,0.263889,0.036408,0.24537,0.041359,0.233796,0.044607,0.074074,0.025756,0.143519,0.032504,0.476852,0.053791,0.24191,0.046538,72
model_only_scaling,combined_exception_stress,0,0.261574,0.041285,0.224537,0.033048,0.393519,0.042026,0.164352,0.03626,0.236111,0.039699,0.291667,0.044179,0.206019,0.041621,0.261574,0.042775,0.1875,0.038735,0.344907,0.0506,0.395833,0.048969,0.398148,0.046842,0.219907,0.034691,0.25,0.036551,0.094907,0.026505,0.1875,0.041843,0.5,0.057792,0.203461,0.040167,72
model_only_scaling,combined_exception_stress,1,0.238426,0.045149,0.138889,0.03419,0.365741,0.051948,0.194444,0.03539,0.236111,0.046481,0.243056,0.042339,0.215278,0.038464,0.280093,0.041285,0.145833,0.034758,0.351852,0.040638,0.400463,0.047331,0.430556,0.040222,0.206019,0.03626,0.284722,0.041593,0.141204,0.029369,0.159722,0.037918,0.479167,0.059197,0.171308,0.042248,72
model_only_scaling,combined_exception_stress,2,0.24537,0.044284,0.196759,0.038944,0.324074,0.042315,0.175926,0.035911,0.203704,0.038888,0.24537,0.038753,0.226852,0.039465,0.259259,0.04787,0.166667,0.035975,0.361111,0.04237,0.44213,0.05135,0.428241,0.046516,0.231481,0.037982,0.282407,0.042192,0.106481,0.031193,0.194444,0.037676,0.5,0.051691,0.187778,0.042337,72
model_only_scaling,combined_exception_stress,3,0.25,0.04237,0.243056,0.037083,0.342593,0.044714,0.152778,0.042738,0.266204,0.042202,0.263889,0.043224,0.201389,0.037083,0.219907,0.041788,0.18287,0.033673,0.328704,0.043331,0.467593,0.046879,0.391204,0.049276,0.236111,0.039699,0.268519,0.045024,0.134259,0.028634,0.18287,0.034288,0.506944,0.051463,0.194016,0.040454,72
model_only_scaling,combined_exception_stress,4,0.273148,0.039465,0.196759,0.039476,0.328704,0.044753,0.185185,0.04215,0.189815,0.034978,0.25,0.040865,0.24537,0.037102,0.206019,0.037394,0.185185,0.035717,0.349537,0.041954,0.474537,0.043661,0.409722,0.051666,0.233796,0.040175,0.256944,0.040833,0.106481,0.031193,0.189815,0.043008,0.497685,0.059393,0.20713,0.035857,72
model_only_scaling,combined_exception_stress,5,0.229167,0.037363,0.201389,0.032266,0.368056,0.043314,0.173611,0.031281,0.219907,0.038675,0.25463,0.040851,0.259259,0.044714,0.252315,0.040348,0.185185,0.037429,0.340278,0.048969,0.439815,0.040509,0.421296,0.039288,0.208333,0.04603,0.319444,0.045114,0.099537,0.026373,0.173611,0.040059,0.506944,0.054228,0.157951,0.033739,72
model_only_scaling,combined_exception_stress,6,0.266204,0.041201,0.196759,0.037856,0.363426,0.044918,0.152778,0.032788,0.226852,0.03999,0.233796,0.039652,0.208333,0.041247,0.268519,0.04215,0.18287,0.033048,0.331019,0.044057,0.412037,0.045217,0.439815,0.034376,0.208333,0.042247,0.277778,0.049631,0.118056,0.0368,0.178241,0.038944,0.50463,0.054049,0.20037,0.039452,72
model_only_scaling,combined_exception_stress,7,0.240741,0.046093,0.178241,0.034991,0.326389,0.051056,0.173611,0.034456,0.219907,0.032836,0.231481,0.038528,0.233796,0.039122,0.212963,0.039947,0.175926,0.033505,0.386574,0.04326,0.430556,0.049102,0.37037,0.054145,0.189815,0.038932,0.256944,0.038735,0.113426,0.027281,0.18287,0.042938,0.497685,0.058329,0.1811,0.041696,72
model_only_scaling,combined_exception_stress,8,0.289352,0.04659,0.19213,0.036926,0.340278,0.046789,0.152778,0.037537,0.224537,0.044372,0.238426,0.042284,0.219907,0.04326,0.256944,0.041341,0.175926,0.040294,0.381944,0.048541,0.384259,0.046432,0.37963,0.042968,0.19213,0.032086,0.275463,0.046665,0.081019,0.027408,0.168981,0.041621,0.465278,0.055934,0.230197,0.045418,72
model_only_scaling,combined_exception_stress,9,0.289352,0.043341,0.199074,0.04068,0.337963,0.043331,0.175926,0.038708,0.196759,0.037856,0.268519,0.042643,0.219907,0.038131,0.247685,0.042367,0.168981,0.03509,0.365741,0.048196,0.460648,0.045913,0.425926,0.048304,0.206019,0.033879,0.321759,0.043501,0.111111,0.02961,0.196759,0.040001,0.476852,0.056071,0.218102,0.044419,72
model_only_scaling,contact_tail_shift,0,0.416667,0.045689,0.219907,0.034084,0.375,0.046928,0.134259,0.032073,0.231481,0.042643,0.210648,0.040862,0.238426,0.039739,0.210648,0.036547,0.162037,0.037661,0.37963,0.045332,0.398148,0.044087,0.453704,0.047138,0.201389,0.036515,0.24537,0.034173,0.083333,0.028164,0.171296,0.034779,0.377315,0.054824,0.339826,0.04779,72
model_only_scaling,contact_tail_shift,1,0.340278,0.040577,0.219907,0.042284,0.388889,0.036551,0.148148,0.029999,0.222222,0.037676,0.256944,0.034152,0.240741,0.040294,0.219907,0.033466,0.155093,0.037301,0.381944,0.045431,0.372685,0.044057,0.476852,0.039465,0.266204,0.037487,0.25,0.046594,0.104167,0.026982,0.143519,0.03314,0.4375,0.051463,0.269329,0.038713,72
model_only_scaling,contact_tail_shift,2,0.365741,0.04598,0.238426,0.041285,0.358796,0.048636,0.145833,0.034758,0.215278,0.038464,0.243056,0.041341,0.224537,0.040434,0.247685,0.039299,0.159722,0.0368,0.384259,0.045523,0.386574,0.044215,0.377315,0.049205,0.259259,0.036487,0.24537,0.041359,0.104167,0.02921,0.131944,0.037641,0.414352,0.060611,0.310405,0.046405,72
model_only_scaling,contact_tail_shift,3,0.340278,0.045431,0.238426,0.042284,0.296296,0.043929,0.145833,0.032907,0.224537,0.042449,0.277778,0.048782,0.1875,0.035353,0.175926,0.034729,0.178241,0.037856,0.37963,0.04579,0.393519,0.044908,0.421296,0.046131,0.215278,0.041593,0.261574,0.040776,0.090278,0.028851,0.166667,0.038226,0.451389,0.060763,0.277894,0.044342,72
model_only_scaling,contact_tail_shift,4,0.365741,0.046879,0.252315,0.040348,0.3125,0.042339,0.175926,0.038165,0.180556,0.03917,0.270833,0.041088,0.229167,0.0368,0.212963,0.037799,0.111111,0.032307,0.349537,0.040947,0.407407,0.05124,0.444444,0.048782,0.222222,0.038226,0.268519,0.041148,0.069444,0.023959,0.180556,0.033418,0.428241,0.05809,0.30515,0.046885,72
model_only_scaling,contact_tail_shift,5,0.300926,0.038028,0.217593,0.035765,0.344907,0.043501,0.138889,0.028164,0.19213,0.036356,0.273148,0.034978,0.1875,0.035939,0.210648,0.040348,0.168981,0.03449,0.351852,0.044558,0.409722,0.049604,0.416667,0.045689,0.231481,0.041148,0.243056,0.040833,0.076389,0.025795,0.166667,0.03419,0.488426,0.05341,0.24765,0.037441,72
model_only_scaling,contact_tail_shift,6,0.358796,0.041201,0.259259,0.041819,0.337963,0.044284,0.136574,0.03053,0.201389,0.037641,0.293981,0.044057,0.19213,0.032086,0.24537,0.036535,0.145833,0.031613,0.405093,0.046516,0.381944,0.046789,0.386574,0.049135,0.229167,0.038464,0.231481,0.039066,0.097222,0.027222,0.12037,0.03245,0.402778,0.055111,0.30897,0.044631,72
model_only_scaling,contact_tail_shift,7,0.31713,0.05135,0.233796,0.033362,0.319444,0.043224,0.171296,0.030287,0.210648,0.03357,0.266204,0.033362,0.215278,0.041088,0.263889,0.04603,0.166667,0.037118,0.386574,0.047405,0.407407,0.047432,0.423611,0.052468,0.243056,0.047892,0.273148,0.043968,0.099537,0.028649,0.143519,0.029116,0.518519,0.062497,0.258854,0.050805,72
model_only_scaling,contact_tail_shift,8,0.361111,0.043344,0.238426,0.041285,0.356481,0.044908,0.152778,0.034645,0.1875,0.035939,0.24537,0.045217,0.210648,0.038764,0.185185,0.037429,0.162037,0.034779,0.361111,0.05005,0.381944,0.044031,0.363426,0.043019,0.229167,0.045431,0.252315,0.04382,0.05787,0.019555,0.145833,0.032266,0.435185,0.06046,0.303542,0.046013,72
model_only_scaling,contact_tail_shift,9,0.377315,0.047916,0.226852,0.039465,0.347222,0.044179,0.152778,0.034645,0.185185,0.035717,0.252315,0.040348,0.243056,0.041843,0.229167,0.042585,0.185185,0.037982,0.372685,0.044995,0.37963,0.044869,0.400463,0.044607,0.25463,0.038211,0.208333,0.04175,0.099537,0.029369,0.173611,0.034456,0.418981,0.062309,0.316898,0.047167,72
model_only_scaling,cross_robot_morphology,0,0.310185,0.045828,0.25,0.03539,0.31713,0.043421,0.180556,0.038633,0.196759,0.036737,0.240741,0.040808,0.206019,0.041621,0.208333,0.034645,0.143519,0.031193,0.333333,0.040865,0.4375,0.046789,0.416667,0.043344,0.25,0.038226,0.268519,0.041148,0.127315,0.029955,0.168981,0.03626,0.446759,0.061917,0.252882,0.045023,72
model_only_scaling,cross_robot_morphology,1,0.303241,0.046291,0.226852,0.038392,0.3125,0.042829,0.168981,0.029955,0.180556,0.03583,0.275463,0.041453,0.201389,0.036515,0.238426,0.042284,0.196759,0.042037,0.363426,0.041032,0.416667,0.044766,0.393519,0.048052,0.226852,0.038392,0.273148,0.03557,0.101852,0.027073,0.18287,0.042938,0.493056,0.052666,0.248785,0.044868,72
model_only_scaling,cross_robot_morphology,2,0.337963,0.044753,0.1875,0.038192,0.321759,0.04538,0.148148,0.035717,0.222222,0.034796,0.261574,0.044685,0.201389,0.034758,0.243056,0.037641,0.145833,0.030263,0.326389,0.045431,0.388889,0.047919,0.407407,0.042315,0.224537,0.038313,0.252315,0.042856,0.122685,0.030983,0.157407,0.039244,0.439815,0.055697,0.271933,0.046672,72
model_only_scaling,cross_robot_morphology,3,0.356481,0.050591,0.180556,0.035243,0.319444,0.03917,0.171296,0.038753,0.194444,0.039831,0.263889,0.038089,0.203704,0.044401,0.217593,0.04119,0.178241,0.036164,0.372685,0.048565,0.37963,0.041485,0.435185,0.047725,0.273148,0.037289,0.275463,0.045762,0.115741,0.030743,0.1875,0.037083,0.425926,0.058112,0.289074,0.050114,72
model_only_scaling,cross_robot_morphology,4,0.340278,0.045431,0.224537,0.036642,0.331019,0.043099,0.164352,0.032624,0.189815,0.037845,0.25463,0.043331,0.236111,0.043224,0.233796,0.034591,0.159722,0.032588,0.37037,0.039421,0.400463,0.039122,0.449074,0.044597,0.266204,0.042694,0.3125,0.047454,0.134259,0.036914,0.150463,0.033048,0.435185,0.060804,0.280602,0.047166,72
model_only_scaling,cross_robot_morphology,5,0.303241,0.047184,0.219907,0.039739,0.333333,0.047919,0.143519,0.036152,0.194444,0.037118,0.268519,0.046842,0.231481,0.044558,0.185185,0.038528,0.141204,0.03273,0.305556,0.041373,0.386574,0.052423,0.423611,0.038735,0.240741,0.041317,0.256944,0.041843,0.104167,0.026982,0.162037,0.030287,0.428241,0.058448,0.250127,0.049495,72
model_only_scaling,cross_robot_morphology,6,0.3125,0.047012,0.201389,0.034152,0.287037,0.049724,0.180556,0.032788,0.229167,0.045888,0.284722,0.040577,0.199074,0.039641,0.238426,0.042284,0.173611,0.039003,0.358796,0.04318,0.405093,0.049558,0.421296,0.04877,0.24537,0.044753,0.268519,0.038528,0.092593,0.027329,0.152778,0.033418,0.474537,0.056573,0.253669,0.044456,72
model_only_scaling,cross_robot_morphology,7,0.368056,0.053648,0.194444,0.038768,0.337963,0.041359,0.168981,0.031318,0.196759,0.038944,0.284722,0.043072,0.194444,0.037118,0.226852,0.039465,0.155093,0.033777,0.349537,0.046216,0.395833,0.045431,0.395833,0.044031,0.1875,0.040319,0.25,0.04237,0.131944,0.033535,0.150463,0.035484,0.400463,0.057306,0.306493,0.053726,72
model_only_scaling,cross_robot_morphology,8,0.324074,0.047432,0.224537,0.041453,0.351852,0.051915,0.164352,0.03568,0.215278,0.037363,0.24537,0.039288,0.236111,0.043224,0.208333,0.036977,0.12963,0.029766,0.37037,0.039947,0.393519,0.044908,0.405093,0.041788,0.236111,0.038633,0.259259,0.042315,0.099537,0.031429,0.148148,0.030687,0.460648,0.062476,0.264942,0.046712,72
model_only_scaling,cross_robot_morphology,9,0.296296,0.04579,0.224537,0.039388,0.326389,0.041593,0.155093,0.033777,0.208333,0.042247,0.275463,0.041954,0.196759,0.043501,0.210648,0.037114,0.19213,0.040691,0.351852,0.04313,0.409722,0.050439,0.414352,0.043341,0.236111,0.042738,0.266204,0.042202,0.097222,0.026444,0.150463,0.034288,0.490741,0.062274,0.242674,0.045015,72
model_only_scaling,embodiment_shift,0,0.328704,0.043331,0.243056,0.039798,0.340278,0.037918,0.134259,0.030743,0.199074,0.033969,0.231481,0.041652,0.199074,0.034578,0.185185,0.036296,0.173611,0.037918,0.344907,0.051418,0.405093,0.045609,0.435185,0.047725,0.259259,0.041819,0.219907,0.039211,0.092593,0.026554,0.12963,0.028329,0.44213,0.054506,0.270984,0.041297,72
model_only_scaling,embodiment_shift,1,0.344907,0.045838,0.224537,0.038313,0.326389,0.045431,0.138889,0.03419,0.185185,0.041148,0.219907,0.041788,0.212963,0.038347,0.199074,0.035177,0.157407,0.037055,0.37037,0.053369,0.402778,0.05159,0.44213,0.050116,0.270833,0.042092,0.256944,0.046566,0.134259,0.032073,0.166667,0.032947,0.4375,0.05612,0.28838,0.044695,72
model_only_scaling,embodiment_shift,2,0.349537,0.045762,0.215278,0.0368,0.324074,0.042315,0.136574,0.033153,0.178241,0.038944,0.252315,0.037672,0.226852,0.042026,0.224537,0.045303,0.150463,0.031759,0.358796,0.043661,0.412037,0.050865,0.449074,0.051545,0.25,0.040865,0.25,0.044766,0.094907,0.02877,0.1875,0.034758,0.435185,0.054274,0.29272,0.047195,72
model_only_scaling,embodiment_shift,3,0.358796,0.044607,0.226852,0.03557,0.300926,0.042684,0.145833,0.035939,0.19213,0.03273,0.268519,0.035127,0.171296,0.034173,0.229167,0.039535,0.164352,0.03509,0.37037,0.048448,0.365741,0.047322,0.423611,0.048755,0.226852,0.034978,0.229167,0.037363,0.108796,0.031759,0.12037,0.029056,0.430556,0.056974,0.299734,0.048142,72
model_only_scaling,embodiment_shift,4,0.37963,0.047138,0.222222,0.041373,0.259259,0.045178,0.159722,0.035057,0.206019,0.042612,0.238426,0.040776,0.1875,0.037083,0.208333,0.041247,0.159722,0.035057,0.37037,0.042479,0.395833,0.053453,0.418981,0.044294,0.238426,0.039211,0.24537,0.041359,0.101852,0.035127,0.155093,0.033777,0.418981,0.05815,0.31691,0.049899,72
model_only_scaling,embodiment_shift,5,0.337963,0.040851,0.231481,0.041652,0.347222,0.047371,0.141204,0.032086,0.215278,0.0368,0.247685,0.040348,0.1875,0.035939,0.231481,0.04313,0.171296,0.035959,0.344907,0.041032,0.416667,0.051691,0.4375,0.045888,0.261574,0.044685,0.24537,0.047907,0.125,0.034037,0.185185,0.036867,0.4375,0.057225,0.280116,0.039781,72
model_only_scaling,embodiment_shift,6,0.347222,0.044179,0.222222,0.04237,0.333333,0.04523,0.127315,0.02925,0.201389,0.035353,0.247685,0.036547,0.203704,0.037242,0.189815,0.037845,0.175926,0.034729,0.363426,0.043978,0.418981,0.05209,0.368056,0.043314,0.215278,0.038464,0.247685,0.040862,0.101852,0.029295,0.148148,0.032664,0.395833,0.059021,0.292812,0.044457,72
model_only_scaling,embodiment_shift,7,0.365741,0.042684,0.247685,0.042856,0.30787,0.041201,0.162037,0.037102,0.212963,0.038888,0.24537,0.037661,0.210648,0.034186,0.212963,0.039947,0.164352,0.031978,0.365741,0.042684,0.351852,0.048592,0.398148,0.044087,0.266204,0.042694,0.282407,0.042684,0.113426,0.027281,0.131944,0.037083,0.381944,0.056491,0.306921,0.043281,72
model_only_scaling,embodiment_shift,8,0.347222,0.042247,0.229167,0.040577,0.328704,0.045676,0.199074,0.034578,0.185185,0.035127,0.25,0.043344,0.219907,0.048708,0.196759,0.035582,0.134259,0.032073,0.402778,0.046481,0.347222,0.045114,0.400463,0.051147,0.224537,0.039388,0.277778,0.037676,0.090278,0.028851,0.189815,0.038392,0.467593,0.054689,0.283079,0.038911,72
model_only_scaling,embodiment_shift,9,0.280093,0.04374,0.275463,0.045762,0.303241,0.041032,0.168981,0.03568,0.206019,0.038494,0.243056,0.040319,0.199074,0.040164,0.236111,0.04175,0.168981,0.038494,0.351852,0.041148,0.405093,0.042775,0.372685,0.042612,0.219907,0.03758,0.263889,0.038089,0.118056,0.031281,0.168981,0.036832,0.488426,0.05645,0.231667,0.041792,72
model_only_scaling,heldout_exception_composition,0,0.284722,0.039003,0.194444,0.035975,0.354167,0.042829,0.157407,0.030913,0.201389,0.039798,0.247685,0.039299,0.240741,0.04377,0.247685,0.044294,0.196759,0.036737,0.358796,0.041201,0.418981,0.044294,0.425926,0.049584,0.226852,0.041527,0.275463,0.038854,0.125,0.03583,0.157407,0.036487,0.446759,0.05514,0.217407,0.038625,72
model_only_scaling,heldout_exception_composition,1,0.319444,0.042738,0.252315,0.044762,0.365741,0.052746,0.178241,0.035582,0.219907,0.041788,0.24537,0.039816,0.215278,0.035057,0.236111,0.038089,0.155093,0.033153,0.377315,0.048779,0.449074,0.044126,0.409722,0.046566,0.252315,0.044762,0.247685,0.036547,0.108796,0.029011,0.175926,0.035325,0.4375,0.055747,0.258403,0.042093,72
model_only_scaling,heldout_exception_composition,2,0.270833,0.039535,0.217593,0.032717,0.321759,0.04674,0.148148,0.034528,0.196759,0.038404,0.19213,0.03273,0.236111,0.044179,0.233796,0.036926,0.150463,0.031095,0.391204,0.051755,0.458333,0.047371,0.37963,0.046244,0.25463,0.034779,0.287037,0.043451,0.111111,0.030988,0.162037,0.034779,0.5,0.056329,0.210949,0.037312,72
model_only_scaling,heldout_exception_composition,3,0.277778,0.038226,0.219907,0.040261,0.354167,0.046115,0.141204,0.033362,0.212963,0.038888,0.243056,0.047012,0.24537,0.043331,0.203704,0.041485,0.157407,0.036487,0.395833,0.048109,0.449074,0.040164,0.384259,0.050315,0.238426,0.041788,0.296296,0.041485,0.12037,0.031137,0.162037,0.031636,0.486111,0.05279,0.219479,0.038642,72
model_only_scaling,heldout_exception_composition,4,0.277778,0.043344,0.212963,0.038888,0.3125,0.03927,0.189815,0.03314,0.233796,0.041704,0.226852,0.037289,0.180556,0.036977,0.217593,0.038028,0.173611,0.0368,0.365741,0.04068,0.393519,0.045828,0.425926,0.050003,0.206019,0.041621,0.280093,0.041788,0.099537,0.024739,0.12037,0.033087,0.479167,0.051666,0.20713,0.042274,72
model_only_scaling,heldout_exception_composition,5,0.296296,0.045332,0.219907,0.034691,0.402778,0.050774,0.175926,0.033505,0.212963,0.040466,0.238426,0.039211,0.222222,0.04286,0.263889,0.045574,0.155093,0.036737,0.37037,0.043929,0.430556,0.048244,0.423611,0.055182,0.247685,0.043341,0.289352,0.040862,0.099537,0.026373,0.152778,0.039699,0.453704,0.056411,0.232662,0.04425,72
model_only_scaling,heldout_exception_composition,6,0.280093,0.046962,0.217593,0.042192,0.333333,0.040865,0.18287,0.039388,0.222222,0.036551,0.270833,0.044503,0.212963,0.043451,0.215278,0.0368,0.164352,0.037394,0.375,0.046928,0.416667,0.041874,0.421296,0.041861,0.236111,0.040222,0.256944,0.046115,0.097222,0.028715,0.168981,0.032624,0.5,0.060613,0.212569,0.047271,72
model_only_scaling,heldout_exception_composition,7,0.331019,0.047697,0.261574,0.038675,0.365741,0.04598,0.173611,0.037363,0.252315,0.047916,0.277778,0.037676,0.240741,0.039772,0.217593,0.042684,0.162037,0.028876,0.351852,0.049864,0.395833,0.039003,0.425926,0.056657,0.233796,0.041201,0.247685,0.036547,0.111111,0.030306,0.18287,0.036642,0.412037,0.0585,0.269282,0.046815,72
model_only_scaling,heldout_exception_composition,8,0.261574,0.044685,0.210648,0.037114,0.314815,0.040121,0.164352,0.03626,0.199074,0.035177,0.206019,0.037948,0.196759,0.04052,0.217593,0.039641,0.18287,0.034288,0.37037,0.042479,0.409722,0.046115,0.414352,0.043341,0.231481,0.043611,0.240741,0.039772,0.099537,0.026373,0.18287,0.040947,0.5,0.060613,0.200266,0.042295,72
model_only_scaling,heldout_exception_composition,9,0.287037,0.042968,0.243056,0.040833,0.354167,0.046115,0.148148,0.033918,0.194444,0.04237,0.252315,0.049628,0.224537,0.037207,0.25,0.040865,0.199074,0.038028,0.363426,0.04538,0.423611,0.043793,0.425926,0.04377,0.236111,0.04175,0.275463,0.044372,0.099537,0.028649,0.180556,0.038089,0.460648,0.061466,0.234259,0.040629,72
model_only_scaling,nominal_scaling,0,0.430556,0.043704,0.259259,0.037614,0.303241,0.041032,0.111111,0.027413,0.208333,0.043704,0.3125,0.047454,0.152778,0.036408,0.201389,0.034152,0.173611,0.040059,0.356481,0.041527,0.333333,0.04237,0.439815,0.049759,0.3125,0.040319,0.233796,0.040691,0.081019,0.026635,0.125,0.031489,0.365741,0.058023,0.38978,0.044224,72
model_only_scaling,nominal_scaling,1,0.486111,0.04603,0.231481,0.039597,0.319444,0.038633,0.101852,0.028573,0.155093,0.033153,0.305556,0.045689,0.155093,0.034991,0.194444,0.032307,0.152778,0.034645,0.349537,0.04484,0.328704,0.045676,0.407407,0.041317,0.310185,0.041021,0.25463,0.043331,0.094907,0.031539,0.12037,0.025209,0.331019,0.050255,0.452153,0.049256,72
model_only_scaling,nominal_scaling,2,0.465278,0.043793,0.268519,0.04313,0.226852,0.043491,0.106481,0.027645,0.215278,0.041088,0.273148,0.042026,0.143519,0.034978,0.180556,0.034037,0.143519,0.029824,0.391204,0.043421,0.340278,0.042092,0.388889,0.045689,0.282407,0.047761,0.287037,0.038888,0.087963,0.028144,0.122685,0.030302,0.375,0.05279,0.425718,0.044758,72
model_only_scaling,nominal_scaling,3,0.444444,0.051286,0.229167,0.0368,0.287037,0.040979,0.12037,0.030459,0.159722,0.037363,0.287037,0.037799,0.162037,0.037661,0.18287,0.039388,0.150463,0.033048,0.372685,0.044995,0.342593,0.044714,0.363426,0.040001,0.277778,0.038768,0.261574,0.046516,0.097222,0.026444,0.127315,0.029955,0.409722,0.054803,0.407535,0.053744,72
model_only_scaling,nominal_scaling,4,0.458333,0.049525,0.275463,0.038854,0.326389,0.045888,0.12037,0.028329,0.180556,0.037537,0.296296,0.049724,0.1875,0.037083,0.194444,0.034796,0.12963,0.030459,0.377315,0.047478,0.342593,0.050419,0.391204,0.053344,0.25,0.041373,0.229167,0.037918,0.085648,0.025019,0.104167,0.026196,0.340278,0.05612,0.419225,0.053256,72
model_only_scaling,nominal_scaling,5,0.446759,0.051215,0.24537,0.039288,0.289352,0.040348,0.081019,0.02584,0.19213,0.038585,0.282407,0.042192,0.131944,0.030263,0.199074,0.039111,0.152778,0.031489,0.381944,0.048969,0.291667,0.040222,0.405093,0.045609,0.275463,0.042938,0.240741,0.038708,0.055556,0.025025,0.148148,0.033297,0.358796,0.050324,0.413414,0.053822,72
model_only_scaling,nominal_scaling,6,0.483796,0.046665,0.24537,0.039816,0.287037,0.042479,0.108796,0.030416,0.157407,0.035911,0.266204,0.036926,0.145833,0.034758,0.206019,0.040088,0.127315,0.02925,0.421296,0.046581,0.30787,0.04318,0.377315,0.045226,0.298611,0.043793,0.226852,0.03999,0.05787,0.020595,0.150463,0.039388,0.354167,0.050851,0.451551,0.05078,72
model_only_scaling,nominal_scaling,7,0.488426,0.044918,0.238426,0.039739,0.282407,0.046879,0.094907,0.031539,0.171296,0.040337,0.243056,0.035353,0.152778,0.032145,0.164352,0.037948,0.134259,0.033349,0.351852,0.042643,0.337963,0.040851,0.391204,0.047551,0.293981,0.043099,0.252315,0.039299,0.083333,0.026641,0.136574,0.035582,0.331019,0.056141,0.453021,0.045213,72
model_only_scaling,nominal_scaling,8,0.430556,0.03917,0.252315,0.042367,0.305556,0.04286,0.12037,0.033087,0.236111,0.039699,0.303241,0.04052,0.143519,0.033764,0.180556,0.034037,0.141204,0.032086,0.335648,0.045457,0.31713,0.039388,0.423611,0.038192,0.256944,0.03927,0.247685,0.037114,0.060185,0.021726,0.101852,0.02629,0.393519,0.054561,0.382153,0.042027,72
model_only_scaling,nominal_scaling,9,0.465278,0.044267,0.259259,0.04699,0.300926,0.042684,0.113426,0.026505,0.152778,0.032788,0.266204,0.044136,0.152778,0.035243,0.19213,0.038585,0.143519,0.02839,0.398148,0.046842,0.337963,0.047907,0.414352,0.04659,0.256944,0.040833,0.256944,0.043793,0.071759,0.024026,0.118056,0.030606,0.37037,0.050557,0.425972,0.045122,72
model_only_scaling,recovery_scarcity,0,0.365741,0.049899,0.201389,0.035353,0.335648,0.044057,0.12037,0.029056,0.210648,0.034186,0.259259,0.037614,0.203704,0.042479,0.203704,0.034929,0.150463,0.037764,0.37037,0.040979,0.400463,0.046441,0.405093,0.051621,0.25,0.040865,0.287037,0.040979,0.087963,0.025002,0.180556,0.037537,0.402778,0.063883,0.309653,0.05183,72
model_only_scaling,recovery_scarcity,1,0.270833,0.042092,0.24537,0.039288,0.337963,0.04877,0.152778,0.03583,0.185185,0.037429,0.240741,0.039772,0.229167,0.043072,0.210648,0.032942,0.155093,0.031207,0.335648,0.043099,0.381944,0.046341,0.446759,0.048708,0.229167,0.041088,0.275463,0.039388,0.106481,0.029824,0.18287,0.033048,0.509259,0.058112,0.214977,0.039478,72
model_only_scaling,recovery_scarcity,2,0.328704,0.045676,0.224537,0.037764,0.331019,0.037394,0.168981,0.033258,0.208333,0.036408,0.238426,0.04374,0.217593,0.038573,0.208333,0.040222,0.159722,0.032588,0.368056,0.043793,0.375,0.044649,0.412037,0.044284,0.243056,0.043314,0.224537,0.037764,0.069444,0.021185,0.171296,0.032929,0.453704,0.052182,0.266644,0.04816,72
model_only_scaling,recovery_scarcity,3,0.310185,0.036152,0.259259,0.039772,0.319444,0.051184,0.178241,0.04052,0.215278,0.046341,0.224537,0.037207,0.226852,0.037845,0.210648,0.040862,0.173611,0.030606,0.363426,0.04674,0.375,0.046481,0.381944,0.043072,0.236111,0.038633,0.231481,0.040121,0.113426,0.030187,0.180556,0.03583,0.467593,0.046879,0.244016,0.038019,72
model_only_scaling,recovery_scarcity,4,0.335648,0.044995,0.259259,0.038165,0.310185,0.043008,0.175926,0.037055,0.18287,0.034891,0.212963,0.036678,0.229167,0.040059,0.210648,0.034791,0.162037,0.037661,0.37963,0.045332,0.386574,0.046516,0.363426,0.042037,0.240741,0.037055,0.238426,0.039739,0.104167,0.029917,0.171296,0.037102,0.465278,0.052864,0.2764,0.043768,72
model_only_scaling,recovery_scarcity,5,0.296296,0.048448,0.233796,0.045533,0.296296,0.040466,0.180556,0.037537,0.194444,0.036551,0.243056,0.045201,0.199074,0.04068,0.196759,0.040001,0.173611,0.033845,0.337963,0.047907,0.391204,0.044372,0.388889,0.039303,0.259259,0.04699,0.24537,0.041861,0.092593,0.024932,0.199074,0.039111,0.49537,0.057055,0.243542,0.048011,72
model_only_scaling,recovery_scarcity,6,0.375,0.049525,0.233796,0.045533,0.305556,0.04286,0.1875,0.037641,0.215278,0.043554,0.229167,0.037363,0.1875,0.034758,0.229167,0.037363,0.136574,0.037856,0.368056,0.037083,0.416667,0.047481,0.44213,0.04711,0.277778,0.044766,0.25463,0.042356,0.081019,0.025019,0.178241,0.036164,0.377315,0.053669,0.311181,0.048616,72
model_only_scaling,recovery_scarcity,7,0.344907,0.0506,0.226852,0.041527,0.333333,0.040351,0.127315,0.030644,0.229167,0.036228,0.266204,0.044136,0.236111,0.043224,0.233796,0.04318,0.162037,0.038753,0.375,0.045574,0.393519,0.046281,0.421296,0.052082,0.229167,0.037363,0.305556,0.043823,0.087963,0.026619,0.152778,0.036408,0.421296,0.060947,0.282824,0.051761,72
model_only_scaling,recovery_scarcity,8,0.340278,0.046341,0.208333,0.03583,0.331019,0.043581,0.155093,0.037301,0.210648,0.037672,0.259259,0.034122,0.215278,0.039535,0.208333,0.03917,0.152778,0.033418,0.340278,0.043554,0.395833,0.040059,0.421296,0.044753,0.25463,0.041861,0.261574,0.032836,0.097222,0.027979,0.168981,0.03568,0.428241,0.055892,0.280069,0.04596,72
model_only_scaling,recovery_scarcity,9,0.335648,0.042612,0.243056,0.03927,0.3125,0.037641,0.157407,0.033505,0.217593,0.038573,0.217593,0.032073,0.219907,0.035874,0.217593,0.042192,0.18287,0.038854,0.363426,0.045838,0.418981,0.04614,0.425926,0.050003,0.226852,0.037845,0.277778,0.040865,0.090278,0.024122,0.162037,0.038753,0.453704,0.057872,0.270625,0.045086,72
model_only_scaling,shortcut_shift,0,0.361111,0.046143,0.222222,0.035975,0.331019,0.048993,0.166667,0.03539,0.189815,0.037289,0.25463,0.038211,0.219907,0.035288,0.243056,0.03927,0.180556,0.03917,0.356481,0.044908,0.391204,0.043421,0.416667,0.043823,0.233796,0.039652,0.268519,0.047285,0.071759,0.020254,0.155093,0.029131,0.425926,0.053629,0.295775,0.046449,72
model_only_scaling,shortcut_shift,1,0.3125,0.036515,0.212963,0.041985,0.344907,0.047624,0.12963,0.0318,0.206019,0.039033,0.266204,0.042694,0.199074,0.039111,0.247685,0.039827,0.150463,0.033673,0.391204,0.041954,0.372685,0.044995,0.400463,0.04318,0.252315,0.040348,0.30787,0.044136,0.099537,0.026373,0.143519,0.033764,0.4375,0.05612,0.256123,0.037499,72
model_only_scaling,shortcut_shift,2,0.363426,0.043978,0.201389,0.034152,0.358796,0.050324,0.141204,0.03273,0.196759,0.035582,0.270833,0.045431,0.194444,0.034796,0.256944,0.047012,0.168981,0.03449,0.340278,0.043554,0.388889,0.047039,0.395833,0.044503,0.243056,0.037641,0.25463,0.046131,0.087963,0.028144,0.145833,0.028851,0.425926,0.05918,0.305972,0.043577,72
model_only_scaling,shortcut_shift,3,0.363426,0.049768,0.231481,0.041148,0.331019,0.043099,0.159722,0.030606,0.222222,0.04286,0.275463,0.046665,0.19213,0.041704,0.243056,0.037083,0.180556,0.034037,0.333333,0.045689,0.407407,0.042806,0.460648,0.041116,0.233796,0.038585,0.280093,0.041285,0.069444,0.021185,0.141204,0.03273,0.405093,0.05986,0.303843,0.049704,72
model_only_scaling,shortcut_shift,4,0.347222,0.043704,0.247685,0.040862,0.303241,0.048493,0.162037,0.02959,0.1875,0.033535,0.266204,0.048205,0.194444,0.037118,0.196759,0.042037,0.196759,0.038404,0.386574,0.042775,0.402778,0.050774,0.37963,0.042968,0.261574,0.039211,0.25,0.043344,0.071759,0.026505,0.138889,0.033574,0.414352,0.059568,0.294641,0.045583,72
model_only_scaling,shortcut_shift,5,0.363426,0.043019,0.222222,0.038226,0.314815,0.040638,0.150463,0.034288,0.210648,0.039827,0.289352,0.04659,0.224537,0.039914,0.224537,0.038313,0.162037,0.041861,0.358796,0.046441,0.418981,0.054057,0.384259,0.047322,0.261574,0.039211,0.305556,0.043344,0.083333,0.030306,0.152778,0.03583,0.418981,0.051283,0.307882,0.044608,72
model_only_scaling,shortcut_shift,6,0.31713,0.049276,0.25,0.041874,0.321759,0.04052,0.162037,0.033557,0.233796,0.047331,0.270833,0.044503,0.215278,0.0368,0.210648,0.041871,0.178241,0.036737,0.337963,0.04834,0.37963,0.043451,0.407407,0.053238,0.252315,0.038764,0.282407,0.040164,0.094907,0.032836,0.159722,0.036228,0.456019,0.063306,0.256539,0.048906,72
model_only_scaling,shortcut_shift,7,0.361111,0.039303,0.25,0.037118,0.296296,0.044869,0.143519,0.03557,0.222222,0.03419,0.215278,0.037363,0.196759,0.037301,0.252315,0.038222,0.145833,0.032907,0.358796,0.046441,0.37037,0.050142,0.381944,0.047233,0.219907,0.039211,0.273148,0.040509,0.081019,0.025019,0.138889,0.03419,0.425926,0.046544,0.300752,0.041921,72
model_only_scaling,shortcut_shift,8,0.342593,0.047432,0.224537,0.038854,0.303241,0.039476,0.113426,0.03087,0.240741,0.04377,0.268519,0.040638,0.180556,0.036977,0.231481,0.034528,0.131944,0.029566,0.372685,0.047697,0.391204,0.047551,0.418981,0.038764,0.217593,0.04317,0.275463,0.046665,0.122685,0.028159,0.159722,0.0368,0.402778,0.061213,0.293854,0.047456,72
model_only_scaling,shortcut_shift,9,0.381944,0.043072,0.261574,0.038131,0.31713,0.05135,0.111111,0.030306,0.175926,0.036487,0.296296,0.042479,0.180556,0.035243,0.236111,0.038089,0.173611,0.035647,0.384259,0.047761,0.391204,0.04711,0.400463,0.045533,0.256944,0.045201,0.273148,0.041021,0.090278,0.023241,0.143519,0.036152,0.368056,0.049182,0.341273,0.043239,72
oracle_exception_selector,combined_exception_stress,0,0.752315,0.038764,0.608796,0.045303,0.173611,0.034456,0.020833,0.014357,0.00463,0.006371,0.659722,0.037363,0.0625,0.01985,0.00463,0.006371,0.175926,0.035325,0.421296,0.04381,0.194444,0.03539,0.268519,0.04215,0.643519,0.04537,0.048611,0.021852,0.016204,0.013178,0.053241,0.023141,0.0,0.0,0.854525,0.033437,72
oracle_exception_selector,combined_exception_stress,1,0.715278,0.041593,0.694444,0.04237,0.145833,0.034152,0.023148,0.013407,0.002315,0.004537,0.627315,0.045457,0.069444,0.024815,0.002315,0.004537,0.203704,0.040979,0.412037,0.050453,0.178241,0.038404,0.277778,0.046143,0.701389,0.041341,0.053241,0.020254,0.018519,0.012184,0.034722,0.017019,0.0,0.0,0.821319,0.03702,72
oracle_exception_selector,combined_exception_stress,2,0.743056,0.041843,0.650463,0.046216,0.148148,0.032664,0.020833,0.012821,0.002315,0.004537,0.634259,0.044126,0.071759,0.026505,0.00463,0.006371,0.215278,0.043554,0.44213,0.047551,0.178241,0.037301,0.31713,0.048851,0.638889,0.046143,0.055556,0.022383,0.023148,0.013407,0.034722,0.015744,0.0,0.0,0.837743,0.039585,72
oracle_exception_selector,combined_exception_stress,3,0.756944,0.037083,0.69213,0.040175,0.159722,0.035057,0.023148,0.013407,0.002315,0.004537,0.606481,0.045828,0.074074,0.02408,0.009259,0.010982,0.226852,0.03557,0.402778,0.03917,0.148148,0.035127,0.280093,0.049558,0.666667,0.047039,0.06713,0.025569,0.025463,0.013948,0.037037,0.016117,0.0,0.0,0.851273,0.030447,72
oracle_exception_selector,combined_exception_stress,4,0.768519,0.040121,0.696759,0.048061,0.166667,0.037676,0.020833,0.012821,0.006944,0.007747,0.594907,0.048277,0.069444,0.024815,0.009259,0.010982,0.180556,0.034037,0.409722,0.043314,0.150463,0.036068,0.335648,0.048993,0.641204,0.046441,0.074074,0.024932,0.018519,0.013791,0.05787,0.023439,0.0,0.0,0.854097,0.035759,72
oracle_exception_selector,combined_exception_stress,5,0.729167,0.041088,0.712963,0.043451,0.171296,0.036535,0.020833,0.012821,0.002315,0.004537,0.601852,0.045024,0.081019,0.02584,0.00463,0.006371,0.19213,0.036356,0.393519,0.048052,0.159722,0.033223,0.298611,0.040319,0.643519,0.051002,0.0625,0.022787,0.018519,0.012184,0.069444,0.023072,0.0,0.0,0.832593,0.0366,72
oracle_exception_selector,combined_exception_stress,6,0.768519,0.04215,0.689815,0.045828,0.18287,0.031759,0.023148,0.013407,0.0,0.0,0.645833,0.047454,0.060185,0.020742,0.006944,0.007747,0.1875,0.030945,0.423611,0.044737,0.159722,0.038464,0.305556,0.045689,0.627315,0.048993,0.078704,0.021403,0.030093,0.016252,0.053241,0.023141,0.0,0.0,0.856424,0.034931,72
oracle_exception_selector,combined_exception_stress,7,0.736111,0.044179,0.678241,0.040001,0.162037,0.026619,0.032407,0.015343,0.002315,0.004537,0.673611,0.048969,0.06713,0.02299,0.00463,0.006371,0.166667,0.032947,0.388889,0.050465,0.173611,0.029917,0.300926,0.040164,0.659722,0.048109,0.076389,0.028118,0.030093,0.017489,0.060185,0.022666,0.0,0.0,0.833275,0.036731,72
oracle_exception_selector,combined_exception_stress,8,0.75463,0.038211,0.706019,0.045457,0.162037,0.032289,0.013889,0.010715,0.006944,0.007747,0.655093,0.04674,0.083333,0.026641,0.0,0.0,0.199074,0.032717,0.358796,0.042202,0.194444,0.03539,0.289352,0.039827,0.625,0.048675,0.050926,0.02006,0.011574,0.009855,0.041667,0.019113,0.0,0.0,0.855451,0.034087,72
oracle_exception_selector,combined_exception_stress,9,0.761574,0.039211,0.645833,0.043314,0.145833,0.032907,0.013889,0.010715,0.002315,0.004537,0.680556,0.043224,0.06713,0.024739,0.00463,0.006371,0.178241,0.036737,0.393519,0.043008,0.148148,0.029999,0.266204,0.043661,0.643519,0.043491,0.053241,0.019196,0.018519,0.013791,0.055556,0.02143,0.0,0.0,0.861713,0.032306,72
oracle_exception_selector,contact_tail_shift,0,0.791667,0.036408,0.69213,0.040175,0.162037,0.034173,0.009259,0.00888,0.00463,0.006371,0.666667,0.043344,0.060185,0.023569,0.006944,0.010088,0.166667,0.032307,0.361111,0.04237,0.145833,0.028851,0.303241,0.047624,0.685185,0.050281,0.064815,0.021964,0.020833,0.012821,0.039352,0.017687,0.0,0.0,0.890602,0.03025,72
oracle_exception_selector,contact_tail_shift,1,0.773148,0.041527,0.706019,0.041621,0.157407,0.032235,0.020833,0.014357,0.00463,0.006371,0.606481,0.05141,0.078704,0.025823,0.002315,0.004537,0.19213,0.036356,0.407407,0.052845,0.196759,0.037301,0.30787,0.042202,0.68287,0.046665,0.060185,0.023569,0.020833,0.012821,0.041667,0.019113,0.0,0.0,0.862454,0.035884,72
oracle_exception_selector,contact_tail_shift,2,0.766204,0.043661,0.712963,0.045332,0.143519,0.029116,0.016204,0.011485,0.009259,0.00888,0.62963,0.047579,0.043981,0.020426,0.006944,0.007747,0.180556,0.027222,0.405093,0.051215,0.162037,0.037102,0.280093,0.040261,0.671296,0.045217,0.039352,0.019908,0.016204,0.011485,0.046296,0.020658,0.0,0.0,0.861736,0.035557,72
oracle_exception_selector,contact_tail_shift,3,0.787037,0.037799,0.650463,0.046665,0.157407,0.030913,0.011574,0.009855,0.002315,0.004537,0.627315,0.045913,0.064815,0.025484,0.006944,0.007747,0.162037,0.035959,0.416667,0.046594,0.1875,0.035353,0.280093,0.038131,0.696759,0.050185,0.055556,0.02143,0.009259,0.00888,0.041667,0.019113,0.0,0.0,0.87772,0.02897,72
oracle_exception_selector,contact_tail_shift,4,0.787037,0.040979,0.706019,0.037948,0.178241,0.036164,0.016204,0.011485,0.00463,0.006371,0.671296,0.04381,0.064815,0.022895,0.0,0.0,0.159722,0.036228,0.381944,0.048541,0.175926,0.035911,0.291667,0.041247,0.68287,0.038313,0.055556,0.024176,0.020833,0.012821,0.041667,0.017988,0.0,0.0,0.884213,0.034285,72
oracle_exception_selector,contact_tail_shift,5,0.782407,0.036914,0.708333,0.037537,0.143519,0.03557,0.016204,0.011485,0.00463,0.006371,0.652778,0.043224,0.0625,0.022787,0.00463,0.006371,0.178241,0.038944,0.416667,0.038226,0.189815,0.03557,0.337963,0.04877,0.708333,0.040737,0.078704,0.025002,0.011574,0.009855,0.048611,0.020875,0.0,0.0,0.881921,0.031294,72
oracle_exception_selector,contact_tail_shift,6,0.756944,0.035939,0.696759,0.043019,0.164352,0.03509,0.006944,0.007747,0.002315,0.004537,0.652778,0.048244,0.048611,0.018769,0.006944,0.007747,0.199074,0.038028,0.381944,0.052268,0.1875,0.036515,0.335648,0.048993,0.694444,0.044766,0.053241,0.02126,0.018519,0.013791,0.050926,0.023862,0.0,0.0,0.864028,0.032725,72
oracle_exception_selector,contact_tail_shift,7,0.828704,0.036535,0.701389,0.042339,0.157407,0.031581,0.018519,0.012184,0.002315,0.004537,0.662037,0.037102,0.060185,0.022666,0.0,0.0,0.171296,0.034173,0.377315,0.052886,0.215278,0.037363,0.303241,0.046291,0.659722,0.042585,0.060185,0.021726,0.009259,0.00888,0.069444,0.024815,0.0,0.0,0.912326,0.027923,72
oracle_exception_selector,contact_tail_shift,8,0.780093,0.04326,0.638889,0.043344,0.164352,0.033879,0.018519,0.013791,0.00463,0.006371,0.685185,0.039597,0.05787,0.021585,0.00463,0.006371,0.180556,0.03917,0.398148,0.043611,0.189815,0.038932,0.289352,0.041871,0.75463,0.043331,0.060185,0.021726,0.011574,0.009855,0.034722,0.018204,0.0,0.0,0.873194,0.036586,72
oracle_exception_selector,contact_tail_shift,9,0.791667,0.030819,0.703704,0.042968,0.1875,0.036515,0.023148,0.013407,0.00463,0.006371,0.668981,0.046366,0.06713,0.02299,0.0,0.0,0.210648,0.040348,0.363426,0.048922,0.208333,0.037537,0.31713,0.041954,0.6875,0.047012,0.055556,0.018276,0.013889,0.010715,0.043981,0.020426,0.0,0.0,0.895093,0.024061,72
oracle_exception_selector,cross_robot_morphology,0,0.75,0.039303,0.678241,0.046291,0.171296,0.030287,0.009259,0.00888,0.0,0.0,0.652778,0.04781,0.050926,0.022971,0.00463,0.006371,0.175926,0.035911,0.449074,0.045063,0.12037,0.034326,0.300926,0.04119,0.655093,0.038944,0.050926,0.02006,0.025463,0.015372,0.060185,0.025278,0.0,0.0,0.852535,0.0348,72
oracle_exception_selector,cross_robot_morphology,1,0.789352,0.03165,0.68287,0.040434,0.138889,0.02961,0.009259,0.00888,0.0,0.0,0.662037,0.035959,0.0625,0.020875,0.0,0.0,0.208333,0.036977,0.37963,0.049302,0.180556,0.036408,0.319444,0.045114,0.648148,0.036867,0.053241,0.019196,0.018519,0.013791,0.037037,0.018528,0.0,0.0,0.888461,0.026423,72
oracle_exception_selector,cross_robot_morphology,2,0.773148,0.036152,0.706019,0.039033,0.164352,0.037394,0.016204,0.011485,0.00463,0.006371,0.662037,0.042356,0.069444,0.023959,0.002315,0.004537,0.212963,0.035521,0.402778,0.048675,0.180556,0.03583,0.310185,0.040509,0.648148,0.040121,0.043981,0.017087,0.006944,0.007747,0.043981,0.017087,0.0,0.0,0.872292,0.029789,72
oracle_exception_selector,cross_robot_morphology,3,0.763889,0.041247,0.671296,0.043331,0.180556,0.034645,0.00463,0.006371,0.0,0.0,0.703704,0.040979,0.074074,0.024932,0.002315,0.004537,0.194444,0.039303,0.405093,0.048277,0.164352,0.032624,0.289352,0.04614,0.659722,0.043554,0.050926,0.021075,0.018519,0.012184,0.055556,0.019384,0.0,0.0,0.857361,0.035455,72
oracle_exception_selector,cross_robot_morphology,4,0.773148,0.037289,0.668981,0.04212,0.173611,0.031941,0.013889,0.010715,0.002315,0.004537,0.62037,0.039947,0.046296,0.019622,0.002315,0.004537,0.168981,0.03449,0.428241,0.035874,0.180556,0.037537,0.270833,0.042585,0.655093,0.043978,0.064815,0.023789,0.00463,0.006371,0.027778,0.014448,0.0,0.0,0.870567,0.030222,72
oracle_exception_selector,cross_robot_morphology,5,0.722222,0.043823,0.703704,0.038888,0.178241,0.042037,0.023148,0.013407,0.006944,0.010088,0.62963,0.043929,0.0625,0.022787,0.00463,0.006371,0.159722,0.031281,0.393519,0.043008,0.1875,0.032266,0.305556,0.039303,0.678241,0.041032,0.050926,0.018991,0.020833,0.012821,0.034722,0.019317,0.0,0.0,0.823727,0.039111,72
oracle_exception_selector,cross_robot_morphology,6,0.780093,0.04326,0.699074,0.049479,0.164352,0.03568,0.011574,0.009855,0.0,0.0,0.631944,0.046566,0.071759,0.02488,0.00463,0.006371,0.201389,0.03927,0.405093,0.05282,0.171296,0.035959,0.298611,0.047012,0.657407,0.042806,0.050926,0.022971,0.016204,0.011485,0.041667,0.019113,0.0,0.0,0.870648,0.034855,72
oracle_exception_selector,cross_robot_morphology,7,0.763889,0.038633,0.645833,0.042829,0.159722,0.030606,0.018519,0.012184,0.0,0.0,0.636574,0.045838,0.050926,0.02006,0.013889,0.012512,0.171296,0.034779,0.381944,0.041593,0.210648,0.040862,0.293981,0.043099,0.675926,0.046093,0.037037,0.016117,0.018519,0.012184,0.032407,0.016648,0.0,0.0,0.868287,0.033055,72
oracle_exception_selector,cross_robot_morphology,8,0.775463,0.044372,0.699074,0.043651,0.168981,0.037948,0.011574,0.009855,0.013889,0.010715,0.643519,0.047615,0.064815,0.021964,0.009259,0.00888,0.178241,0.040001,0.418981,0.04614,0.141204,0.030758,0.284722,0.043072,0.701389,0.045201,0.060185,0.022666,0.018519,0.012184,0.027778,0.014448,0.0,0.0,0.869873,0.037648,72
oracle_exception_selector,cross_robot_morphology,9,0.784722,0.038464,0.69213,0.045989,0.206019,0.036832,0.011574,0.009855,0.002315,0.004537,0.659722,0.049394,0.05787,0.021585,0.0,0.0,0.18287,0.031759,0.425926,0.046093,0.162037,0.033557,0.305556,0.03539,0.678241,0.049347,0.050926,0.022043,0.009259,0.00888,0.046296,0.019622,0.0,0.0,0.879144,0.031856,72
oracle_exception_selector,embodiment_shift,0,0.770833,0.039003,0.719907,0.042284,0.143519,0.03314,0.013889,0.010715,0.0,0.0,0.655093,0.041032,0.069444,0.023072,0.002315,0.004537,0.194444,0.038226,0.465278,0.043793,0.159722,0.037363,0.305556,0.04237,0.685185,0.048592,0.071759,0.023141,0.018519,0.012184,0.048611,0.022787,0.0,0.0,0.87294,0.032063,72
oracle_exception_selector,embodiment_shift,1,0.780093,0.035288,0.694444,0.046143,0.162037,0.033557,0.006944,0.007747,0.00463,0.006371,0.627315,0.045457,0.064815,0.022895,0.0,0.0,0.194444,0.035975,0.472222,0.052492,0.166667,0.030988,0.340278,0.050646,0.706019,0.048133,0.043981,0.019377,0.011574,0.009855,0.032407,0.015343,0.0,0.0,0.881354,0.030715,72
oracle_exception_selector,embodiment_shift,2,0.775463,0.040434,0.68287,0.046216,0.134259,0.030743,0.023148,0.013407,0.00463,0.006371,0.645833,0.042339,0.050926,0.02006,0.006944,0.007747,0.194444,0.032947,0.449074,0.04598,0.19213,0.03273,0.282407,0.039111,0.6875,0.045201,0.0625,0.022787,0.016204,0.013178,0.041667,0.016787,0.0,0.0,0.873449,0.033249,72
oracle_exception_selector,embodiment_shift,3,0.782407,0.042192,0.733796,0.037487,0.162037,0.038753,0.009259,0.00888,0.002315,0.004537,0.622685,0.042367,0.043981,0.019377,0.002315,0.004537,0.199074,0.036914,0.449074,0.051948,0.175926,0.032876,0.287037,0.047579,0.668981,0.040605,0.078704,0.025002,0.023148,0.016225,0.037037,0.017364,0.0,0.0,0.87588,0.033962,72
oracle_exception_selector,embodiment_shift,4,0.782407,0.041694,0.717593,0.041694,0.143519,0.03314,0.016204,0.011485,0.002315,0.004537,0.657407,0.051646,0.05787,0.020595,0.00463,0.006371,0.194444,0.03419,0.372685,0.049417,0.196759,0.037856,0.293981,0.046366,0.726852,0.041527,0.0625,0.022787,0.020833,0.012821,0.034722,0.017019,0.0,0.0,0.876921,0.035223,72
oracle_exception_selector,embodiment_shift,5,0.775463,0.039388,0.717593,0.038573,0.178241,0.034389,0.018519,0.012184,0.006944,0.007747,0.689815,0.047615,0.053241,0.02126,0.00463,0.006371,0.155093,0.035582,0.405093,0.053605,0.178241,0.037301,0.319444,0.045574,0.652778,0.03917,0.048611,0.01985,0.009259,0.00888,0.039352,0.02093,0.0,0.0,0.875637,0.033287,72
oracle_exception_selector,embodiment_shift,6,0.738426,0.041285,0.717593,0.042192,0.150463,0.034891,0.016204,0.011485,0.006944,0.007747,0.599537,0.04318,0.06713,0.02299,0.0,0.0,0.168981,0.032624,0.409722,0.037641,0.173611,0.037363,0.335648,0.043581,0.659722,0.039003,0.069444,0.023072,0.006944,0.007747,0.041667,0.016787,0.0,0.0,0.83912,0.037054,72
oracle_exception_selector,embodiment_shift,7,0.740741,0.044714,0.715278,0.044503,0.166667,0.036551,0.020833,0.014357,0.00463,0.006371,0.664352,0.045457,0.06713,0.025569,0.00463,0.006371,0.194444,0.03539,0.435185,0.046842,0.168981,0.037394,0.273148,0.041527,0.655093,0.0506,0.053241,0.020254,0.011574,0.009855,0.032407,0.016648,0.0,0.0,0.847234,0.039662,72
oracle_exception_selector,embodiment_shift,8,0.8125,0.038192,0.731481,0.045942,0.127315,0.02925,0.009259,0.00888,0.00463,0.006371,0.648148,0.04313,0.064815,0.023789,0.0,0.0,0.178241,0.032517,0.377315,0.051283,0.206019,0.039033,0.282407,0.044597,0.708333,0.038633,0.071759,0.028035,0.016204,0.011485,0.025463,0.013948,0.0,0.0,0.906111,0.029729,72
oracle_exception_selector,embodiment_shift,9,0.768519,0.039066,0.756944,0.044267,0.141204,0.036356,0.013889,0.010715,0.0,0.0,0.606481,0.04252,0.076389,0.024122,0.00463,0.006371,0.155093,0.036737,0.414352,0.044294,0.210648,0.035386,0.291667,0.049525,0.6875,0.038192,0.074074,0.02408,0.025463,0.015372,0.050926,0.018991,0.0,0.0,0.876655,0.034384,72
oracle_exception_selector,heldout_exception_composition,0,0.726852,0.042026,0.650463,0.049698,0.155093,0.031869,0.016204,0.013178,0.002315,0.004537,0.622685,0.045686,0.050926,0.02006,0.011574,0.009855,0.164352,0.03626,0.375,0.045114,0.155093,0.036737,0.335648,0.047258,0.680556,0.041247,0.0625,0.024551,0.025463,0.013948,0.043981,0.018268,0.0,0.0,0.829144,0.036019,72
oracle_exception_selector,heldout_exception_composition,1,0.747685,0.038222,0.666667,0.049631,0.180556,0.030819,0.018519,0.012184,0.0,0.0,0.650463,0.047988,0.039352,0.01883,0.002315,0.004537,0.212963,0.040466,0.400463,0.042694,0.210648,0.041871,0.238426,0.039211,0.625,0.051993,0.060185,0.021726,0.023148,0.014883,0.037037,0.018528,0.0,0.0,0.851481,0.031957,72
oracle_exception_selector,heldout_exception_composition,2,0.763889,0.044179,0.712963,0.036678,0.166667,0.034796,0.020833,0.012821,0.009259,0.00888,0.655093,0.046291,0.060185,0.020742,0.0,0.0,0.210648,0.044762,0.400463,0.042202,0.19213,0.03804,0.31713,0.040947,0.666667,0.044297,0.069444,0.025643,0.011574,0.009855,0.023148,0.014883,0.0,0.0,0.855509,0.036411,72
oracle_exception_selector,heldout_exception_composition,3,0.761574,0.041285,0.696759,0.039476,0.122685,0.030302,0.016204,0.011485,0.00463,0.006371,0.673611,0.047673,0.06713,0.026373,0.002315,0.004537,0.162037,0.032929,0.349537,0.04484,0.199074,0.040164,0.337963,0.041359,0.694444,0.04286,0.090278,0.025795,0.034722,0.017019,0.060185,0.021726,0.0,0.0,0.855602,0.033029,72
oracle_exception_selector,heldout_exception_composition,4,0.752315,0.040862,0.706019,0.051486,0.173611,0.033223,0.009259,0.00888,0.002315,0.004537,0.608796,0.042938,0.060185,0.023569,0.013889,0.010715,0.196759,0.036737,0.398148,0.052315,0.18287,0.034891,0.296296,0.034929,0.671296,0.045676,0.069444,0.024815,0.023148,0.014883,0.05787,0.018457,0.0,0.0,0.856979,0.035033,72
oracle_exception_selector,heldout_exception_composition,5,0.740741,0.047432,0.706019,0.039564,0.171296,0.032289,0.00463,0.006371,0.006944,0.007747,0.62963,0.041985,0.055556,0.018276,0.011574,0.009855,0.19213,0.035777,0.407407,0.040808,0.148148,0.037982,0.282407,0.048627,0.68287,0.046665,0.048611,0.021852,0.016204,0.011485,0.043981,0.020426,0.0,0.0,0.837095,0.040493,72
oracle_exception_selector,heldout_exception_composition,6,0.780093,0.042284,0.701389,0.047454,0.166667,0.032947,0.009259,0.010982,0.0,0.0,0.662037,0.045676,0.0625,0.023686,0.00463,0.006371,0.180556,0.033418,0.469907,0.045838,0.175926,0.038708,0.324074,0.04787,0.650463,0.041954,0.069444,0.023959,0.009259,0.00888,0.032407,0.018991,0.0,0.0,0.875671,0.036392,72
oracle_exception_selector,heldout_exception_composition,7,0.738426,0.048708,0.678241,0.04538,0.164352,0.033258,0.018519,0.013791,0.0,0.0,0.662037,0.042356,0.064815,0.024651,0.002315,0.004537,0.201389,0.038192,0.37963,0.041485,0.18287,0.040434,0.291667,0.043704,0.675926,0.046093,0.071759,0.025705,0.013889,0.012512,0.053241,0.020254,0.0,0.0,0.832384,0.043061,72
oracle_exception_selector,heldout_exception_composition,8,0.75,0.04237,0.675926,0.044714,0.145833,0.029566,0.013889,0.010715,0.009259,0.00888,0.638889,0.04237,0.055556,0.02143,0.016204,0.013178,0.208333,0.039699,0.416667,0.04237,0.143519,0.034376,0.25463,0.042846,0.645833,0.053648,0.060185,0.023569,0.013889,0.010715,0.046296,0.020658,0.0,0.0,0.849213,0.036297,72
oracle_exception_selector,heldout_exception_composition,9,0.733796,0.044136,0.717593,0.037475,0.194444,0.035975,0.011574,0.009855,0.002315,0.004537,0.678241,0.043501,0.055556,0.024176,0.006944,0.010088,0.194444,0.038226,0.409722,0.046115,0.171296,0.032929,0.300926,0.04317,0.611111,0.046594,0.048611,0.021852,0.006944,0.007747,0.0625,0.024551,0.0,0.0,0.83875,0.039991,72
oracle_exception_selector,nominal_scaling,0,0.791667,0.041247,0.736111,0.039699,0.136574,0.031869,0.00463,0.006371,0.002315,0.004537,0.680556,0.04603,0.043981,0.020426,0.0,0.0,0.150463,0.033673,0.465278,0.042829,0.127315,0.027786,0.303241,0.041537,0.722222,0.040351,0.041667,0.016787,0.009259,0.00888,0.032407,0.017858,0.0,0.0,0.89206,0.031877,72
oracle_exception_selector,nominal_scaling,1,0.805556,0.039303,0.712963,0.047138,0.1875,0.035353,0.013889,0.012512,0.0,0.0,0.641204,0.05354,0.048611,0.020875,0.006944,0.007747,0.152778,0.033418,0.428241,0.051215,0.166667,0.038226,0.30787,0.039652,0.717593,0.038028,0.064815,0.022895,0.011574,0.009855,0.041667,0.016787,0.0,0.0,0.901285,0.031576,72
oracle_exception_selector,nominal_scaling,2,0.835648,0.037948,0.75463,0.045217,0.166667,0.031654,0.016204,0.013178,0.006944,0.007747,0.68287,0.040947,0.041667,0.023959,0.00463,0.006371,0.164352,0.03626,0.456019,0.042367,0.196759,0.033777,0.314815,0.04816,0.694444,0.044766,0.048611,0.021852,0.009259,0.00888,0.025463,0.015372,0.0,0.0,0.920243,0.027756,72
oracle_exception_selector,nominal_scaling,3,0.828704,0.035959,0.770833,0.041088,0.150463,0.031095,0.006944,0.007747,0.00463,0.006371,0.627315,0.048565,0.043981,0.019377,0.002315,0.004537,0.171296,0.039288,0.472222,0.044766,0.164352,0.033879,0.291667,0.040737,0.74537,0.035374,0.0625,0.022787,0.011574,0.009855,0.030093,0.016252,0.0,0.0,0.924213,0.027538,72
oracle_exception_selector,nominal_scaling,4,0.789352,0.040348,0.780093,0.040776,0.143519,0.031193,0.011574,0.009855,0.0,0.0,0.675926,0.045178,0.060185,0.025278,0.00463,0.006371,0.143519,0.031193,0.418981,0.048779,0.148148,0.030687,0.252315,0.041369,0.747685,0.042367,0.050926,0.021075,0.013889,0.010715,0.041667,0.016787,0.0,0.0,0.899016,0.03095,72
oracle_exception_selector,nominal_scaling,5,0.800926,0.032073,0.69213,0.044607,0.115741,0.030057,0.006944,0.007747,0.006944,0.010088,0.673611,0.044503,0.048611,0.018769,0.002315,0.004537,0.157407,0.032235,0.444444,0.044297,0.145833,0.036515,0.280093,0.045149,0.724537,0.043421,0.076389,0.024122,0.016204,0.011485,0.037037,0.017364,0.0,0.0,0.902269,0.023801,72
oracle_exception_selector,nominal_scaling,6,0.833333,0.03539,0.715278,0.043554,0.178241,0.033777,0.00463,0.006371,0.002315,0.004537,0.664352,0.041621,0.06713,0.027153,0.0,0.0,0.150463,0.033673,0.407407,0.045178,0.164352,0.031978,0.351852,0.045485,0.726852,0.038932,0.060185,0.022666,0.006944,0.007747,0.030093,0.014912,0.0,0.0,0.912303,0.025836,72
oracle_exception_selector,nominal_scaling,7,0.810185,0.039465,0.733796,0.046888,0.138889,0.032947,0.011574,0.009855,0.0,0.0,0.662037,0.042356,0.06713,0.023881,0.002315,0.004537,0.155093,0.034389,0.418981,0.050874,0.134259,0.032073,0.298611,0.044267,0.722222,0.044297,0.069444,0.023959,0.023148,0.013407,0.05787,0.023439,0.0,0.0,0.901088,0.029016,72
oracle_exception_selector,nominal_scaling,8,0.821759,0.035582,0.694444,0.040351,0.143519,0.03557,0.020833,0.012821,0.0,0.0,0.655093,0.044918,0.05787,0.022531,0.0,0.0,0.148148,0.034528,0.391204,0.038313,0.171296,0.034173,0.344907,0.043978,0.715278,0.051056,0.046296,0.019622,0.013889,0.010715,0.037037,0.018528,0.0,0.0,0.909387,0.027415,72
oracle_exception_selector,nominal_scaling,9,0.833333,0.03419,0.738426,0.041285,0.159722,0.033223,0.013889,0.010715,0.0,0.0,0.675926,0.045638,0.064815,0.024651,0.00463,0.006371,0.150463,0.034891,0.414352,0.052886,0.152778,0.036408,0.296296,0.041985,0.736111,0.045574,0.043981,0.018268,0.025463,0.013948,0.032407,0.016648,0.0,0.0,0.927627,0.02475,72
oracle_exception_selector,recovery_scarcity,0,0.747685,0.042367,0.699074,0.04598,0.141204,0.036356,0.018519,0.012184,0.006944,0.007747,0.638889,0.043823,0.046296,0.020658,0.009259,0.00888,0.203704,0.035521,0.381944,0.046341,0.180556,0.034645,0.300926,0.052746,0.678241,0.043501,0.046296,0.021645,0.011574,0.009855,0.053241,0.02126,0.0,0.0,0.850012,0.03818,72
oracle_exception_selector,recovery_scarcity,1,0.777778,0.035975,0.699074,0.042192,0.157407,0.028082,0.011574,0.009855,0.0,0.0,0.634259,0.045523,0.06713,0.022063,0.0,0.0,0.189815,0.033764,0.388889,0.046143,0.206019,0.037948,0.289352,0.040862,0.708333,0.042247,0.0625,0.023686,0.006944,0.007747,0.043981,0.017087,0.0,0.0,0.881794,0.032346,72
oracle_exception_selector,recovery_scarcity,2,0.777778,0.036551,0.671296,0.040337,0.168981,0.033258,0.020833,0.014357,0.006944,0.007747,0.625,0.046481,0.071759,0.025705,0.002315,0.004537,0.189815,0.038932,0.405093,0.039739,0.141204,0.034591,0.300926,0.04317,0.675926,0.041317,0.048611,0.020875,0.030093,0.014912,0.0625,0.021852,0.0,0.0,0.875417,0.031857,72
oracle_exception_selector,recovery_scarcity,3,0.777778,0.039303,0.673611,0.042585,0.152778,0.032145,0.016204,0.013178,0.002315,0.004537,0.659722,0.045431,0.06713,0.02299,0.00463,0.006371,0.215278,0.037363,0.37963,0.045332,0.150463,0.038313,0.296296,0.046244,0.652778,0.039699,0.050926,0.022043,0.018519,0.012184,0.048611,0.021852,0.0,0.0,0.873808,0.031693,72
oracle_exception_selector,recovery_scarcity,4,0.791667,0.038633,0.699074,0.04119,0.168981,0.03568,0.020833,0.012821,0.009259,0.00888,0.634259,0.04317,0.074074,0.021321,0.006944,0.007747,0.180556,0.036408,0.400463,0.052357,0.199074,0.04119,0.310185,0.042026,0.689815,0.043968,0.060185,0.026879,0.016204,0.016036,0.039352,0.01883,0.0,0.0,0.884676,0.03097,72
oracle_exception_selector,recovery_scarcity,5,0.782407,0.038573,0.689815,0.046281,0.134259,0.030743,0.011574,0.009855,0.0,0.0,0.634259,0.050728,0.048611,0.020875,0.0,0.0,0.173611,0.035647,0.37963,0.043451,0.196759,0.039476,0.305556,0.046143,0.664352,0.05229,0.043981,0.019377,0.030093,0.017489,0.041667,0.017988,0.0,0.0,0.885718,0.033393,72
oracle_exception_selector,recovery_scarcity,6,0.740741,0.038708,0.701389,0.046115,0.141204,0.03273,0.020833,0.012821,0.006944,0.007747,0.666667,0.043344,0.071759,0.025705,0.006944,0.007747,0.175926,0.039772,0.395833,0.040059,0.19213,0.034591,0.268519,0.043611,0.726852,0.043008,0.071759,0.02126,0.020833,0.012821,0.032407,0.017858,0.0,0.0,0.851528,0.034611,72
oracle_exception_selector,recovery_scarcity,7,0.75,0.040351,0.738426,0.039739,0.157407,0.034122,0.011574,0.009855,0.006944,0.007747,0.643519,0.043491,0.074074,0.02408,0.006944,0.007747,0.178241,0.037301,0.421296,0.042356,0.185185,0.036867,0.298611,0.041843,0.652778,0.050361,0.048611,0.018769,0.016204,0.011485,0.048611,0.01985,0.0,0.0,0.856852,0.034846,72
oracle_exception_selector,recovery_scarcity,8,0.759259,0.040808,0.6875,0.037083,0.194444,0.032307,0.011574,0.009855,0.002315,0.004537,0.638889,0.046594,0.048611,0.01985,0.013889,0.012512,0.199074,0.037475,0.444444,0.052889,0.194444,0.043823,0.280093,0.039211,0.638889,0.041874,0.069444,0.023959,0.016204,0.011485,0.037037,0.017364,0.0,0.0,0.852442,0.032547,72
oracle_exception_selector,recovery_scarcity,9,0.787037,0.043929,0.731481,0.045024,0.152778,0.034037,0.018519,0.012184,0.00463,0.006371,0.648148,0.045485,0.085648,0.02584,0.002315,0.004537,0.19213,0.041704,0.421296,0.04834,0.196759,0.037856,0.303241,0.04674,0.722222,0.040865,0.076389,0.024122,0.009259,0.00888,0.048611,0.018769,0.0,0.0,0.87691,0.036324,72
oracle_exception_selector,shortcut_shift,0,0.777778,0.040865,0.689815,0.043008,0.18287,0.038854,0.009259,0.00888,0.013889,0.010715,0.666667,0.04523,0.043981,0.019377,0.00463,0.006371,0.18287,0.036068,0.381944,0.053842,0.166667,0.037118,0.30787,0.042694,0.666667,0.046143,0.06713,0.025569,0.006944,0.007747,0.046296,0.019622,0.0,0.0,0.873727,0.034664,72
oracle_exception_selector,shortcut_shift,1,0.743056,0.044737,0.652778,0.042247,0.136574,0.033153,0.006944,0.010088,0.009259,0.010982,0.625,0.04603,0.06713,0.021096,0.002315,0.004537,0.175926,0.032876,0.388889,0.041874,0.175926,0.037614,0.289352,0.039827,0.706019,0.039033,0.081019,0.025019,0.009259,0.00888,0.050926,0.02006,0.0,0.0,0.844907,0.040423,72
oracle_exception_selector,shortcut_shift,2,0.789352,0.037672,0.722222,0.041373,0.168981,0.037394,0.011574,0.009855,0.00463,0.006371,0.659722,0.038464,0.055556,0.019384,0.002315,0.004537,0.19213,0.033982,0.416667,0.05005,0.155093,0.039476,0.296296,0.043929,0.69213,0.037487,0.071759,0.02488,0.025463,0.013948,0.048611,0.018769,0.0,0.0,0.885301,0.030076,72
oracle_exception_selector,shortcut_shift,3,0.761574,0.041285,0.712963,0.039421,0.143519,0.032504,0.011574,0.009855,0.006944,0.007747,0.715278,0.040059,0.064815,0.022895,0.0,0.0,0.173611,0.0368,0.444444,0.04523,0.173611,0.031941,0.291667,0.041247,0.722222,0.04237,0.071759,0.023141,0.020833,0.012821,0.048611,0.020875,0.0,0.0,0.868588,0.034972,72
oracle_exception_selector,shortcut_shift,4,0.759259,0.040808,0.708333,0.042738,0.150463,0.034891,0.009259,0.00888,0.002315,0.004537,0.613426,0.049135,0.060185,0.021726,0.00463,0.006371,0.164352,0.036832,0.407407,0.042315,0.175926,0.036487,0.284722,0.039535,0.685185,0.040638,0.076389,0.022324,0.016204,0.011485,0.034722,0.017019,0.0,0.0,0.863854,0.035829,72
oracle_exception_selector,shortcut_shift,5,0.777778,0.040865,0.726852,0.04673,0.18287,0.038854,0.020833,0.014357,0.0,0.0,0.636574,0.051823,0.039352,0.016465,0.006944,0.007747,0.175926,0.034729,0.391204,0.043899,0.168981,0.03626,0.282407,0.04598,0.69213,0.043661,0.055556,0.023297,0.018519,0.012184,0.053241,0.020254,0.0,0.0,0.883576,0.033667,72
oracle_exception_selector,shortcut_shift,6,0.761574,0.041285,0.733796,0.033982,0.155093,0.036164,0.00463,0.006371,0.006944,0.007747,0.662037,0.044284,0.046296,0.021645,0.006944,0.007747,0.157407,0.038165,0.358796,0.048205,0.168981,0.031318,0.298611,0.03927,0.673611,0.044503,0.074074,0.025756,0.006944,0.007747,0.037037,0.017364,0.0,0.0,0.869514,0.034581,72
oracle_exception_selector,shortcut_shift,7,0.782407,0.033969,0.671296,0.045676,0.164352,0.033258,0.006944,0.007747,0.00463,0.006371,0.668981,0.047258,0.05787,0.020595,0.00463,0.006371,0.199074,0.04068,0.423611,0.044737,0.19213,0.034591,0.328704,0.054816,0.641204,0.050737,0.0625,0.023686,0.009259,0.010982,0.018519,0.013791,0.0,0.0,0.881887,0.028818,72
oracle_exception_selector,shortcut_shift,8,0.731481,0.038528,0.694444,0.047039,0.162037,0.032929,0.006944,0.007747,0.002315,0.004537,0.664352,0.042612,0.069444,0.022148,0.009259,0.00888,0.18287,0.037207,0.402778,0.045574,0.180556,0.035243,0.287037,0.045332,0.671296,0.047907,0.050926,0.022043,0.016204,0.011485,0.043981,0.021423,0.0,0.0,0.846991,0.033786,72
oracle_exception_selector,shortcut_shift,9,0.747685,0.038222,0.6875,0.038735,0.164352,0.037948,0.011574,0.009855,0.009259,0.00888,0.685185,0.041148,0.060185,0.020742,0.009259,0.00888,0.189815,0.034376,0.418981,0.051283,0.150463,0.034891,0.289352,0.042856,0.68287,0.041954,0.06713,0.022063,0.018519,0.012184,0.039352,0.016465,0.0,0.0,0.85625,0.032837,72
proposed_embodied_scale_exception_audit_v4,combined_exception_stress,0,0.590278,0.046566,0.55787,0.048851,0.217593,0.033349,0.064815,0.022895,0.06713,0.025569,0.541667,0.04603,0.122685,0.035971,0.064815,0.024651,0.168981,0.038494,0.303241,0.045838,0.263889,0.041247,0.261574,0.041285,0.530093,0.042037,0.106481,0.029824,0.053241,0.02126,0.104167,0.02921,0.199074,0.04317,0.654873,0.046915,72
proposed_embodied_scale_exception_audit_v4,combined_exception_stress,1,0.56713,0.050737,0.576389,0.048325,0.212963,0.039947,0.085648,0.026635,0.060185,0.023569,0.511574,0.044918,0.12963,0.033712,0.064815,0.023789,0.222222,0.040865,0.331019,0.044529,0.291667,0.042738,0.25,0.045689,0.541667,0.045574,0.104167,0.024551,0.034722,0.018204,0.081019,0.02417,0.194444,0.046594,0.624687,0.050987,72
proposed_embodied_scale_exception_audit_v4,combined_exception_stress,2,0.576389,0.044267,0.523148,0.05141,0.18287,0.037207,0.087963,0.025823,0.05787,0.023439,0.506944,0.043072,0.101852,0.029295,0.050926,0.022043,0.199074,0.033349,0.349537,0.045303,0.238426,0.040261,0.25463,0.037661,0.527778,0.045689,0.118056,0.033845,0.034722,0.019317,0.090278,0.026592,0.206019,0.039564,0.635035,0.044942,72
proposed_embodied_scale_exception_audit_v4,combined_exception_stress,3,0.555556,0.049208,0.539352,0.049838,0.240741,0.038708,0.06713,0.02299,0.06713,0.025569,0.523148,0.042026,0.131944,0.033535,0.076389,0.020369,0.194444,0.033574,0.303241,0.043019,0.282407,0.04317,0.256944,0.039798,0.506944,0.044031,0.099537,0.032086,0.053241,0.020254,0.113426,0.030187,0.224537,0.056017,0.614792,0.051496,72
proposed_embodied_scale_exception_audit_v4,combined_exception_stress,4,0.581019,0.047916,0.541667,0.04781,0.212963,0.042968,0.039352,0.017687,0.064815,0.021964,0.50463,0.047469,0.12963,0.031137,0.064815,0.02629,0.173611,0.037918,0.31713,0.047551,0.219907,0.042775,0.217593,0.039111,0.5625,0.048109,0.125,0.032788,0.048611,0.01985,0.087963,0.026619,0.233796,0.050324,0.648889,0.050395,72
proposed_embodied_scale_exception_audit_v4,combined_exception_stress,5,0.553241,0.048277,0.527778,0.049631,0.203704,0.037242,0.092593,0.025756,0.076389,0.028118,0.488426,0.041032,0.108796,0.026766,0.06713,0.021096,0.178241,0.034389,0.326389,0.044969,0.226852,0.041021,0.261574,0.036452,0.55787,0.049698,0.12037,0.029056,0.048611,0.020875,0.081019,0.025019,0.19213,0.046888,0.611123,0.048868,72
proposed_embodied_scale_exception_audit_v4,combined_exception_stress,6,0.578704,0.047027,0.571759,0.042284,0.219907,0.039211,0.05787,0.021585,0.046296,0.020658,0.560185,0.048052,0.118056,0.02921,0.074074,0.025756,0.1875,0.032907,0.300926,0.044597,0.259259,0.045178,0.266204,0.043661,0.502315,0.050255,0.113426,0.032836,0.039352,0.017687,0.074074,0.02408,0.208333,0.048675,0.646296,0.045433,72
proposed_embodied_scale_exception_audit_v4,combined_exception_stress,7,0.590278,0.040833,0.560185,0.038392,0.208333,0.035243,0.090278,0.029566,0.053241,0.020254,0.534722,0.043314,0.083333,0.026641,0.064815,0.022895,0.178241,0.031869,0.324074,0.046093,0.259259,0.040808,0.247685,0.041369,0.520833,0.03927,0.131944,0.035939,0.060185,0.025278,0.087963,0.027392,0.19213,0.044607,0.659433,0.039623,72
proposed_embodied_scale_exception_audit_v4,combined_exception_stress,8,0.569444,0.050774,0.578704,0.046581,0.222222,0.038768,0.076389,0.024973,0.06713,0.02299,0.520833,0.05442,0.141204,0.031429,0.037037,0.017364,0.201389,0.037641,0.293981,0.044995,0.240741,0.04377,0.229167,0.037363,0.50463,0.045217,0.094907,0.027281,0.053241,0.019196,0.069444,0.023959,0.229167,0.050646,0.627812,0.050461,72
proposed_embodied_scale_exception_audit_v4,combined_exception_stress,9,0.571759,0.047405,0.511574,0.043019,0.236111,0.038633,0.064815,0.022895,0.0625,0.025387,0.513889,0.043704,0.12037,0.031137,0.085648,0.025019,0.180556,0.03583,0.291667,0.049945,0.243056,0.040319,0.280093,0.045149,0.523148,0.03999,0.113426,0.027281,0.039352,0.017687,0.106481,0.03314,0.212963,0.048877,0.629387,0.048814,72
proposed_embodied_scale_exception_audit_v4,contact_tail_shift,0,0.581019,0.049205,0.55787,0.046216,0.263889,0.041247,0.053241,0.019196,0.048611,0.024551,0.583333,0.04237,0.094907,0.026505,0.05787,0.022531,0.18287,0.038313,0.328704,0.040851,0.261574,0.039739,0.236111,0.040737,0.574074,0.040808,0.090278,0.030263,0.020833,0.014357,0.050926,0.018991,0.233796,0.051147,0.659826,0.049384,72
proposed_embodied_scale_exception_audit_v4,contact_tail_shift,1,0.560185,0.043968,0.608796,0.052157,0.203704,0.037242,0.048611,0.01985,0.064815,0.021964,0.532407,0.050728,0.111111,0.02961,0.06713,0.023881,0.206019,0.038494,0.300926,0.045063,0.259259,0.033505,0.247685,0.041871,0.56713,0.049487,0.138889,0.035975,0.034722,0.015744,0.069444,0.022148,0.243056,0.044737,0.634259,0.043256,72
proposed_embodied_scale_exception_audit_v4,contact_tail_shift,2,0.613426,0.04326,0.546296,0.04579,0.206019,0.040088,0.048611,0.018769,0.064815,0.021964,0.511574,0.040001,0.099537,0.031429,0.069444,0.023959,0.185185,0.037982,0.328704,0.04381,0.236111,0.040222,0.263889,0.046928,0.518519,0.046842,0.12037,0.030459,0.037037,0.021645,0.081019,0.028159,0.19213,0.044136,0.677986,0.043776,72
proposed_embodied_scale_exception_audit_v4,contact_tail_shift,3,0.585648,0.045226,0.613426,0.048277,0.194444,0.037118,0.0625,0.021852,0.053241,0.019196,0.509259,0.058471,0.104167,0.026196,0.05787,0.023439,0.178241,0.038404,0.284722,0.046341,0.238426,0.040261,0.238426,0.035874,0.520833,0.046566,0.076389,0.024122,0.048611,0.01985,0.078704,0.026619,0.229167,0.049814,0.656447,0.045567,72
proposed_embodied_scale_exception_audit_v4,contact_tail_shift,4,0.581019,0.039827,0.55787,0.043421,0.19213,0.033982,0.041667,0.017988,0.048611,0.01985,0.546296,0.046693,0.104167,0.027744,0.053241,0.023141,0.178241,0.034389,0.351852,0.044087,0.226852,0.041527,0.287037,0.042968,0.56713,0.050737,0.127315,0.031318,0.020833,0.014357,0.081019,0.027408,0.231481,0.045942,0.653056,0.039646,72
proposed_embodied_scale_exception_audit_v4,contact_tail_shift,5,0.581019,0.045686,0.62037,0.044869,0.194444,0.03419,0.0625,0.023686,0.048611,0.020875,0.523148,0.050591,0.111111,0.030306,0.064815,0.020993,0.171296,0.034779,0.305556,0.044297,0.236111,0.038089,0.243056,0.037083,0.564815,0.045024,0.113426,0.032836,0.050926,0.018991,0.064815,0.021964,0.219907,0.048277,0.661088,0.048806,72
proposed_embodied_scale_exception_audit_v4,contact_tail_shift,6,0.587963,0.045217,0.564815,0.049864,0.1875,0.036515,0.076389,0.024973,0.039352,0.01883,0.532407,0.045063,0.115741,0.035177,0.043981,0.019377,0.25,0.040351,0.324074,0.044714,0.222222,0.04286,0.222222,0.035975,0.55787,0.051755,0.113426,0.027281,0.041667,0.017988,0.074074,0.021321,0.208333,0.049102,0.655405,0.047556,72
proposed_embodied_scale_exception_audit_v4,contact_tail_shift,7,0.587963,0.043331,0.594907,0.045149,0.226852,0.037845,0.064815,0.020993,0.064815,0.021964,0.481481,0.041148,0.104167,0.026982,0.053241,0.020254,0.208333,0.037537,0.303241,0.04538,0.215278,0.037918,0.296296,0.046244,0.511574,0.049347,0.094907,0.025705,0.039352,0.019908,0.085648,0.026635,0.263889,0.052393,0.647234,0.045459,72
proposed_embodied_scale_exception_audit_v4,contact_tail_shift,8,0.627315,0.045913,0.613426,0.046065,0.219907,0.035874,0.05787,0.023439,0.071759,0.02488,0.576389,0.043793,0.099537,0.030071,0.043981,0.018268,0.166667,0.038226,0.31713,0.046665,0.222222,0.036551,0.263889,0.039699,0.585648,0.044762,0.069444,0.024815,0.050926,0.022043,0.076389,0.026592,0.196759,0.047184,0.703762,0.046688,72
proposed_embodied_scale_exception_audit_v4,contact_tail_shift,9,0.606481,0.049338,0.534722,0.042339,0.199074,0.037475,0.05787,0.020595,0.064815,0.027073,0.520833,0.044267,0.12037,0.029056,0.074074,0.024932,0.199074,0.036344,0.321759,0.051011,0.231481,0.037429,0.229167,0.042092,0.518519,0.046394,0.104167,0.029917,0.050926,0.02006,0.087963,0.025002,0.219907,0.050806,0.668299,0.048974,72
proposed_embodied_scale_exception_audit_v4,cross_robot_morphology,0,0.597222,0.04781,0.590278,0.053648,0.222222,0.036551,0.055556,0.020433,0.043981,0.018268,0.569444,0.05159,0.090278,0.028851,0.043981,0.018268,0.219907,0.039739,0.326389,0.040059,0.273148,0.047175,0.263889,0.047371,0.537037,0.051376,0.118056,0.02921,0.060185,0.023569,0.087963,0.027392,0.194444,0.046594,0.669352,0.046992,72
proposed_embodied_scale_exception_audit_v4,cross_robot_morphology,1,0.611111,0.041874,0.587963,0.050453,0.224537,0.038854,0.06713,0.023881,0.046296,0.021645,0.548611,0.043554,0.115741,0.032073,0.05787,0.021585,0.168981,0.03509,0.305556,0.04286,0.196759,0.038944,0.238426,0.038131,0.530093,0.04445,0.141204,0.033982,0.050926,0.02006,0.085648,0.02584,0.201389,0.03927,0.686516,0.043578,72
proposed_embodied_scale_exception_audit_v4,cross_robot_morphology,2,0.560185,0.044441,0.560185,0.044908,0.25463,0.045676,0.06713,0.023881,0.039352,0.019908,0.532407,0.052349,0.106481,0.031193,0.043981,0.018268,0.18287,0.036642,0.300926,0.043651,0.247685,0.039827,0.266204,0.041704,0.548611,0.045431,0.099537,0.028649,0.048611,0.020875,0.06713,0.023881,0.240741,0.052448,0.627095,0.046285,72
proposed_embodied_scale_exception_audit_v4,cross_robot_morphology,3,0.581019,0.04382,0.587963,0.054434,0.212963,0.036678,0.037037,0.018528,0.050926,0.018991,0.532407,0.046879,0.101852,0.027833,0.055556,0.020433,0.1875,0.036515,0.3125,0.043314,0.238426,0.039739,0.259259,0.04377,0.564815,0.047285,0.118056,0.029917,0.050926,0.02006,0.060185,0.023569,0.215278,0.044503,0.657928,0.042428,72
proposed_embodied_scale_exception_audit_v4,cross_robot_morphology,4,0.585648,0.04614,0.5625,0.042092,0.210648,0.037672,0.064815,0.020993,0.0625,0.023686,0.555556,0.049631,0.125,0.027979,0.05787,0.022531,0.196759,0.033777,0.349537,0.046665,0.24537,0.037661,0.247685,0.044294,0.553241,0.050806,0.094907,0.03087,0.034722,0.019317,0.115741,0.027896,0.206019,0.052688,0.654167,0.047622,72
proposed_embodied_scale_exception_audit_v4,cross_robot_morphology,5,0.592593,0.04377,0.560185,0.047615,0.185185,0.035717,0.071759,0.025705,0.069444,0.024815,0.541667,0.045114,0.092593,0.025756,0.055556,0.02143,0.229167,0.0368,0.331019,0.043099,0.224537,0.039388,0.215278,0.040059,0.546296,0.046244,0.099537,0.026373,0.0625,0.023686,0.101852,0.029295,0.18287,0.045303,0.658565,0.044238,72
proposed_embodied_scale_exception_audit_v4,cross_robot_morphology,6,0.523148,0.054178,0.594907,0.04374,0.236111,0.038089,0.076389,0.024973,0.041667,0.022148,0.553241,0.048708,0.106481,0.032504,0.048611,0.020875,0.185185,0.036867,0.31713,0.039914,0.226852,0.03999,0.263889,0.040737,0.534722,0.052864,0.104167,0.032588,0.043981,0.019377,0.085648,0.027408,0.284722,0.05795,0.594062,0.054677,72
proposed_embodied_scale_exception_audit_v4,cross_robot_morphology,7,0.564815,0.049443,0.56713,0.03804,0.180556,0.040222,0.055556,0.022383,0.050926,0.021075,0.537037,0.049302,0.094907,0.025705,0.041667,0.023072,0.217593,0.033969,0.303241,0.043019,0.277778,0.04286,0.275463,0.039914,0.513889,0.045114,0.092593,0.025756,0.043981,0.021423,0.085648,0.023291,0.233796,0.049487,0.629317,0.051408,72
proposed_embodied_scale_exception_audit_v4,cross_robot_morphology,8,0.576389,0.039798,0.539352,0.048993,0.199074,0.04068,0.043981,0.018268,0.05787,0.022531,0.518519,0.047285,0.099537,0.026373,0.048611,0.021852,0.178241,0.034389,0.337963,0.040851,0.231481,0.035717,0.231481,0.041652,0.530093,0.053017,0.115741,0.027896,0.0625,0.022787,0.097222,0.024815,0.236111,0.046928,0.645775,0.040847,72
proposed_embodied_scale_exception_audit_v4,cross_robot_morphology,9,0.618056,0.050646,0.599537,0.045072,0.196759,0.044918,0.071759,0.02126,0.071759,0.024026,0.490741,0.045178,0.092593,0.02408,0.043981,0.018268,0.173611,0.034456,0.303241,0.038944,0.206019,0.042612,0.270833,0.042092,0.564815,0.047285,0.090278,0.028851,0.025463,0.019014,0.104167,0.027744,0.203704,0.049724,0.684468,0.050773,72
proposed_embodied_scale_exception_audit_v4,embodiment_shift,0,0.608796,0.050116,0.583333,0.044766,0.212963,0.037799,0.076389,0.024122,0.048611,0.021852,0.518519,0.049864,0.097222,0.026444,0.060185,0.020742,0.168981,0.038494,0.30787,0.045989,0.25463,0.040851,0.224537,0.039914,0.520833,0.043793,0.115741,0.027137,0.041667,0.020176,0.05787,0.025158,0.210648,0.047916,0.676181,0.048156,72
proposed_embodied_scale_exception_audit_v4,embodiment_shift,1,0.5625,0.047673,0.597222,0.045114,0.208333,0.035243,0.0625,0.022787,0.043981,0.018268,0.488426,0.051823,0.108796,0.029011,0.041667,0.016787,0.210648,0.038764,0.300926,0.044597,0.203704,0.03245,0.240741,0.038708,0.564815,0.046842,0.104167,0.026982,0.039352,0.017687,0.087963,0.028144,0.247685,0.050047,0.633472,0.049561,72
proposed_embodied_scale_exception_audit_v4,embodiment_shift,2,0.655093,0.039476,0.611111,0.047039,0.231481,0.044558,0.060185,0.020742,0.060185,0.022666,0.541667,0.047371,0.101852,0.03136,0.050926,0.02006,0.148148,0.032664,0.300926,0.044597,0.24537,0.039288,0.240741,0.038708,0.564815,0.048592,0.108796,0.027535,0.050926,0.021075,0.087963,0.025823,0.162037,0.045217,0.735694,0.040996,72
proposed_embodied_scale_exception_audit_v4,embodiment_shift,3,0.608796,0.043899,0.585648,0.045226,0.222222,0.038226,0.041667,0.016787,0.053241,0.019196,0.511574,0.046291,0.111111,0.027413,0.050926,0.021075,0.164352,0.031318,0.333333,0.04237,0.215278,0.037918,0.25,0.039831,0.546296,0.053369,0.104167,0.026982,0.041667,0.017988,0.081019,0.02417,0.203704,0.048877,0.68272,0.04514,72
proposed_embodied_scale_exception_audit_v4,embodiment_shift,4,0.590278,0.047012,0.578704,0.047469,0.199074,0.033969,0.064815,0.023789,0.037037,0.016117,0.571759,0.049977,0.122685,0.032302,0.046296,0.019622,0.1875,0.038735,0.337963,0.046131,0.229167,0.037918,0.247685,0.039299,0.537037,0.051376,0.115741,0.029354,0.041667,0.019113,0.085648,0.028159,0.231481,0.045942,0.661887,0.048205,72
proposed_embodied_scale_exception_audit_v4,embodiment_shift,5,0.611111,0.039831,0.583333,0.044766,0.226852,0.036152,0.071759,0.02488,0.05787,0.026766,0.5,0.047481,0.127315,0.032624,0.041667,0.020176,0.19213,0.032086,0.328704,0.047469,0.24537,0.035959,0.252315,0.04382,0.527778,0.054444,0.087963,0.025823,0.030093,0.016252,0.085648,0.025019,0.206019,0.045457,0.676505,0.042947,72
proposed_embodied_scale_exception_audit_v4,embodiment_shift,6,0.597222,0.041247,0.618056,0.044503,0.19213,0.03804,0.060185,0.022666,0.046296,0.019622,0.513889,0.049945,0.111111,0.028164,0.085648,0.026635,0.19213,0.035189,0.280093,0.044685,0.236111,0.04603,0.25,0.037676,0.583333,0.047481,0.097222,0.026444,0.039352,0.017687,0.085648,0.02584,0.18287,0.042938,0.675509,0.04428,72
proposed_embodied_scale_exception_audit_v4,embodiment_shift,7,0.641204,0.04777,0.597222,0.049525,0.189815,0.036152,0.060185,0.021726,0.050926,0.022971,0.502315,0.046814,0.122685,0.029605,0.034722,0.015744,0.171296,0.035959,0.3125,0.038192,0.252315,0.039299,0.303241,0.044918,0.553241,0.052024,0.127315,0.028528,0.041667,0.019113,0.087963,0.025002,0.175926,0.049161,0.706065,0.048522,72
proposed_embodied_scale_exception_audit_v4,embodiment_shift,8,0.553241,0.04326,0.585648,0.043341,0.210648,0.040862,0.046296,0.019622,0.043981,0.018268,0.541667,0.051184,0.085648,0.026635,0.050926,0.021075,0.173611,0.039003,0.30787,0.047331,0.25,0.037118,0.259259,0.042315,0.539352,0.05189,0.099537,0.027153,0.032407,0.016648,0.106481,0.034978,0.277778,0.051286,0.626782,0.043981,72
proposed_embodied_scale_exception_audit_v4,embodiment_shift,9,0.606481,0.049759,0.56713,0.040175,0.208333,0.042247,0.06713,0.02299,0.048611,0.017621,0.511574,0.046291,0.127315,0.033258,0.053241,0.02222,0.199074,0.035177,0.37037,0.04579,0.259259,0.04377,0.261574,0.039739,0.553241,0.047405,0.108796,0.029722,0.060185,0.020742,0.076389,0.030263,0.201389,0.043793,0.667616,0.048472,72
proposed_embodied_scale_exception_audit_v4,heldout_exception_composition,0,0.576389,0.049182,0.585648,0.041871,0.201389,0.036515,0.092593,0.028082,0.06713,0.022063,0.523148,0.049338,0.106481,0.030516,0.048611,0.020875,0.178241,0.036737,0.277778,0.040351,0.226852,0.042026,0.25463,0.043331,0.553241,0.044215,0.106481,0.03314,0.041667,0.019113,0.085648,0.02584,0.203704,0.050142,0.640799,0.047707,72
proposed_embodied_scale_exception_audit_v4,heldout_exception_composition,1,0.564815,0.046842,0.532407,0.049479,0.222222,0.037676,0.064815,0.019973,0.069444,0.025643,0.513889,0.055864,0.150463,0.033048,0.048611,0.023686,0.166667,0.037118,0.305556,0.043823,0.219907,0.039211,0.263889,0.044179,0.587963,0.046131,0.125,0.027222,0.046296,0.019622,0.071759,0.02126,0.212963,0.044401,0.627685,0.047602,72
proposed_embodied_scale_exception_audit_v4,heldout_exception_composition,2,0.578704,0.045217,0.583333,0.050465,0.217593,0.038028,0.069444,0.026444,0.039352,0.016465,0.516204,0.049698,0.094907,0.027281,0.074074,0.021321,0.1875,0.037641,0.300926,0.038573,0.217593,0.038028,0.25,0.040351,0.532407,0.052746,0.099537,0.029369,0.055556,0.02143,0.087963,0.028876,0.231481,0.051915,0.648345,0.045488,72
proposed_embodied_scale_exception_audit_v4,heldout_exception_composition,3,0.541667,0.042247,0.530093,0.043978,0.199074,0.035177,0.06713,0.025569,0.043981,0.018268,0.574074,0.050003,0.108796,0.029722,0.0625,0.021852,0.166667,0.032947,0.291667,0.042247,0.238426,0.041285,0.300926,0.048196,0.520833,0.047454,0.108796,0.031095,0.041667,0.021185,0.085648,0.027408,0.247685,0.05249,0.60706,0.043132,72
proposed_embodied_scale_exception_audit_v4,heldout_exception_composition,4,0.581019,0.049205,0.608796,0.046216,0.252315,0.037114,0.076389,0.023241,0.064815,0.023789,0.550926,0.044126,0.078704,0.025823,0.041667,0.017988,0.212963,0.035521,0.31713,0.040434,0.275463,0.043899,0.238426,0.040776,0.530093,0.042037,0.097222,0.026444,0.034722,0.015744,0.083333,0.024176,0.208333,0.045114,0.652199,0.048918,72
proposed_embodied_scale_exception_audit_v4,heldout_exception_composition,5,0.592593,0.043291,0.631944,0.04566,0.238426,0.038131,0.087963,0.027392,0.071759,0.023141,0.560185,0.04673,0.118056,0.02921,0.043981,0.022376,0.173611,0.036228,0.354167,0.045201,0.196759,0.036737,0.296296,0.041485,0.537037,0.048448,0.127315,0.031318,0.030093,0.016252,0.104167,0.02921,0.189815,0.04537,0.659711,0.042428,72
proposed_embodied_scale_exception_audit_v4,heldout_exception_composition,6,0.555556,0.05005,0.583333,0.047481,0.24537,0.036535,0.0625,0.023686,0.060185,0.021726,0.520833,0.050439,0.136574,0.032517,0.0625,0.021852,0.189815,0.039465,0.287037,0.045332,0.25,0.041874,0.24537,0.039816,0.509259,0.046544,0.127315,0.030644,0.064815,0.019973,0.085648,0.028159,0.263889,0.055111,0.61603,0.050806,72
proposed_embodied_scale_exception_audit_v4,heldout_exception_composition,7,0.548611,0.047673,0.578704,0.050865,0.217593,0.036914,0.083333,0.027413,0.048611,0.020875,0.539352,0.050255,0.115741,0.028634,0.060185,0.024439,0.226852,0.039465,0.347222,0.040222,0.201389,0.034152,0.298611,0.044267,0.511574,0.049347,0.12963,0.030459,0.030093,0.014912,0.083333,0.025025,0.231481,0.054657,0.605903,0.04802,72
proposed_embodied_scale_exception_audit_v4,heldout_exception_composition,8,0.569444,0.044649,0.518519,0.045942,0.199074,0.041694,0.053241,0.024026,0.050926,0.02006,0.527778,0.044766,0.118056,0.031281,0.060185,0.022666,0.159722,0.031941,0.282407,0.039641,0.24537,0.034779,0.287037,0.040466,0.55787,0.046665,0.099537,0.027911,0.023148,0.013407,0.108796,0.031095,0.219907,0.049135,0.63338,0.04638,72
proposed_embodied_scale_exception_audit_v4,heldout_exception_composition,9,0.587963,0.040851,0.564815,0.04816,0.217593,0.041694,0.071759,0.02488,0.055556,0.02143,0.539352,0.048133,0.122685,0.029605,0.053241,0.019196,0.157407,0.035325,0.298611,0.047892,0.24537,0.043331,0.266204,0.042694,0.560185,0.044441,0.099537,0.027153,0.043981,0.019377,0.087963,0.030969,0.189815,0.044441,0.657847,0.040753,72
proposed_embodied_scale_exception_audit_v4,nominal_scaling,0,0.680556,0.038633,0.539352,0.048133,0.210648,0.037114,0.037037,0.018528,0.055556,0.023297,0.537037,0.048448,0.090278,0.025795,0.043981,0.021423,0.171296,0.02959,0.347222,0.046928,0.185185,0.029999,0.275463,0.043899,0.597222,0.046481,0.113426,0.031539,0.034722,0.017019,0.071759,0.025705,0.171296,0.041861,0.756597,0.03763,72
proposed_embodied_scale_exception_audit_v4,nominal_scaling,1,0.604167,0.043072,0.594907,0.050393,0.196759,0.033777,0.046296,0.018528,0.0625,0.022787,0.564815,0.04816,0.060185,0.022666,0.030093,0.017489,0.159722,0.029917,0.333333,0.04286,0.201389,0.035939,0.25463,0.045217,0.5,0.052889,0.087963,0.028876,0.030093,0.014912,0.092593,0.026554,0.226852,0.04537,0.681076,0.043628,72
proposed_embodied_scale_exception_audit_v4,nominal_scaling,2,0.659722,0.046789,0.604167,0.052666,0.152778,0.039699,0.060185,0.021726,0.053241,0.02126,0.546296,0.048448,0.081019,0.02417,0.041667,0.020176,0.173611,0.038464,0.314815,0.046394,0.180556,0.041247,0.289352,0.041871,0.601852,0.04215,0.097222,0.026444,0.034722,0.015744,0.0625,0.022787,0.206019,0.045913,0.730069,0.044206,72
proposed_embodied_scale_exception_audit_v4,nominal_scaling,3,0.673611,0.045431,0.590278,0.046566,0.194444,0.035975,0.039352,0.02093,0.060185,0.020742,0.560185,0.05141,0.083333,0.028164,0.050926,0.021075,0.18287,0.031759,0.3125,0.043793,0.25463,0.047027,0.282407,0.042684,0.548611,0.048969,0.101852,0.025484,0.025463,0.013948,0.069444,0.027979,0.196759,0.049347,0.746898,0.04569,72
proposed_embodied_scale_exception_audit_v4,nominal_scaling,4,0.664352,0.047697,0.597222,0.045114,0.199074,0.033349,0.037037,0.017364,0.027778,0.014448,0.56713,0.045989,0.108796,0.025974,0.043981,0.020426,0.157407,0.031581,0.324074,0.042806,0.273148,0.044441,0.314815,0.045485,0.555556,0.04523,0.104167,0.026196,0.048611,0.021852,0.055556,0.02143,0.159722,0.044503,0.739144,0.046895,72
proposed_embodied_scale_exception_audit_v4,nominal_scaling,5,0.641204,0.046441,0.587963,0.045217,0.18287,0.034288,0.043981,0.020426,0.060185,0.022666,0.532407,0.04598,0.090278,0.028851,0.041667,0.017988,0.141204,0.035189,0.358796,0.042202,0.19213,0.035777,0.287037,0.038888,0.560185,0.04537,0.145833,0.034152,0.050926,0.02006,0.071759,0.02877,0.19213,0.045533,0.716817,0.046764,72
proposed_embodied_scale_exception_audit_v4,nominal_scaling,6,0.650463,0.04484,0.590278,0.039798,0.219907,0.03702,0.041667,0.019113,0.025463,0.015372,0.581019,0.047916,0.087963,0.026619,0.060185,0.021726,0.19213,0.036356,0.305556,0.045689,0.217593,0.036344,0.266204,0.042202,0.560185,0.044441,0.113426,0.031539,0.046296,0.020658,0.060185,0.022666,0.215278,0.046341,0.728449,0.042554,72
proposed_embodied_scale_exception_audit_v4,nominal_scaling,7,0.657407,0.046544,0.592593,0.049161,0.194444,0.03539,0.037037,0.017364,0.048611,0.017621,0.576389,0.050439,0.074074,0.026554,0.048611,0.022787,0.157407,0.031581,0.324074,0.041317,0.210648,0.034186,0.238426,0.041788,0.583333,0.048782,0.097222,0.025643,0.037037,0.018528,0.043981,0.020426,0.199074,0.047322,0.739757,0.044979,72
proposed_embodied_scale_exception_audit_v4,nominal_scaling,8,0.657407,0.043291,0.597222,0.044179,0.233796,0.03804,0.0625,0.022787,0.043981,0.021423,0.581019,0.041871,0.083333,0.025845,0.032407,0.016648,0.168981,0.030644,0.377315,0.047478,0.173611,0.037918,0.284722,0.041088,0.597222,0.042247,0.094907,0.032194,0.046296,0.021645,0.092593,0.026554,0.180556,0.040222,0.737037,0.044143,72
proposed_embodied_scale_exception_audit_v4,nominal_scaling,9,0.643519,0.04673,0.599537,0.045533,0.201389,0.037083,0.055556,0.025025,0.037037,0.016117,0.585648,0.045226,0.078704,0.023272,0.05787,0.023439,0.157407,0.031581,0.331019,0.047258,0.196759,0.038944,0.305556,0.03539,0.564815,0.048592,0.083333,0.025845,0.046296,0.020658,0.081019,0.023291,0.222222,0.046143,0.724282,0.04805,72
proposed_embodied_scale_exception_audit_v4,recovery_scarcity,0,0.56713,0.049064,0.56713,0.045072,0.222222,0.038226,0.055556,0.020433,0.053241,0.02222,0.537037,0.047138,0.113426,0.031539,0.046296,0.018528,0.178241,0.036164,0.296296,0.042968,0.25,0.040351,0.240741,0.039772,0.560185,0.041527,0.127315,0.033879,0.055556,0.022383,0.099537,0.030071,0.222222,0.047919,0.64066,0.050252,72
proposed_embodied_scale_exception_audit_v4,recovery_scarcity,1,0.601852,0.049443,0.564815,0.049443,0.233796,0.042694,0.046296,0.018528,0.055556,0.022383,0.527778,0.049208,0.127315,0.029955,0.037037,0.018528,0.199074,0.035765,0.305556,0.047481,0.233796,0.043661,0.300926,0.043651,0.543981,0.044294,0.081019,0.023291,0.043981,0.017087,0.076389,0.024973,0.208333,0.044179,0.662442,0.050107,72
proposed_embodied_scale_exception_audit_v4,recovery_scarcity,2,0.599537,0.045072,0.560185,0.044908,0.203704,0.038888,0.055556,0.022383,0.039352,0.017687,0.481481,0.04215,0.069444,0.021185,0.037037,0.018528,0.185185,0.037429,0.314815,0.039597,0.233796,0.039652,0.261574,0.042775,0.553241,0.047405,0.099537,0.032086,0.043981,0.020426,0.069444,0.025643,0.212963,0.046244,0.671979,0.046113,72
proposed_embodied_scale_exception_audit_v4,recovery_scarcity,3,0.592593,0.045638,0.583333,0.043823,0.171296,0.032289,0.05787,0.021585,0.048611,0.017621,0.523148,0.044908,0.087963,0.025002,0.0625,0.022787,0.1875,0.037083,0.319444,0.044649,0.24537,0.037661,0.270833,0.043554,0.541667,0.040222,0.083333,0.023297,0.039352,0.02093,0.106481,0.029824,0.219907,0.050393,0.664653,0.047163,72
proposed_embodied_scale_exception_audit_v4,recovery_scarcity,4,0.574074,0.043291,0.576389,0.048325,0.224537,0.039914,0.06713,0.024739,0.046296,0.019622,0.523148,0.043008,0.083333,0.027413,0.055556,0.020433,0.155093,0.033777,0.324074,0.040808,0.217593,0.04068,0.25463,0.040851,0.546296,0.047138,0.078704,0.026619,0.027778,0.015827,0.106481,0.030516,0.240741,0.046544,0.647824,0.045474,72
proposed_embodied_scale_exception_audit_v4,recovery_scarcity,5,0.578704,0.044284,0.5625,0.045888,0.210648,0.043341,0.0625,0.024551,0.041667,0.021185,0.5,0.048782,0.108796,0.027535,0.0625,0.022787,0.173611,0.036228,0.331019,0.044057,0.226852,0.03557,0.261574,0.045609,0.537037,0.049724,0.106481,0.02839,0.043981,0.018268,0.115741,0.030057,0.233796,0.048205,0.646389,0.044988,72
proposed_embodied_scale_exception_audit_v4,recovery_scarcity,6,0.618056,0.044969,0.574074,0.044245,0.236111,0.043704,0.050926,0.018991,0.046296,0.018528,0.537037,0.04579,0.104167,0.031281,0.074074,0.028082,0.175926,0.038165,0.314815,0.046842,0.224537,0.038313,0.266204,0.046441,0.569444,0.043704,0.118056,0.031941,0.034722,0.019317,0.085648,0.028159,0.178241,0.043019,0.691956,0.045052,72
proposed_embodied_scale_exception_audit_v4,recovery_scarcity,7,0.581019,0.05209,0.578704,0.045217,0.219907,0.040261,0.064815,0.025484,0.069444,0.025643,0.55787,0.053734,0.101852,0.027833,0.048611,0.021852,0.166667,0.032947,0.321759,0.043978,0.226852,0.038392,0.268519,0.044558,0.578704,0.049197,0.104167,0.029917,0.037037,0.018528,0.099537,0.027911,0.212963,0.050142,0.650961,0.050939,72
proposed_embodied_scale_exception_audit_v4,recovery_scarcity,8,0.625,0.04603,0.578704,0.042846,0.224537,0.039388,0.053241,0.019196,0.039352,0.017687,0.513889,0.044179,0.122685,0.029605,0.055556,0.019384,0.148148,0.032664,0.300926,0.038573,0.233796,0.039122,0.256944,0.040319,0.543981,0.045686,0.106481,0.032504,0.037037,0.017364,0.101852,0.029295,0.180556,0.043224,0.698495,0.04703,72
proposed_embodied_scale_exception_audit_v4,recovery_scarcity,9,0.641204,0.050737,0.601852,0.046394,0.247685,0.040348,0.069444,0.021185,0.048611,0.020875,0.534722,0.048325,0.115741,0.030743,0.043981,0.018268,0.159722,0.030606,0.321759,0.04052,0.24537,0.035959,0.226852,0.036152,0.546296,0.045332,0.094907,0.02488,0.043981,0.023291,0.106481,0.029116,0.212963,0.047579,0.713947,0.049475,72
proposed_embodied_scale_exception_audit_v4,shortcut_shift,0,0.583333,0.047481,0.611111,0.04523,0.210648,0.044762,0.0625,0.022787,0.053241,0.019196,0.534722,0.050439,0.099537,0.026373,0.055556,0.022383,0.206019,0.037394,0.3125,0.043793,0.252315,0.042856,0.291667,0.04781,0.520833,0.048755,0.106481,0.025278,0.046296,0.018528,0.097222,0.024815,0.226852,0.050177,0.64919,0.047476,72
proposed_embodied_scale_exception_audit_v4,shortcut_shift,1,0.599537,0.047331,0.613426,0.046516,0.203704,0.037799,0.06713,0.02299,0.060185,0.021726,0.555556,0.045689,0.115741,0.030057,0.055556,0.019384,0.173611,0.0368,0.319444,0.050774,0.268519,0.046394,0.247685,0.047916,0.516204,0.04711,0.127315,0.028528,0.030093,0.016252,0.074074,0.025756,0.196759,0.043501,0.671736,0.047365,72
proposed_embodied_scale_exception_audit_v4,shortcut_shift,2,0.62037,0.057872,0.585648,0.050047,0.196759,0.038944,0.064815,0.024651,0.050926,0.02006,0.462963,0.042968,0.111111,0.028164,0.074074,0.022279,0.185185,0.038528,0.324074,0.049584,0.240741,0.041317,0.247685,0.040862,0.516204,0.04711,0.087963,0.028144,0.030093,0.014912,0.074074,0.026554,0.219907,0.053605,0.677801,0.057932,72
proposed_embodied_scale_exception_audit_v4,shortcut_shift,3,0.604167,0.040577,0.587963,0.054049,0.171296,0.041359,0.046296,0.018528,0.05787,0.020595,0.550926,0.051545,0.115741,0.027137,0.05787,0.020595,0.194444,0.033574,0.319444,0.036977,0.256944,0.042339,0.259259,0.044714,0.493056,0.047673,0.104167,0.027744,0.034722,0.015744,0.092593,0.023197,0.196759,0.04445,0.675498,0.043261,72
proposed_embodied_scale_exception_audit_v4,shortcut_shift,4,0.571759,0.049558,0.583333,0.047481,0.203704,0.033087,0.053241,0.020254,0.076389,0.024973,0.546296,0.047579,0.101852,0.028573,0.060185,0.020742,0.185185,0.03136,0.31713,0.042938,0.256944,0.044737,0.287037,0.041985,0.534722,0.044737,0.131944,0.031613,0.041667,0.019113,0.076389,0.024122,0.229167,0.052268,0.63897,0.049064,72
proposed_embodied_scale_exception_audit_v4,shortcut_shift,5,0.585648,0.044294,0.604167,0.046789,0.238426,0.044685,0.048611,0.022787,0.053241,0.02222,0.548611,0.048969,0.060185,0.020742,0.053241,0.020254,0.196759,0.031207,0.335648,0.04212,0.215278,0.041088,0.243056,0.039798,0.534722,0.047012,0.113426,0.027281,0.030093,0.016252,0.092593,0.029531,0.210648,0.047036,0.665926,0.045163,72
proposed_embodied_scale_exception_audit_v4,shortcut_shift,6,0.615741,0.043651,0.604167,0.043554,0.203704,0.0318,0.046296,0.020658,0.055556,0.019384,0.483796,0.047551,0.090278,0.028851,0.053241,0.02126,0.203704,0.039421,0.356481,0.044908,0.247685,0.039827,0.243056,0.038192,0.513889,0.054349,0.087963,0.026619,0.039352,0.01883,0.083333,0.027413,0.189815,0.04673,0.690208,0.044078,72
proposed_embodied_scale_exception_audit_v4,shortcut_shift,7,0.590278,0.046566,0.581019,0.05249,0.233796,0.040175,0.0625,0.020875,0.050926,0.022043,0.541667,0.04781,0.125,0.03583,0.046296,0.019622,0.168981,0.040605,0.324074,0.047432,0.231481,0.039066,0.252315,0.045226,0.548611,0.045431,0.12963,0.03245,0.034722,0.015744,0.071759,0.023141,0.231481,0.04816,0.659433,0.046542,72
proposed_embodied_scale_exception_audit_v4,shortcut_shift,8,0.571759,0.046962,0.581019,0.045686,0.229167,0.037918,0.069444,0.022148,0.076389,0.024973,0.560185,0.043008,0.12037,0.033087,0.050926,0.022043,0.164352,0.032624,0.303241,0.049347,0.212963,0.037799,0.284722,0.039003,0.532407,0.050315,0.097222,0.029433,0.027778,0.014448,0.064815,0.020993,0.199074,0.051545,0.636956,0.047326,72
proposed_embodied_scale_exception_audit_v4,shortcut_shift,9,0.585648,0.042367,0.631944,0.046566,0.194444,0.03419,0.046296,0.018528,0.046296,0.018528,0.576389,0.047892,0.12037,0.028329,0.064815,0.025484,0.168981,0.036832,0.335648,0.04212,0.208333,0.042247,0.233796,0.042694,0.541667,0.048675,0.127315,0.033879,0.037037,0.017364,0.094907,0.02877,0.203704,0.049302,0.668796,0.042319,72
retrieval_augmented_nearest_failure,combined_exception_stress,0,0.416667,0.04286,0.4375,0.045431,0.270833,0.035057,0.12963,0.033712,0.104167,0.029917,0.416667,0.039831,0.143519,0.033764,0.175926,0.032235,0.189815,0.03557,0.261574,0.038131,0.335648,0.046366,0.277778,0.04523,0.409722,0.048755,0.185185,0.036867,0.074074,0.023197,0.125,0.036977,0.347222,0.059131,0.430579,0.046075,72
retrieval_augmented_nearest_failure,combined_exception_stress,1,0.393519,0.049338,0.435185,0.045024,0.273148,0.039465,0.101852,0.030687,0.108796,0.025158,0.381944,0.045888,0.134259,0.031415,0.115741,0.035177,0.1875,0.032907,0.273148,0.043968,0.340278,0.048109,0.270833,0.041593,0.430556,0.04603,0.150463,0.036642,0.074074,0.025756,0.125,0.032788,0.333333,0.062978,0.41478,0.052683,72
retrieval_augmented_nearest_failure,combined_exception_stress,2,0.402778,0.042738,0.439815,0.038932,0.296296,0.045332,0.122685,0.030983,0.108796,0.031759,0.398148,0.040638,0.180556,0.03583,0.143519,0.037289,0.231481,0.037982,0.259259,0.045178,0.340278,0.041593,0.282407,0.038028,0.428241,0.045149,0.203704,0.041985,0.064815,0.022895,0.118056,0.029917,0.347222,0.05279,0.410694,0.044468,72
retrieval_augmented_nearest_failure,combined_exception_stress,3,0.405093,0.040776,0.368056,0.047454,0.275463,0.046665,0.085648,0.027408,0.101852,0.027833,0.398148,0.052315,0.155093,0.036164,0.127315,0.029955,0.189815,0.034376,0.273148,0.042026,0.368056,0.049182,0.280093,0.042775,0.416667,0.04523,0.168981,0.03626,0.097222,0.024815,0.127315,0.029955,0.361111,0.05005,0.415579,0.043736,72
retrieval_augmented_nearest_failure,combined_exception_stress,4,0.428241,0.048277,0.449074,0.046432,0.296296,0.047138,0.099537,0.033362,0.108796,0.029722,0.388889,0.039831,0.164352,0.031318,0.125,0.032788,0.171296,0.034173,0.266204,0.032086,0.270833,0.039003,0.219907,0.038131,0.414352,0.05209,0.175926,0.034122,0.053241,0.02222,0.150463,0.036642,0.356481,0.058619,0.449653,0.051649,72
retrieval_augmented_nearest_failure,combined_exception_stress,5,0.409722,0.047892,0.418981,0.047916,0.259259,0.045178,0.097222,0.030134,0.122685,0.028159,0.425926,0.050419,0.159722,0.031281,0.118056,0.032588,0.208333,0.032788,0.282407,0.04068,0.333333,0.04286,0.236111,0.03917,0.412037,0.046581,0.150463,0.031759,0.087963,0.026619,0.115741,0.026356,0.335648,0.053475,0.427778,0.050122,72
retrieval_augmented_nearest_failure,combined_exception_stress,6,0.405093,0.048708,0.435185,0.042643,0.289352,0.039827,0.101852,0.027073,0.108796,0.028283,0.407407,0.053238,0.175926,0.036487,0.141204,0.032086,0.180556,0.032145,0.284722,0.039003,0.314815,0.040638,0.261574,0.032194,0.476852,0.048484,0.162037,0.032929,0.083333,0.027413,0.138889,0.034796,0.384259,0.058381,0.42456,0.051125,72
retrieval_augmented_nearest_failure,combined_exception_stress,7,0.421296,0.049197,0.416667,0.054444,0.289352,0.04659,0.097222,0.027979,0.125,0.031489,0.393519,0.047615,0.162037,0.035959,0.141204,0.035189,0.206019,0.03626,0.293981,0.047258,0.289352,0.038222,0.289352,0.04659,0.458333,0.04175,0.185185,0.037429,0.055556,0.019384,0.118056,0.033223,0.324074,0.06126,0.43456,0.050474,72
retrieval_augmented_nearest_failure,combined_exception_stress,8,0.44213,0.050531,0.446759,0.047843,0.300926,0.042684,0.118056,0.035057,0.118056,0.032588,0.391204,0.044372,0.157407,0.032235,0.141204,0.039122,0.1875,0.034152,0.296296,0.039421,0.243056,0.042339,0.303241,0.04674,0.453704,0.039947,0.157407,0.034729,0.06713,0.024739,0.125,0.029433,0.326389,0.060419,0.456759,0.054857,72
retrieval_augmented_nearest_failure,combined_exception_stress,9,0.43287,0.049487,0.381944,0.052268,0.263889,0.036408,0.108796,0.025974,0.122685,0.029605,0.405093,0.044215,0.131944,0.029566,0.164352,0.03509,0.173611,0.037918,0.321759,0.045838,0.305556,0.041373,0.229167,0.035647,0.425926,0.048735,0.180556,0.036408,0.0625,0.022787,0.12963,0.030459,0.344907,0.05341,0.448472,0.050746,72
retrieval_augmented_nearest_failure,contact_tail_shift,0,0.490741,0.046544,0.409722,0.046566,0.298611,0.042829,0.099537,0.026373,0.108796,0.027535,0.435185,0.045485,0.145833,0.034758,0.122685,0.034186,0.173611,0.038464,0.263889,0.045574,0.273148,0.042026,0.261574,0.039211,0.479167,0.048325,0.162037,0.036535,0.050926,0.018991,0.111111,0.02961,0.310185,0.051814,0.516296,0.050913,72
retrieval_augmented_nearest_failure,contact_tail_shift,1,0.483796,0.039914,0.43287,0.055077,0.293981,0.046814,0.104167,0.029917,0.122685,0.035386,0.425926,0.049161,0.118056,0.034456,0.12037,0.033087,0.168981,0.03626,0.291667,0.044649,0.280093,0.038675,0.25463,0.042846,0.43287,0.04318,0.171296,0.035959,0.032407,0.015343,0.104167,0.030606,0.30787,0.051553,0.508113,0.043015,72
retrieval_augmented_nearest_failure,contact_tail_shift,2,0.493056,0.044503,0.44213,0.044372,0.252315,0.038222,0.094907,0.027281,0.115741,0.030057,0.402778,0.051993,0.162037,0.030287,0.101852,0.02629,0.201389,0.038192,0.298611,0.046566,0.277778,0.044297,0.263889,0.045574,0.449074,0.040164,0.141204,0.035777,0.048611,0.020875,0.108796,0.030416,0.291667,0.049945,0.513762,0.045132,72
retrieval_augmented_nearest_failure,contact_tail_shift,3,0.506944,0.044503,0.465278,0.043314,0.282407,0.039641,0.094907,0.029487,0.099537,0.030071,0.460648,0.05229,0.164352,0.03449,0.136574,0.029839,0.222222,0.039303,0.321759,0.039476,0.324074,0.045178,0.273148,0.043491,0.453704,0.041485,0.157407,0.036487,0.060185,0.020742,0.118056,0.029917,0.300926,0.051545,0.53338,0.046079,72
retrieval_augmented_nearest_failure,contact_tail_shift,4,0.479167,0.050023,0.428241,0.038131,0.314815,0.04313,0.083333,0.025845,0.108796,0.029722,0.405093,0.052423,0.12963,0.031137,0.118056,0.035647,0.175926,0.037055,0.287037,0.044869,0.284722,0.046341,0.259259,0.038165,0.486111,0.044179,0.208333,0.038089,0.055556,0.02143,0.094907,0.031539,0.321759,0.054569,0.507083,0.052573,72
retrieval_augmented_nearest_failure,contact_tail_shift,5,0.506944,0.045431,0.386574,0.04326,0.298611,0.044267,0.090278,0.026592,0.106481,0.032504,0.393519,0.049338,0.138889,0.031654,0.108796,0.030416,0.1875,0.035353,0.268519,0.045485,0.256944,0.03927,0.284722,0.045888,0.474537,0.049487,0.150463,0.036642,0.046296,0.020658,0.115741,0.029354,0.293981,0.049417,0.525984,0.047165,72
retrieval_augmented_nearest_failure,contact_tail_shift,6,0.488426,0.043019,0.412037,0.040851,0.273148,0.040509,0.083333,0.030306,0.115741,0.032073,0.407407,0.047432,0.143519,0.032504,0.087963,0.025002,0.162037,0.032289,0.268519,0.036867,0.266204,0.042202,0.275463,0.04484,0.44213,0.050942,0.141204,0.034591,0.0625,0.022787,0.099537,0.031429,0.282407,0.051138,0.511632,0.04581,72
retrieval_augmented_nearest_failure,contact_tail_shift,7,0.453704,0.049302,0.388889,0.047481,0.252315,0.042367,0.092593,0.024932,0.090278,0.028851,0.428241,0.044215,0.164352,0.03568,0.087963,0.027392,0.217593,0.032073,0.287037,0.041985,0.291667,0.044649,0.284722,0.037918,0.444444,0.040865,0.166667,0.032947,0.050926,0.022043,0.094907,0.02488,0.377315,0.059217,0.467639,0.050889,72
retrieval_augmented_nearest_failure,contact_tail_shift,8,0.472222,0.055206,0.465278,0.045201,0.268519,0.041148,0.104167,0.028487,0.108796,0.029011,0.393519,0.060373,0.148148,0.037982,0.108796,0.027535,0.208333,0.036408,0.289352,0.040862,0.256944,0.042339,0.273148,0.043008,0.451389,0.048109,0.159722,0.041593,0.060185,0.023569,0.111111,0.030988,0.324074,0.063928,0.494005,0.05928,72
retrieval_augmented_nearest_failure,contact_tail_shift,9,0.481481,0.04313,0.402778,0.048675,0.247685,0.036547,0.06713,0.02299,0.104167,0.028487,0.44213,0.046216,0.143519,0.037289,0.118056,0.027744,0.159722,0.036228,0.256944,0.03927,0.259259,0.042806,0.231481,0.037982,0.444444,0.043823,0.136574,0.036164,0.041667,0.016787,0.118056,0.036228,0.314815,0.055416,0.512025,0.04666,72
retrieval_augmented_nearest_failure,cross_robot_morphology,0,0.49537,0.050038,0.465278,0.047892,0.310185,0.047615,0.087963,0.028144,0.104167,0.031281,0.405093,0.04326,0.12037,0.031137,0.118056,0.031941,0.18287,0.037207,0.3125,0.041341,0.293981,0.040605,0.243056,0.043314,0.423611,0.048755,0.194444,0.038768,0.101852,0.030687,0.138889,0.028896,0.282407,0.054689,0.525498,0.052984,72
retrieval_augmented_nearest_failure,cross_robot_morphology,1,0.465278,0.044737,0.483796,0.047988,0.224537,0.040947,0.099537,0.029369,0.108796,0.03241,0.395833,0.048541,0.152778,0.034037,0.162037,0.026619,0.194444,0.040351,0.259259,0.045178,0.273148,0.037289,0.261574,0.04326,0.439815,0.04537,0.189815,0.041527,0.087963,0.026619,0.118056,0.033223,0.326389,0.051867,0.489363,0.046517,72
retrieval_augmented_nearest_failure,cross_robot_morphology,2,0.462963,0.044869,0.423611,0.040833,0.273148,0.038392,0.099537,0.027911,0.101852,0.027833,0.4375,0.038464,0.159722,0.02921,0.138889,0.034796,0.1875,0.041341,0.275463,0.042938,0.282407,0.046879,0.240741,0.038708,0.453704,0.040979,0.155093,0.037301,0.071759,0.023141,0.118056,0.032588,0.328704,0.052082,0.486042,0.047613,72
retrieval_augmented_nearest_failure,cross_robot_morphology,3,0.456019,0.050874,0.476852,0.055321,0.293981,0.051486,0.097222,0.030134,0.071759,0.02488,0.400463,0.040175,0.143519,0.031193,0.097222,0.026444,0.229167,0.041593,0.30787,0.042694,0.243056,0.043314,0.238426,0.041285,0.476852,0.043968,0.143519,0.037845,0.078704,0.02959,0.122685,0.02584,0.324074,0.055916,0.485428,0.05288,72
retrieval_augmented_nearest_failure,cross_robot_morphology,4,0.479167,0.041341,0.44213,0.054121,0.233796,0.039652,0.106481,0.029824,0.092593,0.03023,0.372685,0.048993,0.106481,0.026879,0.118056,0.02921,0.201389,0.033535,0.247685,0.040862,0.284722,0.044969,0.263889,0.03917,0.430556,0.043704,0.157407,0.032876,0.094907,0.03087,0.141204,0.035777,0.303241,0.0506,0.502361,0.044472,72
retrieval_augmented_nearest_failure,cross_robot_morphology,5,0.462963,0.043451,0.446759,0.048277,0.24537,0.042356,0.125,0.027979,0.122685,0.03165,0.414352,0.048349,0.145833,0.030945,0.099537,0.025569,0.164352,0.03449,0.275463,0.04484,0.31713,0.037764,0.263889,0.046928,0.449074,0.05392,0.159722,0.032588,0.094907,0.029487,0.12037,0.036678,0.289352,0.05249,0.483553,0.046412,72
retrieval_augmented_nearest_failure,cross_robot_morphology,6,0.469907,0.051418,0.43287,0.047331,0.275463,0.045762,0.104167,0.030606,0.122685,0.032942,0.4375,0.044969,0.12963,0.03245,0.097222,0.027979,0.164352,0.030644,0.280093,0.039739,0.293981,0.042612,0.305556,0.040351,0.416667,0.050465,0.162037,0.038753,0.071759,0.026505,0.145833,0.037083,0.335648,0.055768,0.488565,0.053436,72
retrieval_augmented_nearest_failure,cross_robot_morphology,7,0.497685,0.051486,0.44213,0.050531,0.256944,0.044737,0.12037,0.031137,0.118056,0.033845,0.391204,0.040947,0.143519,0.030516,0.092593,0.027329,0.189815,0.034978,0.314815,0.047725,0.300926,0.050315,0.236111,0.046928,0.421296,0.046131,0.166667,0.035975,0.108796,0.027535,0.090278,0.029566,0.287037,0.053369,0.516042,0.05419,72
retrieval_augmented_nearest_failure,cross_robot_morphology,8,0.439815,0.03557,0.449074,0.048196,0.25463,0.043331,0.113426,0.031539,0.122685,0.03165,0.386574,0.04374,0.118056,0.031281,0.127315,0.031978,0.173611,0.032588,0.270833,0.045888,0.296296,0.040466,0.287037,0.042968,0.446759,0.03758,0.1875,0.041843,0.069444,0.024815,0.118056,0.031941,0.342593,0.04787,0.458646,0.036793,72
retrieval_augmented_nearest_failure,cross_robot_morphology,9,0.467593,0.048627,0.465278,0.049604,0.256944,0.042829,0.113426,0.02488,0.101852,0.032664,0.474537,0.045072,0.145833,0.031613,0.134259,0.029354,0.18287,0.030416,0.277778,0.041373,0.30787,0.046441,0.266204,0.044607,0.439815,0.050177,0.122685,0.028159,0.06713,0.023881,0.097222,0.030819,0.333333,0.055957,0.494676,0.05032,72
retrieval_augmented_nearest_failure,embodiment_shift,0,0.456019,0.059568,0.462963,0.043929,0.256944,0.046566,0.090278,0.027366,0.12963,0.027582,0.4375,0.043554,0.134259,0.035765,0.106481,0.030516,0.189815,0.034376,0.30787,0.045072,0.280093,0.036452,0.24537,0.050865,0.44213,0.04484,0.168981,0.038494,0.048611,0.020875,0.143519,0.036725,0.344907,0.066939,0.480637,0.060265,72
retrieval_augmented_nearest_failure,embodiment_shift,1,0.5,0.052889,0.449074,0.05392,0.277778,0.04286,0.081019,0.028891,0.101852,0.027073,0.412037,0.045676,0.136574,0.03053,0.094907,0.02877,0.185185,0.033918,0.296296,0.043929,0.289352,0.038222,0.289352,0.04382,0.423611,0.047892,0.168981,0.037394,0.055556,0.019384,0.094907,0.025705,0.305556,0.058866,0.523484,0.056673,72
retrieval_augmented_nearest_failure,embodiment_shift,2,0.502315,0.049417,0.49537,0.050865,0.256944,0.038192,0.094907,0.026505,0.104167,0.027744,0.435185,0.047725,0.12963,0.029056,0.108796,0.025974,0.180556,0.030134,0.284722,0.038464,0.298611,0.03927,0.25,0.044766,0.472222,0.044297,0.180556,0.033418,0.05787,0.025974,0.108796,0.030416,0.305556,0.05743,0.537326,0.050539,72
retrieval_augmented_nearest_failure,embodiment_shift,3,0.486111,0.04781,0.421296,0.049197,0.261574,0.042284,0.069444,0.025643,0.104167,0.023686,0.356481,0.043491,0.12037,0.030459,0.143519,0.041021,0.196759,0.041537,0.296296,0.040466,0.293981,0.043099,0.282407,0.04068,0.402778,0.049102,0.138889,0.034796,0.0625,0.020875,0.122685,0.028891,0.331019,0.058686,0.503079,0.049731,72
retrieval_augmented_nearest_failure,embodiment_shift,4,0.439815,0.04252,0.465278,0.048755,0.252315,0.039827,0.094907,0.029487,0.069444,0.023072,0.391204,0.054887,0.152778,0.030819,0.115741,0.030743,0.164352,0.03568,0.275463,0.041453,0.284722,0.044969,0.226852,0.038392,0.425926,0.052448,0.159722,0.037363,0.090278,0.028118,0.134259,0.029354,0.351852,0.053107,0.46941,0.04307,72
retrieval_augmented_nearest_failure,embodiment_shift,5,0.467593,0.049899,0.402778,0.049102,0.226852,0.03999,0.081019,0.026635,0.094907,0.029487,0.416667,0.050465,0.134259,0.033349,0.131944,0.035939,0.194444,0.039831,0.300926,0.04119,0.282407,0.043651,0.284722,0.047233,0.462963,0.044869,0.164352,0.031978,0.074074,0.02408,0.122685,0.032942,0.324074,0.054784,0.491065,0.053639,72
retrieval_augmented_nearest_failure,embodiment_shift,6,0.479167,0.048325,0.439815,0.03999,0.263889,0.038089,0.071759,0.024026,0.097222,0.027222,0.381944,0.045888,0.157407,0.035325,0.145833,0.032907,0.19213,0.039122,0.289352,0.038764,0.277778,0.047919,0.287037,0.043451,0.398148,0.051915,0.196759,0.033153,0.06713,0.022063,0.097222,0.027222,0.291667,0.054349,0.498056,0.052708,72
retrieval_augmented_nearest_failure,embodiment_shift,7,0.502315,0.046814,0.472222,0.039303,0.263889,0.044179,0.078704,0.026619,0.099537,0.029369,0.363426,0.040001,0.127315,0.031978,0.106481,0.026091,0.189815,0.032504,0.256944,0.039798,0.300926,0.043651,0.243056,0.035353,0.456019,0.04614,0.164352,0.031318,0.0625,0.023686,0.115741,0.032717,0.273148,0.051814,0.534525,0.048794,72
retrieval_augmented_nearest_failure,embodiment_shift,8,0.49537,0.044284,0.476852,0.044908,0.25,0.047481,0.078704,0.025002,0.094907,0.027281,0.444444,0.048352,0.12963,0.033712,0.141204,0.033982,0.162037,0.039288,0.287037,0.044869,0.280093,0.045149,0.261574,0.035288,0.416667,0.043344,0.175926,0.036487,0.087963,0.025823,0.064815,0.025484,0.335648,0.051486,0.529074,0.046685,72
retrieval_augmented_nearest_failure,embodiment_shift,9,0.469907,0.048922,0.476852,0.044908,0.25,0.04237,0.085648,0.029605,0.083333,0.024176,0.412037,0.047469,0.113426,0.029487,0.113426,0.034084,0.203704,0.036104,0.300926,0.040164,0.261574,0.04326,0.284722,0.042585,0.439815,0.04252,0.159722,0.033845,0.060185,0.022666,0.092593,0.025756,0.30787,0.058745,0.500127,0.050762,72
retrieval_augmented_nearest_failure,heldout_exception_composition,0,0.439815,0.049338,0.430556,0.046928,0.256944,0.043314,0.090278,0.026592,0.092593,0.028082,0.421296,0.044284,0.145833,0.032907,0.127315,0.031978,0.148148,0.037982,0.287037,0.042968,0.326389,0.045431,0.300926,0.047322,0.460648,0.048565,0.18287,0.040434,0.069444,0.024815,0.127315,0.028528,0.30787,0.056941,0.465926,0.051961,72
retrieval_augmented_nearest_failure,heldout_exception_composition,1,0.412037,0.04834,0.449074,0.045523,0.261574,0.03758,0.078704,0.025002,0.125,0.030819,0.388889,0.043823,0.115741,0.026356,0.118056,0.030606,0.226852,0.049759,0.280093,0.035874,0.300926,0.048627,0.25,0.039831,0.395833,0.046789,0.215278,0.036228,0.085648,0.030983,0.118056,0.033223,0.347222,0.051184,0.431505,0.051327,72
retrieval_augmented_nearest_failure,heldout_exception_composition,2,0.43287,0.045072,0.428241,0.046962,0.282407,0.036914,0.069444,0.025643,0.097222,0.030819,0.428241,0.040776,0.157407,0.033505,0.157407,0.034122,0.189815,0.037845,0.25,0.044297,0.303241,0.04538,0.277778,0.048782,0.444444,0.037676,0.180556,0.041247,0.055556,0.022383,0.127315,0.033879,0.344907,0.060725,0.458206,0.048782,72
retrieval_augmented_nearest_failure,heldout_exception_composition,3,0.460648,0.047697,0.465278,0.040319,0.287037,0.044869,0.101852,0.027073,0.097222,0.025643,0.381944,0.051463,0.171296,0.032289,0.127315,0.02925,0.199074,0.038028,0.300926,0.04317,0.30787,0.044607,0.231481,0.042643,0.435185,0.044558,0.145833,0.030263,0.055556,0.022383,0.141204,0.030071,0.314815,0.053888,0.482153,0.050005,72
retrieval_augmented_nearest_failure,heldout_exception_composition,4,0.465278,0.049182,0.481481,0.048592,0.24537,0.040851,0.094907,0.026505,0.125,0.032788,0.395833,0.048969,0.157407,0.034729,0.127315,0.032624,0.217593,0.036914,0.31713,0.043899,0.326389,0.043554,0.256944,0.039798,0.435185,0.042643,0.175926,0.040808,0.064815,0.023789,0.122685,0.027408,0.310185,0.053791,0.486887,0.050068,72
retrieval_augmented_nearest_failure,heldout_exception_composition,5,0.451389,0.052666,0.449074,0.044126,0.270833,0.038464,0.097222,0.027979,0.113426,0.034084,0.409722,0.043793,0.118056,0.026982,0.118056,0.033223,0.164352,0.03449,0.331019,0.036832,0.231481,0.039066,0.266204,0.03804,0.416667,0.050465,0.162037,0.034173,0.090278,0.024122,0.125,0.029433,0.321759,0.058981,0.475278,0.053767,72
retrieval_augmented_nearest_failure,heldout_exception_composition,6,0.4375,0.043072,0.476852,0.04252,0.277778,0.040351,0.150463,0.030416,0.099537,0.030758,0.400463,0.043661,0.141204,0.035189,0.106481,0.02839,0.208333,0.04175,0.310185,0.04673,0.280093,0.047843,0.252315,0.038764,0.474537,0.044607,0.168981,0.033258,0.06713,0.022063,0.138889,0.038226,0.358796,0.053148,0.457106,0.044666,72
retrieval_augmented_nearest_failure,heldout_exception_composition,7,0.384259,0.045523,0.423611,0.046115,0.280093,0.039739,0.113426,0.025705,0.090278,0.028118,0.400463,0.045072,0.159722,0.036228,0.138889,0.030306,0.162037,0.034173,0.266204,0.039122,0.291667,0.038089,0.252315,0.040862,0.4375,0.043554,0.136574,0.031207,0.071759,0.024026,0.122685,0.037114,0.372685,0.051079,0.402407,0.045176,72
retrieval_augmented_nearest_failure,heldout_exception_composition,8,0.460648,0.053475,0.430556,0.045574,0.25,0.046594,0.106481,0.031193,0.122685,0.032942,0.395833,0.044503,0.131944,0.028851,0.118056,0.031941,0.203704,0.042479,0.266204,0.041704,0.24537,0.044284,0.298611,0.041843,0.421296,0.05168,0.166667,0.036551,0.046296,0.019622,0.118056,0.030606,0.298611,0.055934,0.473356,0.054088,72
retrieval_augmented_nearest_failure,heldout_exception_composition,9,0.398148,0.048592,0.451389,0.047673,0.256944,0.038192,0.097222,0.027979,0.099537,0.028649,0.416667,0.043344,0.113426,0.02877,0.12037,0.026814,0.18287,0.034891,0.261574,0.038675,0.284722,0.040059,0.24537,0.04834,0.423611,0.046115,0.208333,0.03917,0.0625,0.023686,0.106481,0.031855,0.351852,0.058351,0.426134,0.052825,72
retrieval_augmented_nearest_failure,nominal_scaling,0,0.594907,0.046516,0.472222,0.040351,0.217593,0.04068,0.053241,0.02126,0.099537,0.031429,0.453704,0.043929,0.143519,0.032504,0.106481,0.03314,0.157407,0.038165,0.349537,0.043421,0.252315,0.036547,0.270833,0.041593,0.525463,0.056203,0.127315,0.029955,0.046296,0.021645,0.085648,0.02584,0.224537,0.044372,0.637951,0.046699,72
retrieval_augmented_nearest_failure,nominal_scaling,1,0.576389,0.052468,0.488426,0.04538,0.233796,0.042202,0.078704,0.023272,0.097222,0.030819,0.435185,0.043611,0.141204,0.030758,0.099537,0.025569,0.196759,0.038404,0.324074,0.046544,0.215278,0.033845,0.229167,0.037918,0.439815,0.048052,0.159722,0.034456,0.050926,0.02006,0.076389,0.024973,0.243056,0.05442,0.614282,0.053557,72
retrieval_augmented_nearest_failure,nominal_scaling,2,0.574074,0.044245,0.502315,0.045913,0.226852,0.037845,0.069444,0.023959,0.104167,0.02921,0.425926,0.050003,0.131944,0.032266,0.097222,0.028715,0.196759,0.031869,0.333333,0.041874,0.231481,0.036296,0.231481,0.04215,0.479167,0.041843,0.159722,0.034456,0.05787,0.023439,0.092593,0.023197,0.287037,0.055666,0.614792,0.047157,72
retrieval_augmented_nearest_failure,nominal_scaling,3,0.56713,0.039652,0.465278,0.046115,0.238426,0.038675,0.071759,0.024026,0.097222,0.026444,0.43287,0.045533,0.134259,0.028634,0.099537,0.025569,0.138889,0.036551,0.303241,0.044918,0.229167,0.039003,0.273148,0.036725,0.472222,0.047039,0.152778,0.029433,0.039352,0.019908,0.101852,0.029295,0.275463,0.04711,0.605833,0.04253,72
retrieval_augmented_nearest_failure,nominal_scaling,4,0.578704,0.047907,0.474537,0.046888,0.247685,0.041871,0.060185,0.022666,0.099537,0.030071,0.44213,0.047551,0.118056,0.028487,0.097222,0.028715,0.113426,0.031539,0.30787,0.04318,0.240741,0.039244,0.259259,0.037055,0.502315,0.045913,0.148148,0.034528,0.043981,0.017087,0.099537,0.030071,0.243056,0.049604,0.62456,0.049378,72
retrieval_augmented_nearest_failure,nominal_scaling,5,0.5625,0.047673,0.472222,0.047919,0.25,0.038768,0.081019,0.028891,0.085648,0.02584,0.444444,0.045689,0.127315,0.03509,0.094907,0.026505,0.166667,0.031654,0.314815,0.041148,0.247685,0.041369,0.293981,0.041116,0.516204,0.048421,0.143519,0.03314,0.043981,0.020426,0.074074,0.022279,0.259259,0.050003,0.602708,0.047993,72
retrieval_augmented_nearest_failure,nominal_scaling,6,0.587963,0.045676,0.4375,0.045888,0.226852,0.043008,0.046296,0.020658,0.081019,0.02584,0.43287,0.052357,0.106481,0.030516,0.087963,0.02959,0.175926,0.041819,0.31713,0.044372,0.259259,0.038708,0.275463,0.040947,0.50463,0.047469,0.145833,0.034152,0.0625,0.022787,0.092593,0.024932,0.261574,0.049135,0.629421,0.047451,72
retrieval_augmented_nearest_failure,nominal_scaling,7,0.576389,0.048755,0.465278,0.039798,0.215278,0.039003,0.076389,0.022324,0.090278,0.023241,0.421296,0.052481,0.083333,0.025845,0.115741,0.030057,0.194444,0.039831,0.331019,0.039033,0.261574,0.049135,0.298611,0.038192,0.453704,0.052182,0.138889,0.03419,0.05787,0.023439,0.101852,0.028573,0.273148,0.049338,0.611863,0.050747,72
retrieval_augmented_nearest_failure,nominal_scaling,8,0.583333,0.047481,0.516204,0.050942,0.289352,0.043341,0.046296,0.019622,0.085648,0.028159,0.458333,0.046928,0.115741,0.031415,0.081019,0.02584,0.171296,0.02959,0.333333,0.04523,0.229167,0.044503,0.256944,0.038192,0.506944,0.053061,0.148148,0.032664,0.032407,0.022971,0.113426,0.032194,0.256944,0.052468,0.636609,0.048299,72
retrieval_augmented_nearest_failure,nominal_scaling,9,0.571759,0.047405,0.497685,0.050668,0.240741,0.032876,0.060185,0.022666,0.090278,0.025795,0.395833,0.046789,0.134259,0.032717,0.094907,0.029487,0.164352,0.033879,0.298611,0.040833,0.277778,0.041373,0.287037,0.044869,0.493056,0.046789,0.159722,0.033223,0.046296,0.019622,0.087963,0.030287,0.282407,0.049479,0.610428,0.050018,72
retrieval_augmented_nearest_failure,recovery_scarcity,0,0.465278,0.049182,0.444444,0.045689,0.25463,0.039816,0.094907,0.026505,0.081019,0.026635,0.400463,0.046888,0.155093,0.029839,0.134259,0.036344,0.168981,0.03449,0.296296,0.040466,0.25463,0.035959,0.293981,0.038494,0.409722,0.047012,0.175926,0.03023,0.05787,0.019555,0.145833,0.034152,0.296296,0.055666,0.486192,0.052476,72
retrieval_augmented_nearest_failure,recovery_scarcity,1,0.472222,0.047039,0.435185,0.047725,0.293981,0.042612,0.122685,0.032302,0.099537,0.026373,0.402778,0.040222,0.141204,0.036356,0.099537,0.028649,0.162037,0.033557,0.296296,0.041985,0.268519,0.046394,0.287037,0.044869,0.414352,0.050874,0.155093,0.03053,0.081019,0.025019,0.134259,0.031415,0.319444,0.051993,0.487581,0.051368,72
retrieval_augmented_nearest_failure,recovery_scarcity,2,0.444444,0.050877,0.4375,0.047673,0.261574,0.038675,0.092593,0.026554,0.113426,0.02877,0.393519,0.048913,0.136574,0.03053,0.113426,0.02877,0.203704,0.041485,0.310185,0.041021,0.263889,0.03917,0.303241,0.043501,0.446759,0.050806,0.138889,0.03539,0.083333,0.024176,0.101852,0.027833,0.358796,0.058745,0.460093,0.050193,72
retrieval_augmented_nearest_failure,recovery_scarcity,3,0.476852,0.044908,0.391204,0.045762,0.268519,0.040121,0.106481,0.031193,0.101852,0.028573,0.43287,0.046888,0.118056,0.029917,0.122685,0.030983,0.159722,0.032588,0.319444,0.044649,0.263889,0.036408,0.219907,0.035288,0.476852,0.048484,0.178241,0.037301,0.085648,0.030983,0.104167,0.028487,0.3125,0.053648,0.505799,0.047955,72
retrieval_augmented_nearest_failure,recovery_scarcity,4,0.481481,0.049864,0.472222,0.05005,0.25463,0.039816,0.127315,0.027786,0.104167,0.026196,0.412037,0.042846,0.143519,0.03557,0.092593,0.026554,0.173611,0.033223,0.280093,0.041285,0.289352,0.050047,0.261574,0.04326,0.444444,0.047919,0.155093,0.03053,0.090278,0.025795,0.106481,0.029116,0.333333,0.057065,0.503935,0.050832,72
retrieval_augmented_nearest_failure,recovery_scarcity,5,0.511574,0.04538,0.44213,0.042938,0.273148,0.043968,0.094907,0.029487,0.127315,0.032624,0.412037,0.046581,0.125,0.028715,0.138889,0.030306,0.1875,0.032266,0.326389,0.045888,0.236111,0.038633,0.273148,0.03999,0.423611,0.047454,0.199074,0.04068,0.050926,0.021075,0.150463,0.036068,0.293981,0.048133,0.532812,0.047923,72
retrieval_augmented_nearest_failure,recovery_scarcity,6,0.486111,0.049945,0.453704,0.052182,0.259259,0.042806,0.101852,0.029295,0.092593,0.028082,0.388889,0.048352,0.152778,0.028715,0.115741,0.030743,0.171296,0.037661,0.266204,0.040175,0.303241,0.049347,0.261574,0.038131,0.449074,0.05314,0.196759,0.043978,0.074074,0.023197,0.125,0.029433,0.277778,0.05406,0.511748,0.051195,72
retrieval_augmented_nearest_failure,recovery_scarcity,7,0.481481,0.045485,0.462963,0.047579,0.256944,0.038192,0.108796,0.031095,0.113426,0.032194,0.393519,0.047615,0.118056,0.033223,0.106481,0.031193,0.171296,0.031636,0.305556,0.04523,0.298611,0.04566,0.275463,0.048421,0.416667,0.043344,0.141204,0.029369,0.053241,0.019196,0.122685,0.032302,0.287037,0.049724,0.504769,0.047766,72
retrieval_augmented_nearest_failure,recovery_scarcity,8,0.490741,0.049161,0.414352,0.04614,0.25,0.044297,0.092593,0.028082,0.12963,0.03245,0.388889,0.047481,0.134259,0.033349,0.106481,0.030516,0.18287,0.036068,0.275463,0.043899,0.273148,0.039465,0.25463,0.044753,0.4375,0.044503,0.157407,0.034729,0.05787,0.021585,0.145833,0.034758,0.298611,0.05126,0.509201,0.049028,72
retrieval_augmented_nearest_failure,recovery_scarcity,9,0.456019,0.051688,0.476852,0.044908,0.261574,0.036452,0.115741,0.028634,0.115741,0.032073,0.395833,0.043554,0.12963,0.033087,0.122685,0.030983,0.189815,0.034978,0.3125,0.042829,0.289352,0.04614,0.261574,0.040776,0.467593,0.046879,0.19213,0.036926,0.048611,0.018769,0.125,0.027222,0.347222,0.055489,0.480995,0.053939,72
retrieval_augmented_nearest_failure,shortcut_shift,0,0.462963,0.042479,0.456019,0.045226,0.266204,0.043661,0.087963,0.027392,0.141204,0.030071,0.368056,0.040833,0.12037,0.028329,0.106481,0.02839,0.203704,0.033712,0.273148,0.040509,0.314815,0.044558,0.296296,0.046244,0.44213,0.047551,0.18287,0.033673,0.048611,0.01985,0.087963,0.025823,0.331019,0.049417,0.480787,0.043888,72
retrieval_augmented_nearest_failure,shortcut_shift,1,0.516204,0.039388,0.439815,0.043968,0.236111,0.042247,0.078704,0.021403,0.090278,0.026592,0.402778,0.041247,0.12037,0.030459,0.111111,0.027413,0.1875,0.040833,0.300926,0.04598,0.277778,0.04286,0.252315,0.045686,0.428241,0.051621,0.196759,0.037301,0.053241,0.019196,0.085648,0.023291,0.25463,0.04877,0.547523,0.041635,72
retrieval_augmented_nearest_failure,shortcut_shift,2,0.520833,0.044267,0.472222,0.048352,0.25463,0.035959,0.083333,0.028164,0.097222,0.026444,0.405093,0.048708,0.122685,0.027408,0.127315,0.033258,0.168981,0.031978,0.3125,0.042339,0.275463,0.047551,0.261574,0.039211,0.456019,0.044762,0.189815,0.037845,0.0625,0.025387,0.138889,0.028896,0.277778,0.047039,0.555012,0.04698,72
retrieval_augmented_nearest_failure,shortcut_shift,3,0.518519,0.051915,0.465278,0.046115,0.240741,0.042315,0.083333,0.025025,0.104167,0.029917,0.407407,0.04787,0.113426,0.028035,0.104167,0.026982,0.189815,0.037845,0.275463,0.041453,0.252315,0.038764,0.293981,0.040088,0.472222,0.046143,0.166667,0.037676,0.069444,0.025643,0.127315,0.027786,0.266204,0.056573,0.550764,0.053239,72
retrieval_augmented_nearest_failure,shortcut_shift,4,0.520833,0.042829,0.449074,0.04317,0.275463,0.042938,0.090278,0.025795,0.125,0.031489,0.386574,0.049977,0.131944,0.037083,0.125,0.035243,0.203704,0.038347,0.303241,0.04538,0.300926,0.040164,0.284722,0.042092,0.453704,0.053759,0.189815,0.040509,0.069444,0.023072,0.115741,0.032073,0.268519,0.051915,0.542905,0.043619,72
retrieval_augmented_nearest_failure,shortcut_shift,5,0.472222,0.052492,0.446759,0.046065,0.256944,0.03927,0.115741,0.028634,0.108796,0.033048,0.395833,0.046341,0.12037,0.031137,0.104167,0.029917,0.219907,0.038131,0.303241,0.041032,0.310185,0.048913,0.261574,0.04326,0.43287,0.048205,0.180556,0.035243,0.053241,0.020254,0.083333,0.025025,0.331019,0.058686,0.488275,0.056112,72
retrieval_augmented_nearest_failure,shortcut_shift,6,0.465278,0.047454,0.4375,0.047673,0.240741,0.044714,0.081019,0.028159,0.122685,0.030983,0.412037,0.044753,0.138889,0.030988,0.136574,0.033153,0.143519,0.031193,0.287037,0.042968,0.296296,0.041985,0.275463,0.040434,0.416667,0.047039,0.18287,0.033673,0.043981,0.022376,0.106481,0.029116,0.314815,0.054274,0.488796,0.049268,72
retrieval_augmented_nearest_failure,shortcut_shift,7,0.511574,0.05341,0.425926,0.048735,0.231481,0.044087,0.078704,0.023272,0.125,0.030819,0.446759,0.049135,0.131944,0.032266,0.115741,0.030057,0.173611,0.035647,0.289352,0.04614,0.266204,0.036356,0.284722,0.044969,0.460648,0.048565,0.180556,0.037537,0.064815,0.027073,0.076389,0.024122,0.280093,0.053605,0.53691,0.055719,72
retrieval_augmented_nearest_failure,shortcut_shift,8,0.474537,0.049487,0.458333,0.047371,0.282407,0.044597,0.094907,0.027281,0.118056,0.029917,0.462963,0.046244,0.122685,0.032942,0.097222,0.030134,0.1875,0.035939,0.324074,0.042315,0.284722,0.042585,0.236111,0.04175,0.43287,0.042202,0.175926,0.037614,0.06713,0.02299,0.094907,0.030187,0.277778,0.056329,0.507697,0.050049,72
retrieval_augmented_nearest_failure,shortcut_shift,9,0.523148,0.051002,0.444444,0.047919,0.268519,0.045024,0.076389,0.024973,0.099537,0.025569,0.44213,0.04484,0.12963,0.0318,0.113426,0.029487,0.166667,0.032947,0.293981,0.044529,0.319444,0.044649,0.273148,0.041527,0.430556,0.043224,0.159722,0.035057,0.055556,0.024176,0.081019,0.026635,0.261574,0.048277,0.553437,0.05201,72
risk_sensitive_cvar_policy,combined_exception_stress,0,0.416667,0.045689,0.4375,0.042585,0.280093,0.039739,0.060185,0.021726,0.099537,0.027153,0.439815,0.04673,0.12037,0.029056,0.106481,0.029116,0.224537,0.034891,0.247685,0.034186,0.263889,0.045114,0.252315,0.040348,0.37037,0.044869,0.166667,0.03539,0.085648,0.026635,0.085648,0.02417,0.342593,0.057025,0.443437,0.044961,72
risk_sensitive_cvar_policy,combined_exception_stress,1,0.418981,0.04659,0.430556,0.049945,0.296296,0.045332,0.081019,0.02417,0.113426,0.030187,0.412037,0.04877,0.136574,0.036164,0.113426,0.03087,0.18287,0.033673,0.243056,0.039798,0.303241,0.037301,0.238426,0.036452,0.375,0.051993,0.189815,0.034376,0.071759,0.024026,0.083333,0.025025,0.310185,0.056071,0.440995,0.049357,72
risk_sensitive_cvar_policy,combined_exception_stress,2,0.395833,0.046341,0.409722,0.040833,0.25463,0.040337,0.113426,0.034691,0.078704,0.026619,0.483796,0.050116,0.134259,0.029354,0.090278,0.026592,0.247685,0.039827,0.212963,0.037799,0.266204,0.045072,0.212963,0.040979,0.386574,0.04374,0.171296,0.034173,0.076389,0.021369,0.092593,0.029531,0.356481,0.054178,0.418009,0.049867,72
risk_sensitive_cvar_policy,combined_exception_stress,3,0.37037,0.040979,0.37037,0.047579,0.314815,0.040121,0.108796,0.029722,0.069444,0.025643,0.444444,0.043344,0.148148,0.036296,0.087963,0.025002,0.233796,0.040691,0.256944,0.043314,0.303241,0.043978,0.25,0.040351,0.400463,0.054314,0.180556,0.037537,0.05787,0.021585,0.134259,0.033349,0.393519,0.054561,0.383009,0.041139,72
risk_sensitive_cvar_policy,combined_exception_stress,4,0.368056,0.044267,0.384259,0.044597,0.268519,0.043611,0.078704,0.026619,0.111111,0.028164,0.430556,0.044179,0.134259,0.035177,0.125,0.032145,0.240741,0.038708,0.25,0.037676,0.268519,0.033918,0.25463,0.038753,0.340278,0.041088,0.152778,0.029433,0.078704,0.023272,0.115741,0.029354,0.405093,0.055892,0.376389,0.044406,72
risk_sensitive_cvar_policy,combined_exception_stress,5,0.37037,0.048015,0.388889,0.049631,0.268519,0.040121,0.094907,0.029487,0.085648,0.026635,0.472222,0.050877,0.189815,0.036725,0.127315,0.03568,0.247685,0.043341,0.24537,0.040337,0.337963,0.040337,0.275463,0.037207,0.391204,0.040947,0.157407,0.035325,0.074074,0.025756,0.12037,0.026814,0.37037,0.058232,0.38184,0.05136,72
risk_sensitive_cvar_policy,combined_exception_stress,6,0.386574,0.047405,0.418981,0.039299,0.300926,0.038028,0.085648,0.028159,0.099537,0.033362,0.381944,0.046789,0.152778,0.032788,0.113426,0.029487,0.224537,0.039388,0.203704,0.040979,0.3125,0.041341,0.217593,0.04068,0.418981,0.04614,0.173611,0.037363,0.05787,0.023439,0.101852,0.027833,0.388889,0.05851,0.404502,0.049598,72
risk_sensitive_cvar_policy,combined_exception_stress,7,0.377315,0.041369,0.391204,0.038854,0.303241,0.042037,0.076389,0.025795,0.101852,0.02629,0.446759,0.046065,0.138889,0.02961,0.118056,0.029917,0.259259,0.040294,0.203704,0.036678,0.344907,0.043501,0.217593,0.033969,0.418981,0.043341,0.180556,0.030819,0.081019,0.029605,0.085648,0.028159,0.363426,0.055705,0.39765,0.043628,72
risk_sensitive_cvar_policy,combined_exception_stress,8,0.421296,0.04834,0.37037,0.041485,0.310185,0.042026,0.106481,0.02839,0.090278,0.027366,0.4375,0.044031,0.162037,0.036535,0.118056,0.030606,0.222222,0.037676,0.284722,0.039535,0.344907,0.047624,0.243056,0.044737,0.354167,0.040319,0.152778,0.035243,0.053241,0.02222,0.111111,0.031654,0.342593,0.054017,0.428623,0.052054,72
risk_sensitive_cvar_policy,combined_exception_stress,9,0.395833,0.048541,0.400463,0.048636,0.303241,0.041032,0.085648,0.028891,0.108796,0.029722,0.462963,0.046693,0.127315,0.030644,0.101852,0.032018,0.240741,0.039244,0.259259,0.037614,0.354167,0.047454,0.240741,0.041317,0.393519,0.047175,0.178241,0.037856,0.055556,0.019384,0.078704,0.024152,0.37963,0.05678,0.414421,0.052269,72
risk_sensitive_cvar_policy,contact_tail_shift,0,0.49537,0.047027,0.398148,0.051104,0.259259,0.036487,0.104167,0.029917,0.074074,0.023197,0.439815,0.047175,0.145833,0.036515,0.101852,0.030687,0.224537,0.036642,0.247685,0.044294,0.293981,0.04212,0.226852,0.039465,0.430556,0.049102,0.113426,0.030187,0.071759,0.020254,0.090278,0.025795,0.303241,0.054951,0.520683,0.050962,72
risk_sensitive_cvar_policy,contact_tail_shift,1,0.458333,0.050361,0.421296,0.046581,0.247685,0.038764,0.069444,0.025643,0.081019,0.028159,0.412037,0.045217,0.127315,0.031978,0.104167,0.026196,0.236111,0.040737,0.229167,0.037363,0.287037,0.043451,0.19213,0.03804,0.414352,0.049628,0.145833,0.034758,0.046296,0.022589,0.094907,0.024026,0.335648,0.065094,0.488391,0.055126,72
risk_sensitive_cvar_policy,contact_tail_shift,2,0.4375,0.046341,0.428241,0.047843,0.266204,0.043661,0.076389,0.023241,0.078704,0.024152,0.462963,0.052182,0.131944,0.027366,0.113426,0.026505,0.168981,0.030644,0.247685,0.044762,0.284722,0.046341,0.229167,0.039003,0.377315,0.04382,0.152778,0.036408,0.043981,0.019377,0.069444,0.021185,0.344907,0.058626,0.4686,0.049785,72
risk_sensitive_cvar_policy,contact_tail_shift,3,0.488426,0.047184,0.4375,0.047673,0.266204,0.044136,0.069444,0.023959,0.074074,0.025756,0.416667,0.052093,0.125,0.030819,0.118056,0.030606,0.224537,0.042449,0.270833,0.043554,0.266204,0.039652,0.224537,0.038854,0.391204,0.046216,0.157407,0.035325,0.060185,0.022666,0.069444,0.022148,0.305556,0.047481,0.518681,0.046851,72
risk_sensitive_cvar_policy,contact_tail_shift,4,0.458333,0.045574,0.425926,0.041317,0.305556,0.04523,0.081019,0.025019,0.092593,0.026554,0.451389,0.051056,0.148148,0.033297,0.090278,0.027366,0.199074,0.042684,0.25,0.038768,0.25,0.04237,0.226852,0.037845,0.381944,0.048969,0.134259,0.033969,0.048611,0.01985,0.076389,0.022324,0.347222,0.056606,0.481563,0.04992,72
risk_sensitive_cvar_policy,contact_tail_shift,5,0.44213,0.045303,0.400463,0.044136,0.268519,0.040121,0.076389,0.023241,0.069444,0.025643,0.425926,0.047432,0.145833,0.034152,0.125,0.03583,0.206019,0.03626,0.282407,0.040164,0.263889,0.042247,0.212963,0.040466,0.412037,0.04834,0.150463,0.034891,0.071759,0.023141,0.087963,0.027392,0.356481,0.052216,0.468299,0.047927,72
risk_sensitive_cvar_policy,contact_tail_shift,6,0.462963,0.041485,0.430556,0.044649,0.289352,0.041369,0.099537,0.033982,0.074074,0.02408,0.418981,0.04382,0.171296,0.034779,0.092593,0.028082,0.189815,0.038932,0.266204,0.044607,0.324074,0.040294,0.206019,0.041116,0.37037,0.041485,0.155093,0.033777,0.05787,0.026766,0.099537,0.028649,0.303241,0.052224,0.486076,0.043804,72
risk_sensitive_cvar_policy,contact_tail_shift,7,0.509259,0.049584,0.409722,0.050023,0.303241,0.038404,0.074074,0.028816,0.069444,0.026444,0.405093,0.044215,0.127315,0.031318,0.099537,0.027911,0.215278,0.039003,0.266204,0.036356,0.275463,0.04484,0.217593,0.045523,0.416667,0.046594,0.166667,0.03419,0.06713,0.026373,0.076389,0.028118,0.331019,0.05797,0.536308,0.052785,72
risk_sensitive_cvar_policy,contact_tail_shift,8,0.439815,0.044908,0.414352,0.047478,0.259259,0.038708,0.074074,0.025756,0.071759,0.025705,0.44213,0.047551,0.127315,0.032624,0.069444,0.024815,0.208333,0.042247,0.24537,0.042356,0.284722,0.041593,0.238426,0.039739,0.381944,0.044031,0.148148,0.034528,0.06713,0.024739,0.090278,0.028118,0.342593,0.057752,0.46662,0.046934,72
risk_sensitive_cvar_policy,contact_tail_shift,9,0.465278,0.046115,0.416667,0.043344,0.298611,0.047892,0.092593,0.032235,0.094907,0.027281,0.425926,0.060229,0.168981,0.039033,0.113426,0.03087,0.203704,0.038888,0.284722,0.047233,0.25463,0.042356,0.210648,0.038222,0.400463,0.048636,0.141204,0.030071,0.048611,0.021852,0.090278,0.025795,0.326389,0.055747,0.4864,0.049639,72
risk_sensitive_cvar_policy,cross_robot_morphology,0,0.458333,0.049102,0.386574,0.046065,0.208333,0.039699,0.087963,0.028144,0.064815,0.020993,0.43287,0.052357,0.118056,0.027744,0.104167,0.028487,0.233796,0.03804,0.266204,0.047331,0.259259,0.039244,0.270833,0.039535,0.375,0.044179,0.136574,0.036164,0.069444,0.023959,0.083333,0.027413,0.3125,0.057042,0.479664,0.050817,72
risk_sensitive_cvar_policy,cross_robot_morphology,1,0.44213,0.050531,0.395833,0.050232,0.233796,0.04318,0.083333,0.025845,0.069444,0.024815,0.435185,0.045485,0.134259,0.033969,0.092593,0.026554,0.231481,0.043611,0.273148,0.04252,0.293981,0.04212,0.238426,0.041788,0.395833,0.049394,0.180556,0.036977,0.0625,0.025387,0.106481,0.026879,0.358796,0.051147,0.46375,0.052879,72
risk_sensitive_cvar_policy,cross_robot_morphology,2,0.456019,0.044762,0.421296,0.044284,0.236111,0.046928,0.064815,0.025484,0.074074,0.025756,0.451389,0.053453,0.145833,0.032266,0.12037,0.034326,0.201389,0.033535,0.25,0.046594,0.268519,0.043611,0.229167,0.043554,0.395833,0.041088,0.131944,0.033535,0.097222,0.028715,0.092593,0.029531,0.326389,0.054993,0.486146,0.046133,72
risk_sensitive_cvar_policy,cross_robot_morphology,3,0.43287,0.050737,0.418981,0.041871,0.282407,0.04317,0.060185,0.026879,0.097222,0.024815,0.435185,0.045485,0.111111,0.027413,0.087963,0.025002,0.236111,0.049102,0.268519,0.038528,0.342593,0.044714,0.210648,0.042856,0.428241,0.048708,0.150463,0.035484,0.06713,0.02299,0.104167,0.031941,0.344907,0.054951,0.464896,0.051891,72
risk_sensitive_cvar_policy,cross_robot_morphology,4,0.425926,0.054784,0.453704,0.045332,0.275463,0.043421,0.053241,0.02488,0.076389,0.022324,0.451389,0.047233,0.097222,0.024815,0.106481,0.031855,0.217593,0.036914,0.270833,0.037918,0.261574,0.042284,0.236111,0.039699,0.351852,0.042643,0.155093,0.035582,0.053241,0.018076,0.085648,0.027408,0.375,0.059483,0.459502,0.056591,72
risk_sensitive_cvar_policy,cross_robot_morphology,5,0.449074,0.049055,0.384259,0.041694,0.270833,0.044503,0.076389,0.024973,0.074074,0.021321,0.425926,0.047432,0.148148,0.037429,0.12037,0.031137,0.199074,0.036914,0.231481,0.046842,0.263889,0.039699,0.217593,0.035765,0.428241,0.045609,0.157407,0.030913,0.101852,0.03136,0.094907,0.024026,0.300926,0.053532,0.4761,0.051346,72
risk_sensitive_cvar_policy,cross_robot_morphology,6,0.423611,0.036515,0.416667,0.044297,0.268519,0.041652,0.06713,0.025569,0.071759,0.02488,0.481481,0.047285,0.12037,0.034326,0.127315,0.033258,0.196759,0.037856,0.263889,0.038633,0.298611,0.038735,0.240741,0.043291,0.354167,0.044267,0.155093,0.034991,0.0625,0.021852,0.085648,0.02584,0.358796,0.049487,0.453044,0.03917,72
risk_sensitive_cvar_policy,cross_robot_morphology,7,0.456019,0.050462,0.421296,0.044753,0.3125,0.040319,0.081019,0.02417,0.069444,0.023959,0.439815,0.04252,0.134259,0.030743,0.078704,0.025823,0.18287,0.041453,0.252315,0.040348,0.296296,0.040466,0.222222,0.043344,0.375,0.049102,0.166667,0.036551,0.074074,0.028082,0.076389,0.024973,0.324074,0.060918,0.48588,0.052131,72
risk_sensitive_cvar_policy,cross_robot_morphology,8,0.469907,0.04674,0.416667,0.05005,0.273148,0.043491,0.078704,0.024152,0.099537,0.031429,0.421296,0.044284,0.131944,0.031613,0.094907,0.030187,0.189815,0.031193,0.25463,0.042356,0.280093,0.03758,0.293981,0.044529,0.351852,0.049443,0.152778,0.032788,0.064815,0.021964,0.064815,0.019973,0.319444,0.054731,0.486169,0.049837,72
risk_sensitive_cvar_policy,cross_robot_morphology,9,0.444444,0.053282,0.405093,0.048277,0.266204,0.041201,0.055556,0.020433,0.050926,0.017858,0.414352,0.050462,0.131944,0.032907,0.122685,0.029605,0.240741,0.039244,0.252315,0.034186,0.328704,0.042846,0.212963,0.034929,0.386574,0.045149,0.155093,0.034991,0.076389,0.024973,0.108796,0.029011,0.361111,0.060956,0.472813,0.056624,72
risk_sensitive_cvar_policy,embodiment_shift,0,0.405093,0.046962,0.44213,0.042938,0.24537,0.039816,0.090278,0.026592,0.071759,0.023141,0.460648,0.047258,0.127315,0.032624,0.097222,0.027979,0.229167,0.033223,0.263889,0.043224,0.268519,0.040121,0.233796,0.036926,0.354167,0.043314,0.148148,0.034528,0.097222,0.024815,0.092593,0.030913,0.37963,0.059998,0.429421,0.049957,72
risk_sensitive_cvar_policy,embodiment_shift,1,0.486111,0.046928,0.398148,0.039597,0.282407,0.041694,0.074074,0.026554,0.087963,0.025823,0.423611,0.046566,0.111111,0.028896,0.094907,0.029487,0.189815,0.041527,0.25463,0.038753,0.263889,0.03917,0.25,0.039303,0.37037,0.046693,0.155093,0.028405,0.081019,0.025019,0.108796,0.036642,0.296296,0.047579,0.511157,0.047583,72
risk_sensitive_cvar_policy,embodiment_shift,2,0.474537,0.044607,0.435185,0.045024,0.291667,0.040737,0.092593,0.026554,0.081019,0.026635,0.430556,0.049945,0.115741,0.029354,0.104167,0.02921,0.208333,0.040737,0.268519,0.040121,0.300926,0.038028,0.229167,0.0368,0.37037,0.050968,0.150463,0.037764,0.05787,0.024314,0.085648,0.03165,0.31713,0.054506,0.5011,0.048396,72
risk_sensitive_cvar_policy,embodiment_shift,3,0.456019,0.041369,0.423611,0.052468,0.252315,0.044294,0.069444,0.023072,0.041667,0.017988,0.474537,0.046888,0.118056,0.030606,0.099537,0.030758,0.210648,0.040348,0.224537,0.038854,0.266204,0.033982,0.261574,0.038131,0.377315,0.051283,0.12963,0.037242,0.076389,0.028851,0.078704,0.027392,0.340278,0.054993,0.488935,0.04493,72
risk_sensitive_cvar_policy,embodiment_shift,4,0.446759,0.04374,0.428241,0.039739,0.282407,0.043651,0.060185,0.022666,0.071759,0.030187,0.456019,0.044294,0.118056,0.02921,0.097222,0.028715,0.219907,0.038131,0.231481,0.041652,0.305556,0.037676,0.231481,0.037982,0.375,0.047371,0.134259,0.032073,0.060185,0.025278,0.097222,0.027979,0.351852,0.053888,0.47794,0.045292,72
risk_sensitive_cvar_policy,embodiment_shift,5,0.460648,0.051486,0.416667,0.049631,0.259259,0.044714,0.081019,0.023291,0.083333,0.025025,0.421296,0.045676,0.122685,0.032302,0.122685,0.03165,0.226852,0.038932,0.243056,0.044737,0.314815,0.04816,0.256944,0.040833,0.388889,0.048352,0.166667,0.038226,0.071759,0.026505,0.090278,0.028118,0.331019,0.058329,0.482685,0.053599,72
risk_sensitive_cvar_policy,embodiment_shift,6,0.449074,0.041694,0.439815,0.053009,0.240741,0.042315,0.083333,0.026641,0.078704,0.023272,0.474537,0.052357,0.115741,0.032717,0.085648,0.02417,0.217593,0.040164,0.243056,0.037641,0.273148,0.043491,0.206019,0.037948,0.386574,0.051621,0.127315,0.029955,0.085648,0.026635,0.097222,0.026444,0.310185,0.051002,0.483368,0.042296,72
risk_sensitive_cvar_policy,embodiment_shift,7,0.444444,0.05005,0.405093,0.049558,0.266204,0.04318,0.05787,0.021585,0.087963,0.025823,0.43287,0.044136,0.152778,0.032788,0.101852,0.030687,0.224537,0.037207,0.270833,0.044969,0.275463,0.040947,0.199074,0.038028,0.377315,0.035971,0.145833,0.034152,0.074074,0.022279,0.06713,0.025569,0.314815,0.061146,0.469931,0.050951,72
risk_sensitive_cvar_policy,embodiment_shift,8,0.439815,0.055321,0.430556,0.04603,0.259259,0.037055,0.090278,0.029566,0.083333,0.02961,0.43287,0.045072,0.104167,0.02921,0.099537,0.025569,0.219907,0.03702,0.282407,0.04598,0.259259,0.04377,0.240741,0.040808,0.43287,0.044136,0.148148,0.035717,0.090278,0.026592,0.076389,0.024973,0.381944,0.060763,0.466667,0.057436,72
risk_sensitive_cvar_policy,embodiment_shift,9,0.453704,0.049302,0.418981,0.050874,0.268519,0.040121,0.074074,0.027329,0.06713,0.025569,0.412037,0.046581,0.127315,0.033258,0.074074,0.023197,0.196759,0.038404,0.256944,0.038192,0.268519,0.038528,0.24537,0.038753,0.393519,0.054943,0.162037,0.038211,0.081019,0.02584,0.083333,0.025845,0.319444,0.053184,0.48103,0.05246,72
risk_sensitive_cvar_policy,heldout_exception_composition,0,0.44213,0.04711,0.409722,0.050851,0.25,0.039831,0.081019,0.030302,0.094907,0.027281,0.412037,0.042846,0.143519,0.03557,0.134259,0.030057,0.275463,0.038854,0.231481,0.036867,0.368056,0.043793,0.266204,0.042202,0.354167,0.045201,0.136574,0.034389,0.069444,0.023072,0.097222,0.027222,0.30787,0.056573,0.453924,0.04926,72
risk_sensitive_cvar_policy,heldout_exception_composition,1,0.444444,0.049631,0.391204,0.043421,0.25463,0.045676,0.05787,0.025974,0.090278,0.026592,0.395833,0.044969,0.138889,0.032947,0.127315,0.032624,0.25,0.036551,0.259259,0.046544,0.287037,0.049302,0.25,0.04237,0.409722,0.043314,0.164352,0.03449,0.055556,0.020433,0.097222,0.027222,0.314815,0.051104,0.46463,0.051325,72
risk_sensitive_cvar_policy,heldout_exception_composition,2,0.4375,0.049394,0.444444,0.048352,0.24537,0.039816,0.081019,0.030302,0.090278,0.027366,0.430556,0.050774,0.115741,0.031415,0.087963,0.027392,0.18287,0.035484,0.210648,0.036547,0.303241,0.04052,0.25,0.04286,0.368056,0.050023,0.143519,0.032504,0.055556,0.020433,0.092593,0.025756,0.337963,0.055195,0.464421,0.049701,72
risk_sensitive_cvar_policy,heldout_exception_composition,3,0.425926,0.046093,0.395833,0.047233,0.259259,0.043291,0.069444,0.027222,0.094907,0.02877,0.453704,0.052581,0.12963,0.029056,0.118056,0.035057,0.199074,0.030743,0.275463,0.042449,0.289352,0.041369,0.25,0.040865,0.444444,0.045689,0.178241,0.038944,0.06713,0.022063,0.092593,0.026554,0.349537,0.054121,0.453461,0.04878,72
risk_sensitive_cvar_policy,heldout_exception_composition,4,0.416667,0.057065,0.395833,0.053842,0.268519,0.04313,0.092593,0.026554,0.092593,0.027329,0.462963,0.044401,0.118056,0.029917,0.087963,0.025002,0.219907,0.03702,0.233796,0.041704,0.25,0.04237,0.222222,0.038226,0.405093,0.044215,0.157407,0.033505,0.074074,0.024932,0.085648,0.028891,0.363426,0.063086,0.437755,0.059153,72
risk_sensitive_cvar_policy,heldout_exception_composition,5,0.425926,0.041317,0.402778,0.045114,0.296296,0.039947,0.071759,0.026505,0.076389,0.023241,0.405093,0.046516,0.136574,0.03053,0.12963,0.034929,0.233796,0.039652,0.275463,0.039388,0.326389,0.037918,0.233796,0.041704,0.386574,0.048708,0.157407,0.037614,0.074074,0.023197,0.115741,0.030057,0.333333,0.055583,0.44728,0.04413,72
risk_sensitive_cvar_policy,heldout_exception_composition,6,0.43287,0.051553,0.418981,0.045226,0.293981,0.04212,0.064815,0.023789,0.078704,0.028144,0.493056,0.046341,0.148148,0.033918,0.099537,0.025569,0.224537,0.038854,0.273148,0.037845,0.296296,0.042968,0.24537,0.047027,0.331019,0.046366,0.136574,0.034991,0.104167,0.02921,0.101852,0.029295,0.365741,0.056565,0.455313,0.05443,72
risk_sensitive_cvar_policy,heldout_exception_composition,7,0.439815,0.052216,0.425926,0.048735,0.277778,0.04523,0.076389,0.026592,0.097222,0.028715,0.446759,0.045149,0.131944,0.034152,0.127315,0.032624,0.201389,0.042829,0.259259,0.040808,0.340278,0.052666,0.236111,0.033418,0.351852,0.04215,0.178241,0.038404,0.060185,0.025278,0.090278,0.024973,0.331019,0.060438,0.463414,0.053521,72
risk_sensitive_cvar_policy,heldout_exception_composition,8,0.405093,0.049558,0.44213,0.045303,0.280093,0.039739,0.092593,0.028816,0.113426,0.03087,0.460648,0.047258,0.125,0.031489,0.131944,0.032266,0.263889,0.042738,0.215278,0.036228,0.31713,0.04711,0.291667,0.044649,0.416667,0.052889,0.157407,0.033505,0.101852,0.029295,0.104167,0.031281,0.361111,0.063964,0.424433,0.052067,72
risk_sensitive_cvar_policy,heldout_exception_composition,9,0.375,0.046481,0.393519,0.046281,0.289352,0.044762,0.0625,0.023686,0.085648,0.028159,0.458333,0.050774,0.155093,0.037856,0.108796,0.026766,0.215278,0.041593,0.199074,0.032717,0.263889,0.04175,0.247685,0.036547,0.356481,0.049759,0.185185,0.035717,0.06713,0.023881,0.092593,0.025756,0.377315,0.054824,0.394931,0.048434,72
risk_sensitive_cvar_policy,nominal_scaling,0,0.546296,0.047138,0.469907,0.047184,0.238426,0.041285,0.046296,0.020658,0.0625,0.020875,0.453704,0.055666,0.099537,0.030071,0.081019,0.025019,0.18287,0.033673,0.298611,0.039798,0.233796,0.045989,0.224537,0.036068,0.449074,0.049479,0.145833,0.032266,0.069444,0.022148,0.092593,0.030913,0.273148,0.056811,0.59713,0.047878,72
risk_sensitive_cvar_policy,nominal_scaling,1,0.553241,0.040261,0.414352,0.043341,0.229167,0.037918,0.053241,0.02126,0.06713,0.023881,0.474537,0.043661,0.101852,0.027833,0.108796,0.027535,0.189815,0.034978,0.31713,0.045303,0.261574,0.046065,0.238426,0.03702,0.423611,0.050851,0.150463,0.037764,0.05787,0.024314,0.06713,0.023881,0.275463,0.046216,0.594734,0.042073,72
risk_sensitive_cvar_policy,nominal_scaling,2,0.585648,0.042367,0.444444,0.045689,0.236111,0.040222,0.048611,0.020875,0.060185,0.022666,0.453704,0.047138,0.087963,0.027392,0.122685,0.030302,0.166667,0.039303,0.219907,0.03758,0.217593,0.034578,0.210648,0.041871,0.428241,0.050393,0.127315,0.031978,0.046296,0.020658,0.060185,0.024439,0.268519,0.049443,0.635359,0.045287,72
risk_sensitive_cvar_policy,nominal_scaling,3,0.555556,0.048782,0.458333,0.041247,0.226852,0.04673,0.048611,0.018769,0.074074,0.02408,0.456019,0.044762,0.092593,0.028082,0.074074,0.027329,0.175926,0.040808,0.243056,0.037083,0.25,0.039303,0.226852,0.037289,0.472222,0.047481,0.157407,0.033505,0.053241,0.020254,0.076389,0.024973,0.300926,0.055069,0.604375,0.050317,72
risk_sensitive_cvar_policy,nominal_scaling,4,0.553241,0.04374,0.449074,0.046879,0.229167,0.030606,0.06713,0.023881,0.081019,0.027408,0.469907,0.043978,0.094907,0.027281,0.085648,0.027408,0.159722,0.037363,0.268519,0.037429,0.25463,0.042356,0.219907,0.040776,0.400463,0.050324,0.155093,0.034991,0.05787,0.019555,0.081019,0.025019,0.259259,0.052448,0.597859,0.045098,72
risk_sensitive_cvar_policy,nominal_scaling,5,0.548611,0.051056,0.493056,0.047233,0.240741,0.038708,0.037037,0.016117,0.048611,0.01985,0.479167,0.047454,0.113426,0.030187,0.099537,0.030071,0.194444,0.03419,0.229167,0.0368,0.277778,0.04523,0.222222,0.03419,0.476852,0.042026,0.118056,0.029917,0.039352,0.01883,0.078704,0.023272,0.268519,0.049443,0.606088,0.051116,72
risk_sensitive_cvar_policy,nominal_scaling,6,0.534722,0.046115,0.469907,0.049347,0.240741,0.040808,0.05787,0.024314,0.055556,0.023297,0.458333,0.043224,0.090278,0.028851,0.071759,0.024026,0.210648,0.038222,0.30787,0.042202,0.263889,0.04603,0.226852,0.036725,0.402778,0.042247,0.113426,0.032836,0.0625,0.021852,0.074074,0.02408,0.314815,0.053499,0.578044,0.047925,72
risk_sensitive_cvar_policy,nominal_scaling,7,0.5625,0.053842,0.418981,0.049628,0.25,0.033574,0.064815,0.022895,0.074074,0.028082,0.465278,0.043793,0.106481,0.029824,0.078704,0.025823,0.199074,0.039111,0.270833,0.043554,0.238426,0.042284,0.210648,0.042856,0.439815,0.043491,0.12037,0.037242,0.048611,0.020875,0.048611,0.01985,0.280093,0.058448,0.601505,0.055263,72
risk_sensitive_cvar_policy,nominal_scaling,8,0.518519,0.046842,0.446759,0.044685,0.280093,0.042775,0.064815,0.021964,0.064815,0.024651,0.435185,0.045485,0.099537,0.030071,0.090278,0.028851,0.206019,0.036832,0.233796,0.036926,0.233796,0.036926,0.247685,0.039827,0.412037,0.045217,0.150463,0.03241,0.05787,0.019555,0.055556,0.022383,0.31713,0.055643,0.555891,0.051465,72
risk_sensitive_cvar_policy,nominal_scaling,9,0.553241,0.048277,0.488426,0.04674,0.259259,0.038708,0.037037,0.017364,0.0625,0.022787,0.472222,0.046594,0.097222,0.029433,0.087963,0.026619,0.25,0.046143,0.305556,0.044297,0.210648,0.042856,0.252315,0.037114,0.407407,0.046544,0.138889,0.032947,0.053241,0.023141,0.05787,0.021585,0.305556,0.047039,0.594884,0.050454,72
risk_sensitive_cvar_policy,recovery_scarcity,0,0.481481,0.04313,0.44213,0.042449,0.300926,0.049055,0.060185,0.021726,0.094907,0.029487,0.465278,0.050023,0.111111,0.026641,0.108796,0.027535,0.194444,0.037118,0.238426,0.042775,0.30787,0.049064,0.1875,0.031613,0.400463,0.049487,0.152778,0.034037,0.083333,0.026641,0.085648,0.02417,0.291667,0.05159,0.521134,0.044365,72
risk_sensitive_cvar_policy,recovery_scarcity,1,0.444444,0.050877,0.428241,0.050393,0.305556,0.03539,0.083333,0.023297,0.099537,0.031429,0.425926,0.041317,0.12963,0.033087,0.108796,0.03241,0.217593,0.035765,0.261574,0.044685,0.321759,0.047624,0.229167,0.041593,0.37963,0.047579,0.18287,0.035484,0.0625,0.021852,0.12037,0.033087,0.351852,0.06046,0.466782,0.052323,72
risk_sensitive_cvar_policy,recovery_scarcity,2,0.451389,0.050646,0.400463,0.039122,0.24537,0.040851,0.087963,0.026619,0.101852,0.024651,0.453704,0.044401,0.12963,0.0318,0.099537,0.024739,0.208333,0.033418,0.252315,0.039827,0.30787,0.039122,0.180556,0.036977,0.368056,0.047012,0.155093,0.035582,0.074074,0.02408,0.085648,0.027408,0.333333,0.05406,0.475023,0.053873,72
risk_sensitive_cvar_policy,recovery_scarcity,3,0.400463,0.044607,0.462963,0.049724,0.259259,0.035325,0.069444,0.023959,0.090278,0.024122,0.435185,0.042643,0.118056,0.024551,0.087963,0.027392,0.231481,0.045024,0.25,0.037676,0.291667,0.045114,0.263889,0.038633,0.398148,0.046842,0.141204,0.033982,0.094907,0.027281,0.092593,0.029531,0.386574,0.046962,0.428958,0.048747,72
risk_sensitive_cvar_policy,recovery_scarcity,4,0.474537,0.044607,0.425926,0.045178,0.270833,0.042585,0.083333,0.025845,0.064815,0.022895,0.465278,0.049604,0.115741,0.027896,0.106481,0.030516,0.212963,0.03245,0.24537,0.037102,0.300926,0.04068,0.231481,0.034528,0.398148,0.049019,0.12963,0.03245,0.048611,0.021852,0.094907,0.030187,0.337963,0.05168,0.506458,0.048751,72
risk_sensitive_cvar_policy,recovery_scarcity,5,0.446759,0.046962,0.444444,0.040865,0.268519,0.041148,0.094907,0.030187,0.087963,0.025823,0.409722,0.04566,0.12037,0.028329,0.094907,0.031539,0.231481,0.041148,0.24537,0.037102,0.289352,0.044762,0.231481,0.039597,0.409722,0.04566,0.164352,0.039564,0.078704,0.026619,0.104167,0.029917,0.347222,0.053575,0.472118,0.050583,72
risk_sensitive_cvar_policy,recovery_scarcity,6,0.44213,0.048851,0.460648,0.044529,0.263889,0.042247,0.055556,0.022383,0.069444,0.022148,0.44213,0.045303,0.115741,0.029354,0.097222,0.026444,0.226852,0.033764,0.212963,0.039421,0.293981,0.039033,0.236111,0.04175,0.393519,0.047615,0.159722,0.034456,0.064815,0.021964,0.092593,0.027329,0.3125,0.055182,0.479051,0.054243,72
risk_sensitive_cvar_policy,recovery_scarcity,7,0.444444,0.048352,0.4375,0.052666,0.226852,0.034978,0.074074,0.025756,0.064815,0.023789,0.418981,0.042367,0.148148,0.027833,0.104167,0.026982,0.210648,0.041369,0.226852,0.041527,0.282407,0.046432,0.231481,0.043611,0.402778,0.05279,0.159722,0.035057,0.05787,0.021585,0.085648,0.026635,0.319444,0.056236,0.47434,0.052652,72
risk_sensitive_cvar_policy,recovery_scarcity,8,0.469907,0.043019,0.423611,0.049182,0.231481,0.041148,0.060185,0.021726,0.083333,0.030306,0.476852,0.05141,0.131944,0.032266,0.078704,0.025823,0.175926,0.033505,0.25,0.041373,0.261574,0.041788,0.210648,0.037672,0.386574,0.048277,0.164352,0.03568,0.055556,0.02143,0.106481,0.031193,0.293981,0.052688,0.506597,0.043736,72
risk_sensitive_cvar_policy,recovery_scarcity,9,0.400463,0.052357,0.451389,0.051056,0.224537,0.038313,0.053241,0.02126,0.104167,0.026196,0.421296,0.046581,0.12037,0.03245,0.108796,0.030416,0.189815,0.041527,0.238426,0.040261,0.296296,0.044401,0.256944,0.040319,0.423611,0.047454,0.141204,0.036356,0.055556,0.02143,0.101852,0.029295,0.398148,0.061825,0.431215,0.054497,72
risk_sensitive_cvar_policy,shortcut_shift,0,0.506944,0.050646,0.430556,0.049102,0.266204,0.042202,0.074074,0.021321,0.087963,0.031636,0.444444,0.046143,0.122685,0.032942,0.131944,0.034152,0.203704,0.044869,0.273148,0.042026,0.289352,0.039827,0.291667,0.041247,0.358796,0.041704,0.141204,0.030071,0.050926,0.021075,0.099537,0.029369,0.296296,0.058945,0.528611,0.052331,72
risk_sensitive_cvar_policy,shortcut_shift,1,0.479167,0.044267,0.435185,0.047725,0.282407,0.045063,0.06713,0.027153,0.090278,0.026592,0.44213,0.050531,0.125,0.030819,0.111111,0.028164,0.231481,0.039597,0.270833,0.039535,0.291667,0.043704,0.24537,0.046581,0.398148,0.049864,0.141204,0.035777,0.046296,0.018528,0.090278,0.026592,0.277778,0.054827,0.510069,0.047326,72
risk_sensitive_cvar_policy,shortcut_shift,2,0.458333,0.045574,0.462963,0.045332,0.247685,0.039299,0.071759,0.02222,0.083333,0.026641,0.451389,0.047673,0.131944,0.031613,0.111111,0.02961,0.212963,0.039947,0.25463,0.042846,0.256944,0.040833,0.224537,0.042449,0.393519,0.043008,0.141204,0.033982,0.071759,0.023141,0.092593,0.03023,0.340278,0.053061,0.490984,0.045158,72
risk_sensitive_cvar_policy,shortcut_shift,3,0.462963,0.044869,0.423611,0.045201,0.236111,0.043224,0.099537,0.030758,0.085648,0.027408,0.446759,0.046516,0.111111,0.031654,0.136574,0.034389,0.201389,0.040319,0.261574,0.042284,0.263889,0.04175,0.266204,0.041704,0.386574,0.046962,0.1875,0.035353,0.05787,0.021585,0.097222,0.029433,0.3125,0.057042,0.484525,0.04619,72
risk_sensitive_cvar_policy,shortcut_shift,4,0.425926,0.041317,0.451389,0.044503,0.277778,0.041373,0.06713,0.02299,0.097222,0.027979,0.490741,0.046544,0.127315,0.031318,0.094907,0.027281,0.215278,0.035647,0.259259,0.04377,0.282407,0.045063,0.236111,0.041247,0.416667,0.04523,0.164352,0.036832,0.046296,0.019622,0.081019,0.02584,0.344907,0.05341,0.460428,0.045431,72
risk_sensitive_cvar_policy,shortcut_shift,5,0.476852,0.050177,0.365741,0.04598,0.298611,0.040833,0.0625,0.020875,0.085648,0.027408,0.488426,0.043501,0.136574,0.035582,0.131944,0.037641,0.212963,0.034326,0.256944,0.037083,0.289352,0.040348,0.210648,0.038222,0.386574,0.047405,0.150463,0.031759,0.048611,0.018769,0.087963,0.024152,0.319444,0.049945,0.503206,0.051463,72
risk_sensitive_cvar_policy,shortcut_shift,6,0.467593,0.04119,0.414352,0.044762,0.261574,0.038675,0.078704,0.025823,0.090278,0.024122,0.381944,0.043554,0.131944,0.034152,0.101852,0.027833,0.206019,0.039033,0.25,0.035975,0.282407,0.042192,0.238426,0.036452,0.365741,0.049479,0.196759,0.039476,0.074074,0.026554,0.099537,0.030071,0.30787,0.055077,0.487014,0.044464,72
risk_sensitive_cvar_policy,shortcut_shift,7,0.460648,0.049417,0.395833,0.050646,0.263889,0.036977,0.069444,0.025643,0.081019,0.026635,0.456019,0.050047,0.113426,0.032836,0.104167,0.028487,0.173611,0.036228,0.256944,0.032266,0.261574,0.040776,0.240741,0.038708,0.377315,0.047036,0.164352,0.033258,0.055556,0.022383,0.108796,0.033673,0.328704,0.055572,0.490637,0.052061,72
risk_sensitive_cvar_policy,shortcut_shift,8,0.43287,0.049907,0.446759,0.045609,0.233796,0.037487,0.06713,0.025569,0.076389,0.024973,0.435185,0.049864,0.141204,0.034591,0.104167,0.027744,0.222222,0.041373,0.212963,0.036104,0.337963,0.045676,0.210648,0.04382,0.388889,0.04286,0.201389,0.041843,0.078704,0.025002,0.090278,0.025795,0.30787,0.048205,0.463924,0.051601,72
risk_sensitive_cvar_policy,shortcut_shift,9,0.449074,0.050315,0.412037,0.044284,0.277778,0.04286,0.069444,0.025643,0.071759,0.02488,0.418981,0.055203,0.101852,0.030687,0.097222,0.027222,0.189815,0.037289,0.252315,0.041369,0.291667,0.040222,0.256944,0.043793,0.377315,0.044762,0.150463,0.039388,0.043981,0.019377,0.092593,0.028082,0.321759,0.05645,0.477257,0.053104,72
small_behavior_clone,combined_exception_stress,0,0.199074,0.045063,0.1875,0.036515,0.37037,0.050557,0.189815,0.038932,0.175926,0.034729,0.215278,0.040059,0.238426,0.04374,0.210648,0.040348,0.155093,0.034991,0.092593,0.025756,0.439815,0.047615,0.166667,0.031654,0.168981,0.038494,0.178241,0.033153,0.131944,0.034152,0.185185,0.036867,0.555556,0.060956,0.153889,0.042572,72
small_behavior_clone,combined_exception_stress,1,0.185185,0.039597,0.19213,0.033982,0.391204,0.048851,0.18287,0.035484,0.148148,0.037982,0.229167,0.040059,0.247685,0.040348,0.19213,0.03804,0.199074,0.035177,0.104167,0.026982,0.377315,0.051688,0.115741,0.031415,0.159722,0.034456,0.203704,0.038347,0.125,0.034645,0.199074,0.038573,0.530093,0.056079,0.145266,0.036485,72
small_behavior_clone,combined_exception_stress,2,0.143519,0.036152,0.206019,0.040088,0.395833,0.039535,0.159722,0.033223,0.143519,0.033764,0.217593,0.04068,0.256944,0.043314,0.168981,0.037948,0.148148,0.033918,0.097222,0.027979,0.356481,0.044441,0.122685,0.030302,0.143519,0.027645,0.150463,0.033673,0.094907,0.029487,0.185185,0.033918,0.599537,0.050324,0.113472,0.031757,72
small_behavior_clone,combined_exception_stress,3,0.18287,0.039914,0.203704,0.040979,0.405093,0.044215,0.164352,0.031318,0.157407,0.037055,0.24537,0.033557,0.270833,0.040577,0.203704,0.041485,0.148148,0.034528,0.111111,0.032307,0.375,0.043224,0.148148,0.036296,0.194444,0.047039,0.175926,0.037055,0.104167,0.030606,0.18287,0.033048,0.574074,0.054017,0.145243,0.035747,72
small_behavior_clone,combined_exception_stress,4,0.18287,0.038313,0.185185,0.037429,0.340278,0.044503,0.180556,0.032145,0.199074,0.036344,0.240741,0.038165,0.240741,0.039772,0.178241,0.037301,0.1875,0.034152,0.083333,0.027413,0.358796,0.046441,0.138889,0.033574,0.178241,0.038944,0.19213,0.035189,0.12963,0.03245,0.175926,0.035325,0.590278,0.053257,0.140521,0.03552,72
small_behavior_clone,combined_exception_stress,5,0.131944,0.037641,0.226852,0.03314,0.368056,0.043793,0.19213,0.040691,0.122685,0.028159,0.185185,0.036867,0.266204,0.045072,0.152778,0.032145,0.150463,0.031095,0.090278,0.028851,0.340278,0.0368,0.171296,0.040337,0.173611,0.036228,0.157407,0.033505,0.12037,0.03245,0.175926,0.034122,0.597222,0.055111,0.103958,0.032834,72
small_behavior_clone,combined_exception_stress,6,0.168981,0.040088,0.203704,0.039947,0.361111,0.037118,0.19213,0.039122,0.168981,0.041116,0.208333,0.040222,0.25,0.039303,0.173611,0.033845,0.203704,0.034326,0.094907,0.02877,0.347222,0.043224,0.143519,0.034376,0.166667,0.035975,0.212963,0.037242,0.094907,0.027281,0.189815,0.037289,0.601852,0.049443,0.12669,0.03574,72
small_behavior_clone,combined_exception_stress,7,0.148148,0.033918,0.212963,0.039947,0.365741,0.044597,0.178241,0.037856,0.148148,0.032018,0.240741,0.041317,0.219907,0.04326,0.196759,0.038404,0.131944,0.031613,0.106481,0.026879,0.361111,0.05005,0.171296,0.034779,0.18287,0.034891,0.199074,0.039111,0.12963,0.034326,0.19213,0.034591,0.590278,0.053257,0.121076,0.031754,72
small_behavior_clone,combined_exception_stress,8,0.185185,0.040121,0.199074,0.038573,0.349537,0.046665,0.18287,0.035484,0.143519,0.030516,0.24537,0.045217,0.247685,0.048349,0.194444,0.036551,0.196759,0.04052,0.094907,0.025705,0.372685,0.044057,0.159722,0.0368,0.231481,0.035717,0.189815,0.037845,0.145833,0.034152,0.185185,0.037982,0.569444,0.053963,0.153368,0.03751,72
small_behavior_clone,combined_exception_stress,9,0.175926,0.034122,0.199074,0.04119,0.361111,0.050877,0.178241,0.034991,0.173611,0.042585,0.25463,0.041359,0.194444,0.039831,0.178241,0.038404,0.138889,0.03539,0.097222,0.029433,0.365741,0.039641,0.108796,0.029011,0.175926,0.038165,0.212963,0.040466,0.136574,0.033777,0.210648,0.040862,0.587963,0.050453,0.144005,0.033953,72
small_behavior_clone,contact_tail_shift,0,0.226852,0.038932,0.212963,0.037242,0.328704,0.046581,0.178241,0.037301,0.122685,0.030983,0.247685,0.038222,0.222222,0.037676,0.208333,0.036977,0.148148,0.034528,0.106481,0.03314,0.349537,0.040434,0.143519,0.030516,0.25463,0.042846,0.164352,0.031978,0.085648,0.027408,0.162037,0.034173,0.569444,0.050774,0.192708,0.037622,72
small_behavior_clone,contact_tail_shift,1,0.247685,0.044762,0.208333,0.034645,0.331019,0.047258,0.175926,0.035911,0.134259,0.030057,0.236111,0.043704,0.231481,0.040121,0.152778,0.032788,0.173611,0.031941,0.104167,0.027744,0.333333,0.044297,0.12963,0.029056,0.229167,0.048109,0.122685,0.032942,0.076389,0.024973,0.127315,0.02925,0.530093,0.060381,0.212361,0.044903,72
small_behavior_clone,contact_tail_shift,2,0.282407,0.051138,0.210648,0.037672,0.347222,0.04603,0.148148,0.029999,0.134259,0.031415,0.208333,0.032788,0.203704,0.039421,0.180556,0.03583,0.145833,0.032266,0.076389,0.028118,0.351852,0.041652,0.150463,0.038854,0.203704,0.039947,0.185185,0.03136,0.083333,0.025845,0.166667,0.032307,0.493056,0.066347,0.248657,0.050182,72
small_behavior_clone,contact_tail_shift,3,0.30787,0.047331,0.238426,0.041788,0.314815,0.04816,0.148148,0.032664,0.141204,0.037487,0.217593,0.039641,0.238426,0.041285,0.18287,0.038313,0.201389,0.038735,0.12963,0.033712,0.375,0.048244,0.145833,0.033535,0.215278,0.040059,0.171296,0.031636,0.064815,0.019973,0.145833,0.034152,0.481481,0.054274,0.266921,0.048374,72
small_behavior_clone,contact_tail_shift,4,0.208333,0.036977,0.201389,0.038735,0.356481,0.042026,0.171296,0.034779,0.150463,0.03241,0.240741,0.039772,0.222222,0.039831,0.127315,0.033879,0.157407,0.032876,0.108796,0.031759,0.319444,0.039699,0.136574,0.031207,0.222222,0.039303,0.173611,0.040577,0.076389,0.023241,0.164352,0.036832,0.578704,0.050453,0.169375,0.03359,72
small_behavior_clone,contact_tail_shift,5,0.261574,0.042775,0.203704,0.040979,0.351852,0.044087,0.134259,0.030743,0.111111,0.034796,0.266204,0.046441,0.212963,0.035521,0.168981,0.03509,0.178241,0.038404,0.097222,0.024815,0.321759,0.039476,0.136574,0.033777,0.240741,0.039772,0.145833,0.037641,0.083333,0.026641,0.143519,0.029116,0.525463,0.056941,0.229213,0.041567,72
small_behavior_clone,contact_tail_shift,6,0.256944,0.037641,0.210648,0.03165,0.344907,0.044918,0.178241,0.034991,0.12037,0.03245,0.247685,0.045686,0.196759,0.034991,0.162037,0.035959,0.152778,0.034645,0.127315,0.031978,0.333333,0.040351,0.115741,0.032717,0.219907,0.04326,0.175926,0.034729,0.106481,0.027645,0.131944,0.029566,0.5,0.048782,0.223519,0.038288,72
small_behavior_clone,contact_tail_shift,7,0.280093,0.042284,0.226852,0.041527,0.358796,0.041704,0.173611,0.035057,0.118056,0.027744,0.229167,0.038464,0.208333,0.03917,0.152778,0.030819,0.166667,0.03539,0.113426,0.031539,0.300926,0.039641,0.131944,0.032907,0.238426,0.04374,0.166667,0.034796,0.085648,0.028159,0.185185,0.038528,0.550926,0.056933,0.244896,0.041397,72
small_behavior_clone,contact_tail_shift,8,0.224537,0.041453,0.203704,0.041985,0.354167,0.035939,0.136574,0.032517,0.143519,0.031193,0.247685,0.045686,0.196759,0.037301,0.134259,0.030057,0.175926,0.035911,0.113426,0.028035,0.37037,0.045332,0.115741,0.027137,0.259259,0.042315,0.125,0.032145,0.064815,0.023789,0.162037,0.037102,0.5625,0.057589,0.198183,0.040721,72
small_behavior_clone,contact_tail_shift,9,0.287037,0.042968,0.152778,0.032788,0.328704,0.047469,0.145833,0.031613,0.138889,0.032307,0.201389,0.038192,0.217593,0.04317,0.148148,0.033297,0.159722,0.036228,0.101852,0.02629,0.340278,0.046789,0.157407,0.034729,0.243056,0.043793,0.166667,0.035975,0.087963,0.030287,0.148148,0.037982,0.50463,0.056688,0.243472,0.041739,72
small_behavior_clone,cross_robot_morphology,0,0.231481,0.041652,0.215278,0.042585,0.356481,0.04673,0.168981,0.033258,0.118056,0.02921,0.212963,0.038347,0.1875,0.037083,0.12963,0.033087,0.125,0.025643,0.101852,0.025484,0.344907,0.046291,0.166667,0.033574,0.203704,0.039947,0.155093,0.036737,0.143519,0.031193,0.155093,0.03053,0.518519,0.059415,0.20206,0.039541,72
small_behavior_clone,cross_robot_morphology,1,0.212963,0.039947,0.208333,0.036977,0.328704,0.047027,0.175926,0.032876,0.138889,0.032947,0.208333,0.032788,0.168981,0.031978,0.171296,0.038753,0.164352,0.036832,0.083333,0.024176,0.37963,0.045332,0.141204,0.034591,0.206019,0.033879,0.171296,0.034173,0.106481,0.029116,0.180556,0.036977,0.578704,0.053271,0.18044,0.039019,72
small_behavior_clone,cross_robot_morphology,2,0.236111,0.03917,0.231481,0.041652,0.314815,0.039066,0.201389,0.037083,0.125,0.031489,0.247685,0.036547,0.18287,0.037207,0.175926,0.039772,0.171296,0.033557,0.113426,0.029487,0.324074,0.041819,0.138889,0.035975,0.199074,0.032717,0.199074,0.040164,0.092593,0.026554,0.173611,0.037918,0.537037,0.053759,0.197951,0.040149,72
small_behavior_clone,cross_robot_morphology,3,0.196759,0.043978,0.196759,0.04674,0.310185,0.047615,0.159722,0.035057,0.104167,0.027744,0.24537,0.041861,0.196759,0.038944,0.175926,0.037614,0.162037,0.032289,0.101852,0.025484,0.368056,0.04566,0.136574,0.03053,0.206019,0.033879,0.159722,0.037918,0.12037,0.03245,0.189815,0.03557,0.574074,0.058826,0.171782,0.041079,72
small_behavior_clone,cross_robot_morphology,4,0.243056,0.044267,0.206019,0.038494,0.361111,0.043344,0.173611,0.037918,0.131944,0.034152,0.270833,0.0368,0.196759,0.040001,0.173611,0.038464,0.175926,0.032235,0.085648,0.02584,0.328704,0.044753,0.136574,0.03053,0.240741,0.042315,0.157407,0.034729,0.118056,0.033223,0.152778,0.035243,0.532407,0.058381,0.212407,0.043728,72
small_behavior_clone,cross_robot_morphology,5,0.224537,0.042449,0.222222,0.038768,0.324074,0.039772,0.159722,0.0368,0.090278,0.023241,0.208333,0.040737,0.210648,0.036547,0.173611,0.033845,0.164352,0.031318,0.081019,0.025019,0.398148,0.04816,0.157407,0.032235,0.18287,0.036642,0.159722,0.039535,0.118056,0.030606,0.145833,0.032266,0.50463,0.054434,0.194826,0.040542,72
small_behavior_clone,cross_robot_morphology,6,0.256944,0.042339,0.217593,0.036914,0.305556,0.046594,0.194444,0.033574,0.099537,0.030071,0.25,0.036551,0.224537,0.038313,0.127315,0.029955,0.194444,0.034796,0.087963,0.026619,0.361111,0.047481,0.141204,0.03273,0.224537,0.036068,0.175926,0.041819,0.122685,0.036547,0.171296,0.038753,0.527778,0.057065,0.219225,0.041544,72
small_behavior_clone,cross_robot_morphology,7,0.212963,0.042479,0.219907,0.036452,0.356481,0.041527,0.155093,0.037856,0.143519,0.034376,0.217593,0.036914,0.206019,0.041116,0.12963,0.0318,0.157407,0.034729,0.113426,0.032836,0.319444,0.044649,0.141204,0.033982,0.222222,0.044297,0.18287,0.040434,0.094907,0.033466,0.166667,0.037118,0.553241,0.057002,0.180914,0.041097,72
small_behavior_clone,cross_robot_morphology,8,0.259259,0.040294,0.201389,0.037641,0.284722,0.041088,0.164352,0.032624,0.12963,0.029766,0.217593,0.038028,0.219907,0.045609,0.219907,0.041788,0.150463,0.035484,0.127315,0.030644,0.344907,0.041537,0.155093,0.040001,0.199074,0.040164,0.18287,0.040434,0.101852,0.028573,0.122685,0.034186,0.518519,0.056164,0.215405,0.039269,72
small_behavior_clone,cross_robot_morphology,9,0.226852,0.038932,0.229167,0.039003,0.319444,0.038633,0.175926,0.037614,0.125,0.031489,0.217593,0.035177,0.203704,0.0318,0.166667,0.030988,0.18287,0.034288,0.101852,0.029295,0.337963,0.040851,0.134259,0.033349,0.194444,0.039831,0.1875,0.034758,0.136574,0.03053,0.157407,0.030913,0.55787,0.056757,0.193727,0.037947,72
small_behavior_clone,embodiment_shift,0,0.266204,0.046888,0.226852,0.041021,0.335648,0.045913,0.162037,0.034779,0.127315,0.031318,0.222222,0.04286,0.18287,0.035484,0.145833,0.031613,0.122685,0.035386,0.069444,0.023959,0.349537,0.045303,0.138889,0.027413,0.224537,0.038313,0.138889,0.032307,0.141204,0.030758,0.194444,0.039831,0.506944,0.05795,0.239028,0.045592,72
small_behavior_clone,embodiment_shift,1,0.229167,0.042092,0.201389,0.037641,0.314815,0.049864,0.166667,0.036551,0.097222,0.027979,0.222222,0.045689,0.226852,0.036152,0.173611,0.035057,0.152778,0.036977,0.097222,0.029433,0.335648,0.052688,0.136574,0.034389,0.206019,0.037394,0.152778,0.036408,0.118056,0.032588,0.19213,0.040175,0.553241,0.053214,0.197593,0.040772,72
small_behavior_clone,embodiment_shift,2,0.293981,0.047258,0.277778,0.043823,0.331019,0.051486,0.164352,0.03568,0.108796,0.028283,0.229167,0.043072,0.1875,0.036515,0.157407,0.028816,0.155093,0.033777,0.108796,0.031095,0.351852,0.045942,0.101852,0.027073,0.231481,0.040121,0.162037,0.035959,0.085648,0.030302,0.125,0.033418,0.483796,0.058567,0.27147,0.04448,72
small_behavior_clone,embodiment_shift,3,0.256944,0.041843,0.233796,0.038585,0.305556,0.047481,0.157407,0.029531,0.111111,0.030306,0.203704,0.034326,0.210648,0.034791,0.168981,0.03509,0.138889,0.02961,0.090278,0.025795,0.314815,0.040121,0.157407,0.034729,0.210648,0.038222,0.164352,0.032624,0.115741,0.032073,0.12963,0.029766,0.527778,0.05992,0.224028,0.041069,72
small_behavior_clone,embodiment_shift,4,0.268519,0.04313,0.238426,0.038675,0.344907,0.04538,0.152778,0.032145,0.108796,0.033673,0.231481,0.036296,0.175926,0.035325,0.173611,0.039535,0.157407,0.03023,0.092593,0.03023,0.3125,0.044267,0.152778,0.031489,0.224537,0.034288,0.150463,0.033673,0.131944,0.030945,0.185185,0.03136,0.518519,0.056902,0.242766,0.042342,72
small_behavior_clone,embodiment_shift,5,0.282407,0.043651,0.208333,0.036977,0.351852,0.049864,0.180556,0.030134,0.131944,0.028851,0.240741,0.040294,0.229167,0.036228,0.148148,0.033297,0.148148,0.037982,0.104167,0.02921,0.365741,0.043651,0.12963,0.036104,0.24537,0.039816,0.166667,0.031654,0.131944,0.028118,0.159722,0.030606,0.493056,0.055747,0.245706,0.042065,72
small_behavior_clone,embodiment_shift,6,0.256944,0.041843,0.222222,0.03419,0.340278,0.045888,0.155093,0.037301,0.12037,0.031137,0.240741,0.038708,0.180556,0.036408,0.131944,0.030263,0.168981,0.033879,0.085648,0.022376,0.354167,0.046566,0.108796,0.030416,0.217593,0.043651,0.164352,0.037394,0.127315,0.031978,0.150463,0.03241,0.486111,0.061891,0.229873,0.040183,72
small_behavior_clone,embodiment_shift,7,0.259259,0.040808,0.24537,0.040337,0.331019,0.03509,0.162037,0.036535,0.111111,0.027413,0.25,0.037118,0.219907,0.03758,0.152778,0.030819,0.155093,0.034991,0.115741,0.029354,0.326389,0.039535,0.125,0.032788,0.252315,0.035971,0.164352,0.03449,0.097222,0.027222,0.166667,0.037676,0.483796,0.055266,0.230313,0.042606,72
small_behavior_clone,embodiment_shift,8,0.243056,0.039798,0.217593,0.036344,0.298611,0.044267,0.138889,0.02961,0.141204,0.032086,0.217593,0.038028,0.217593,0.043651,0.173611,0.036228,0.162037,0.032929,0.108796,0.025974,0.328704,0.045217,0.166667,0.038768,0.19213,0.033982,0.178241,0.039476,0.113426,0.032836,0.189815,0.037845,0.571759,0.057729,0.203912,0.037982,72
small_behavior_clone,embodiment_shift,9,0.273148,0.038932,0.25,0.043823,0.293981,0.044529,0.141204,0.030071,0.097222,0.025643,0.25,0.036551,0.196759,0.037301,0.164352,0.033879,0.166667,0.034796,0.0625,0.022787,0.344907,0.051418,0.155093,0.032517,0.1875,0.040833,0.127315,0.030644,0.099537,0.030071,0.162037,0.02959,0.49537,0.047027,0.245475,0.040012,72
small_behavior_clone,heldout_exception_composition,0,0.222222,0.033574,0.166667,0.032947,0.335648,0.040605,0.171296,0.041359,0.122685,0.030983,0.236111,0.03917,0.261574,0.042775,0.164352,0.03509,0.159722,0.033223,0.097222,0.030134,0.349537,0.039914,0.148148,0.030687,0.219907,0.041788,0.178241,0.036737,0.099537,0.028649,0.136574,0.033153,0.50463,0.053661,0.176609,0.033013,72
small_behavior_clone,heldout_exception_composition,1,0.19213,0.040691,0.203704,0.040466,0.3125,0.049182,0.166667,0.036551,0.155093,0.036737,0.229167,0.038464,0.194444,0.035975,0.145833,0.034152,0.166667,0.033574,0.081019,0.029605,0.326389,0.048109,0.104167,0.030606,0.194444,0.036551,0.159722,0.035647,0.113426,0.031539,0.159722,0.036228,0.555556,0.058152,0.164907,0.038978,72
small_behavior_clone,heldout_exception_composition,2,0.217593,0.039641,0.226852,0.03999,0.342593,0.041819,0.148148,0.030687,0.122685,0.029605,0.240741,0.041317,0.206019,0.037948,0.166667,0.032947,0.148148,0.03136,0.106481,0.029824,0.398148,0.043611,0.148148,0.032018,0.189815,0.037845,0.196759,0.039476,0.090278,0.024973,0.159722,0.035057,0.546296,0.060345,0.191551,0.037363,72
small_behavior_clone,heldout_exception_composition,3,0.18287,0.042449,0.224537,0.036642,0.407407,0.042315,0.206019,0.038494,0.12963,0.028329,0.240741,0.040808,0.226852,0.039465,0.175926,0.034729,0.1875,0.038735,0.108796,0.027535,0.361111,0.052889,0.152778,0.032145,0.164352,0.037394,0.185185,0.039597,0.115741,0.032717,0.206019,0.03509,0.583333,0.053282,0.155544,0.039533,72
small_behavior_clone,heldout_exception_composition,4,0.185185,0.035717,0.212963,0.050557,0.388889,0.043823,0.155093,0.035582,0.166667,0.032947,0.206019,0.040605,0.231481,0.041652,0.19213,0.041201,0.180556,0.038089,0.118056,0.02921,0.365741,0.048627,0.148148,0.035717,0.201389,0.036515,0.19213,0.037487,0.097222,0.027979,0.203704,0.040466,0.56713,0.05583,0.151273,0.033187,72
small_behavior_clone,heldout_exception_composition,5,0.206019,0.043099,0.217593,0.045063,0.337963,0.041359,0.180556,0.036977,0.145833,0.034152,0.194444,0.039831,0.25463,0.040337,0.168981,0.031978,0.159722,0.038464,0.083333,0.025025,0.344907,0.04052,0.108796,0.029011,0.226852,0.038392,0.203704,0.037799,0.108796,0.034891,0.157407,0.035911,0.539352,0.061125,0.175937,0.041925,72
small_behavior_clone,heldout_exception_composition,6,0.222222,0.047919,0.219907,0.036452,0.337963,0.047907,0.175926,0.034729,0.127315,0.031978,0.231481,0.039597,0.226852,0.03999,0.1875,0.03927,0.12963,0.033087,0.071759,0.024026,0.340278,0.049394,0.157407,0.037614,0.194444,0.037676,0.219907,0.044685,0.099537,0.027911,0.152778,0.034037,0.56713,0.070087,0.191146,0.046471,72
small_behavior_clone,heldout_exception_composition,7,0.180556,0.036408,0.229167,0.040059,0.354167,0.043314,0.18287,0.035484,0.125,0.030134,0.247685,0.050047,0.229167,0.039535,0.162037,0.035959,0.148148,0.033297,0.101852,0.027833,0.344907,0.049768,0.134259,0.037475,0.175926,0.038165,0.171296,0.039288,0.104167,0.027744,0.18287,0.037207,0.560185,0.057177,0.153137,0.033549,72
small_behavior_clone,heldout_exception_composition,8,0.215278,0.042585,0.19213,0.040175,0.319444,0.04175,0.164352,0.030644,0.118056,0.029917,0.243056,0.040833,0.210648,0.038764,0.141204,0.03273,0.173611,0.035057,0.115741,0.032073,0.400463,0.044136,0.138889,0.033574,0.196759,0.036164,0.162037,0.040851,0.108796,0.030416,0.194444,0.037118,0.534722,0.057042,0.181806,0.042926,72
small_behavior_clone,heldout_exception_composition,9,0.178241,0.036737,0.180556,0.036408,0.354167,0.048755,0.145833,0.031613,0.155093,0.033153,0.222222,0.039303,0.263889,0.048244,0.196759,0.039476,0.178241,0.04052,0.078704,0.025002,0.337963,0.04877,0.122685,0.030302,0.196759,0.029131,0.196759,0.039476,0.108796,0.029011,0.1875,0.037083,0.555556,0.052492,0.142546,0.032724,72
small_behavior_clone,nominal_scaling,0,0.347222,0.04603,0.219907,0.034084,0.275463,0.038854,0.099537,0.030758,0.104167,0.02921,0.217593,0.042192,0.166667,0.041373,0.127315,0.029955,0.150463,0.033673,0.106481,0.02839,0.270833,0.039535,0.136574,0.034389,0.273148,0.045828,0.134259,0.032073,0.069444,0.024815,0.162037,0.033557,0.451389,0.055747,0.330012,0.048134,72
small_behavior_clone,nominal_scaling,1,0.368056,0.051666,0.252315,0.047036,0.303241,0.044918,0.118056,0.028487,0.092593,0.025756,0.24537,0.042846,0.173611,0.035057,0.099537,0.027153,0.131944,0.032907,0.127315,0.03568,0.256944,0.042829,0.131944,0.030263,0.280093,0.04374,0.159722,0.030606,0.069444,0.027979,0.134259,0.028634,0.453704,0.063381,0.353681,0.053503,72
small_behavior_clone,nominal_scaling,2,0.388889,0.04237,0.231481,0.039066,0.298611,0.039798,0.115741,0.029354,0.115741,0.027896,0.240741,0.039772,0.152778,0.037537,0.148148,0.035717,0.168981,0.036832,0.118056,0.030606,0.275463,0.038854,0.108796,0.027535,0.236111,0.043704,0.157407,0.033505,0.081019,0.025019,0.111111,0.02961,0.449074,0.058738,0.369433,0.044223,72
small_behavior_clone,nominal_scaling,3,0.37037,0.048448,0.293981,0.041621,0.331019,0.040605,0.106481,0.025278,0.092593,0.025756,0.25463,0.040337,0.168981,0.031978,0.099537,0.027911,0.155093,0.034991,0.113426,0.032194,0.303241,0.049347,0.155093,0.035582,0.233796,0.036356,0.164352,0.033879,0.081019,0.035386,0.115741,0.030057,0.465278,0.06229,0.35772,0.049918,72
small_behavior_clone,nominal_scaling,4,0.356481,0.041527,0.25463,0.04381,0.298611,0.041843,0.118056,0.031941,0.074074,0.027329,0.256944,0.038735,0.166667,0.031654,0.131944,0.034152,0.127315,0.031978,0.145833,0.032907,0.293981,0.049417,0.145833,0.031613,0.261574,0.045609,0.145833,0.030263,0.064815,0.021964,0.122685,0.028159,0.43287,0.049907,0.342697,0.044001,72
small_behavior_clone,nominal_scaling,5,0.37963,0.043929,0.236111,0.041247,0.324074,0.042806,0.085648,0.027408,0.092593,0.028082,0.219907,0.035874,0.157407,0.030913,0.125,0.03583,0.143519,0.03557,0.106481,0.029824,0.263889,0.046481,0.115741,0.030057,0.238426,0.039739,0.134259,0.030743,0.06713,0.023881,0.143519,0.032504,0.423611,0.048755,0.365891,0.0438,72
small_behavior_clone,nominal_scaling,6,0.398148,0.044558,0.266204,0.037487,0.25463,0.036535,0.099537,0.026373,0.099537,0.029369,0.280093,0.04374,0.162037,0.036535,0.150463,0.031759,0.087963,0.025823,0.113426,0.03087,0.287037,0.041985,0.145833,0.029566,0.231481,0.045024,0.168981,0.037948,0.087963,0.024152,0.136574,0.033777,0.435185,0.059765,0.388484,0.047708,72
small_behavior_clone,nominal_scaling,7,0.363426,0.043501,0.266204,0.040175,0.296296,0.042479,0.115741,0.029354,0.122685,0.02584,0.219907,0.03758,0.148148,0.032664,0.122685,0.037114,0.145833,0.035939,0.108796,0.030416,0.275463,0.038854,0.122685,0.034186,0.229167,0.040577,0.141204,0.031429,0.064815,0.024651,0.127315,0.031318,0.449074,0.051545,0.344502,0.045903,72
small_behavior_clone,nominal_scaling,8,0.393519,0.044908,0.203704,0.038347,0.324074,0.044714,0.134259,0.032073,0.092593,0.027329,0.261574,0.045609,0.152778,0.031489,0.143519,0.029116,0.106481,0.027645,0.125,0.030134,0.268519,0.041652,0.143519,0.034978,0.219907,0.039739,0.131944,0.028851,0.071759,0.02488,0.12037,0.036678,0.430556,0.057339,0.372014,0.046513,72
small_behavior_clone,nominal_scaling,9,0.375,0.046481,0.240741,0.041819,0.275463,0.043421,0.127315,0.02925,0.108796,0.025158,0.256944,0.044267,0.168981,0.037948,0.122685,0.032302,0.150463,0.036642,0.12037,0.03245,0.296296,0.046693,0.162037,0.033557,0.275463,0.04484,0.178241,0.036164,0.064815,0.021964,0.111111,0.031654,0.465278,0.055934,0.352581,0.047279,72
small_behavior_clone,recovery_scarcity,0,0.256944,0.047454,0.210648,0.038222,0.333333,0.049208,0.164352,0.041116,0.108796,0.029011,0.208333,0.035243,0.194444,0.041874,0.162037,0.034779,0.164352,0.042612,0.099537,0.024739,0.331019,0.04212,0.134259,0.034578,0.208333,0.036977,0.180556,0.036977,0.078704,0.024152,0.18287,0.035484,0.49537,0.056688,0.22294,0.045798,72
small_behavior_clone,recovery_scarcity,1,0.236111,0.044179,0.212963,0.036678,0.305556,0.044766,0.155093,0.037301,0.122685,0.03165,0.212963,0.036678,0.199074,0.034578,0.159722,0.035057,0.143519,0.033764,0.108796,0.027535,0.326389,0.046789,0.118056,0.028487,0.226852,0.036725,0.152778,0.034037,0.094907,0.026505,0.168981,0.039564,0.541667,0.055864,0.208102,0.042128,72
small_behavior_clone,recovery_scarcity,2,0.240741,0.039244,0.24537,0.035959,0.314815,0.049019,0.178241,0.037301,0.113426,0.029487,0.201389,0.040319,0.196759,0.036737,0.145833,0.030945,0.166667,0.03419,0.118056,0.033845,0.381944,0.046341,0.143519,0.031193,0.219907,0.040261,0.168981,0.037948,0.078704,0.025823,0.196759,0.037856,0.537037,0.050968,0.209005,0.040376,72
small_behavior_clone,recovery_scarcity,3,0.243056,0.042339,0.229167,0.041593,0.344907,0.043019,0.1875,0.038735,0.134259,0.034578,0.201389,0.039798,0.238426,0.04374,0.162037,0.031636,0.155093,0.035582,0.104167,0.028487,0.372685,0.04212,0.152778,0.038633,0.206019,0.031318,0.162037,0.035374,0.104167,0.026196,0.166667,0.03539,0.534722,0.051666,0.2,0.04163,72
small_behavior_clone,recovery_scarcity,4,0.236111,0.040737,0.203704,0.038888,0.375,0.044179,0.162037,0.032289,0.115741,0.028634,0.240741,0.039772,0.189815,0.033764,0.159722,0.034456,0.208333,0.038633,0.12963,0.028329,0.321759,0.043978,0.150463,0.034288,0.189815,0.038392,0.173611,0.037918,0.092593,0.028082,0.203704,0.041485,0.55787,0.053734,0.199502,0.03875,72
small_behavior_clone,recovery_scarcity,5,0.212963,0.034929,0.217593,0.033969,0.319444,0.046481,0.164352,0.03626,0.113426,0.030187,0.24537,0.04381,0.189815,0.036725,0.148148,0.029295,0.155093,0.028405,0.125,0.030134,0.372685,0.045457,0.150463,0.034288,0.224537,0.037764,0.134259,0.036344,0.115741,0.031415,0.194444,0.038768,0.571759,0.050806,0.183368,0.034794,72
small_behavior_clone,recovery_scarcity,6,0.224537,0.038854,0.206019,0.037394,0.340278,0.048109,0.178241,0.037301,0.118056,0.02921,0.206019,0.039564,0.212963,0.039947,0.168981,0.037394,0.159722,0.036228,0.111111,0.030306,0.333333,0.046143,0.162037,0.032289,0.208333,0.038089,0.168981,0.03449,0.111111,0.03419,0.226852,0.041021,0.516204,0.054121,0.187037,0.037931,72
small_behavior_clone,recovery_scarcity,7,0.236111,0.039699,0.1875,0.037641,0.3125,0.053257,0.162037,0.038753,0.150463,0.035484,0.243056,0.037083,0.196759,0.033777,0.150463,0.033673,0.162037,0.032289,0.085648,0.026635,0.340278,0.045431,0.115741,0.027137,0.208333,0.034645,0.141204,0.037487,0.104167,0.026982,0.203704,0.036104,0.516204,0.055643,0.201586,0.036677,72
small_behavior_clone,recovery_scarcity,8,0.219907,0.03758,0.215278,0.040577,0.335648,0.044057,0.157407,0.032876,0.092593,0.024932,0.178241,0.036737,0.171296,0.035374,0.173611,0.040577,0.173611,0.032588,0.101852,0.029999,0.361111,0.047481,0.141204,0.03273,0.222222,0.041874,0.155093,0.035582,0.127315,0.030644,0.157407,0.035325,0.541667,0.05279,0.190023,0.036556,72
small_behavior_clone,recovery_scarcity,9,0.24537,0.038753,0.201389,0.034152,0.310185,0.044908,0.164352,0.03626,0.145833,0.032907,0.252315,0.040862,0.238426,0.044685,0.143519,0.031193,0.175926,0.036487,0.099537,0.029369,0.349537,0.046216,0.175926,0.040808,0.175926,0.038165,0.180556,0.032145,0.122685,0.030983,0.19213,0.03804,0.543981,0.060611,0.199282,0.038832,72
small_behavior_clone,shortcut_shift,0,0.252315,0.041871,0.226852,0.041021,0.314815,0.040121,0.162037,0.038211,0.134259,0.030743,0.206019,0.037394,0.178241,0.037856,0.148148,0.030687,0.159722,0.032588,0.113426,0.027281,0.319444,0.038633,0.134259,0.028634,0.224537,0.041954,0.168981,0.03568,0.090278,0.031613,0.138889,0.02961,0.527778,0.055583,0.218796,0.043792,72
small_behavior_clone,shortcut_shift,1,0.261574,0.036452,0.240741,0.040294,0.365741,0.050315,0.162037,0.037102,0.141204,0.031429,0.263889,0.039699,0.224537,0.041453,0.159722,0.033845,0.159722,0.035057,0.092593,0.024932,0.314815,0.041148,0.115741,0.027896,0.199074,0.038573,0.201389,0.043314,0.127315,0.028528,0.155093,0.034389,0.490741,0.05124,0.224028,0.037765,72
small_behavior_clone,shortcut_shift,2,0.247685,0.04382,0.233796,0.039652,0.293981,0.049838,0.125,0.026444,0.092593,0.028082,0.219907,0.044215,0.159722,0.037918,0.178241,0.037856,0.145833,0.031613,0.111111,0.027413,0.340278,0.045431,0.148148,0.035127,0.164352,0.037394,0.196759,0.038944,0.085648,0.023291,0.164352,0.033879,0.543981,0.05209,0.221088,0.042799,72
small_behavior_clone,shortcut_shift,3,0.238426,0.040776,0.210648,0.037672,0.31713,0.049276,0.127315,0.032624,0.148148,0.030687,0.236111,0.046481,0.168981,0.033879,0.131944,0.032266,0.168981,0.03509,0.085648,0.022376,0.337963,0.042356,0.159722,0.031941,0.203704,0.033712,0.199074,0.04119,0.092593,0.028816,0.148148,0.027073,0.523148,0.058619,0.209259,0.03983,72
small_behavior_clone,shortcut_shift,4,0.263889,0.04175,0.201389,0.043793,0.280093,0.044685,0.143519,0.03557,0.118056,0.030606,0.236111,0.034037,0.212963,0.03245,0.185185,0.036867,0.19213,0.041704,0.122685,0.032302,0.326389,0.044969,0.152778,0.034037,0.24537,0.042356,0.178241,0.037301,0.087963,0.026619,0.12963,0.0318,0.5,0.060613,0.230012,0.042841,72
small_behavior_clone,shortcut_shift,5,0.266204,0.048636,0.217593,0.038028,0.3125,0.043793,0.145833,0.032266,0.145833,0.036515,0.196759,0.031869,0.199074,0.04119,0.1875,0.03927,0.157407,0.032876,0.101852,0.029295,0.356481,0.043008,0.143519,0.034978,0.217593,0.036344,0.159722,0.036228,0.104167,0.02921,0.203704,0.037799,0.511574,0.056818,0.235324,0.047023,72
small_behavior_clone,shortcut_shift,6,0.24537,0.040337,0.243056,0.038192,0.30787,0.051957,0.145833,0.035353,0.125,0.036408,0.24537,0.038211,0.243056,0.044737,0.168981,0.03509,0.180556,0.034037,0.092593,0.025756,0.347222,0.042247,0.157407,0.035911,0.166667,0.035975,0.203704,0.036678,0.099537,0.027911,0.180556,0.038089,0.520833,0.056306,0.210035,0.041007,72
small_behavior_clone,shortcut_shift,7,0.296296,0.047138,0.226852,0.036152,0.289352,0.041871,0.134259,0.032717,0.143519,0.033764,0.252315,0.042367,0.196759,0.036737,0.143519,0.030516,0.157407,0.033505,0.078704,0.021403,0.291667,0.048244,0.175926,0.040808,0.219907,0.039211,0.173611,0.038464,0.090278,0.028851,0.1875,0.037083,0.488426,0.058269,0.263079,0.047352,72
small_behavior_clone,shortcut_shift,8,0.259259,0.042315,0.222222,0.039303,0.347222,0.040222,0.141204,0.035189,0.136574,0.037301,0.243056,0.048755,0.224537,0.041453,0.155093,0.035582,0.173611,0.033845,0.106481,0.032504,0.356481,0.04252,0.148148,0.032018,0.231481,0.040638,0.224537,0.04711,0.101852,0.027073,0.168981,0.036832,0.474537,0.056941,0.227025,0.043442,72
small_behavior_clone,shortcut_shift,9,0.280093,0.044215,0.24537,0.040337,0.349537,0.048421,0.152778,0.038089,0.12037,0.028329,0.231481,0.036867,0.215278,0.035057,0.122685,0.030302,0.145833,0.035353,0.094907,0.030187,0.321759,0.049768,0.127315,0.033258,0.203704,0.040466,0.171296,0.032289,0.087963,0.024152,0.138889,0.030988,0.467593,0.057662,0.248935,0.044326,72
