stress_level,method,seed,mean_success,ci95_success,mean_rare_failure_recall,ci95_rare_failure_recall,mean_contact_boundary_error,ci95_contact_boundary_error,mean_unsafe_commitment,ci95_unsafe_commitment,mean_overtrust_rate,ci95_overtrust_rate,mean_recovery_success,ci95_recovery_success,mean_tail_risk_rate,ci95_tail_risk_rate,mean_calibration_ece,ci95_calibration_ece,mean_intervention_cost,ci95_intervention_cost,mean_average_scaling_gain,ci95_average_scaling_gain,mean_boundary_risk_slope,ci95_boundary_risk_slope,mean_scale_exception_gap,ci95_scale_exception_gap,mean_boundary_coverage,ci95_boundary_coverage,mean_shortcut_reliance,ci95_shortcut_reliance,mean_morphology_transfer_gap,ci95_morphology_transfer_gap,mean_recoverability_deficit,ci95_recoverability_deficit,mean_regret_to_oracle,ci95_regret_to_oracle,mean_utility,ci95_utility,groups
0.08,boundary_aware_scale_exception_audit_v5,0,0.706019,0.046366,0.699074,0.046879,0.138889,0.035975,0.020833,0.012821,0.027778,0.015827,0.657407,0.04699,0.076389,0.025795,0.027778,0.014448,0.155093,0.034389,0.363426,0.043978,0.189815,0.038932,0.289352,0.042367,0.673611,0.045888,0.081019,0.02417,0.030093,0.016252,0.064815,0.024651,0.0,0.0,0.814086,0.043819,72
0.08,boundary_aware_scale_exception_audit_v5,1,0.75,0.04523,0.6875,0.047454,0.1875,0.044267,0.016204,0.011485,0.018519,0.012184,0.622685,0.041369,0.071759,0.02488,0.023148,0.014883,0.166667,0.031654,0.354167,0.043793,0.175926,0.038165,0.25,0.03539,0.668981,0.044529,0.099537,0.031429,0.030093,0.014912,0.050926,0.021075,0.0,0.0,0.849433,0.039244,72
0.08,boundary_aware_scale_exception_audit_v5,2,0.694444,0.043823,0.710648,0.042367,0.148148,0.032664,0.013889,0.010715,0.025463,0.015372,0.634259,0.048627,0.099537,0.032086,0.013889,0.010715,0.164352,0.032624,0.340278,0.048969,0.178241,0.037856,0.226852,0.040509,0.652778,0.045114,0.115741,0.029354,0.027778,0.017095,0.048611,0.021852,0.0,0.0,0.809236,0.040802,72
0.08,boundary_aware_scale_exception_audit_v5,3,0.706019,0.043099,0.699074,0.039111,0.175926,0.034122,0.030093,0.016252,0.025463,0.016674,0.601852,0.048592,0.076389,0.028851,0.030093,0.017489,0.178241,0.034389,0.344907,0.045838,0.145833,0.028851,0.261574,0.040776,0.662037,0.039816,0.083333,0.025025,0.00463,0.006371,0.076389,0.024122,0.0,0.0,0.810046,0.040101,72
0.08,boundary_aware_scale_exception_audit_v5,4,0.743056,0.040833,0.675926,0.04787,0.178241,0.036737,0.027778,0.015827,0.025463,0.013948,0.666667,0.046143,0.076389,0.024122,0.023148,0.013407,0.150463,0.034891,0.351852,0.040121,0.166667,0.032307,0.263889,0.046481,0.689815,0.046281,0.083333,0.023297,0.041667,0.020176,0.05787,0.022531,0.0,0.0,0.853102,0.036621,72
0.08,boundary_aware_scale_exception_audit_v5,5,0.724537,0.042449,0.650463,0.039914,0.168981,0.039033,0.041667,0.019113,0.00463,0.006371,0.62037,0.054145,0.069444,0.022148,0.006944,0.007747,0.157407,0.034729,0.314815,0.040638,0.162037,0.038753,0.238426,0.038131,0.69213,0.043661,0.083333,0.023297,0.030093,0.017489,0.039352,0.017687,0.0,0.0,0.830081,0.037107,72
0.08,boundary_aware_scale_exception_audit_v5,6,0.696759,0.045838,0.662037,0.045676,0.162037,0.034173,0.020833,0.014357,0.006944,0.007747,0.666667,0.04237,0.064815,0.022895,0.032407,0.015343,0.164352,0.03626,0.321759,0.04674,0.1875,0.030945,0.261574,0.040261,0.6875,0.036515,0.074074,0.028082,0.018519,0.013791,0.048611,0.01985,0.0,0.0,0.803646,0.038751,72
0.08,boundary_aware_scale_exception_audit_v5,7,0.715278,0.040059,0.680556,0.04603,0.171296,0.035374,0.027778,0.017095,0.013889,0.010715,0.608796,0.045303,0.081019,0.02584,0.018519,0.012184,0.199074,0.038028,0.375,0.04603,0.175926,0.040294,0.217593,0.04119,0.68287,0.047988,0.06713,0.026373,0.030093,0.014912,0.048611,0.020875,0.0,0.0,0.822766,0.0371,72
0.08,boundary_aware_scale_exception_audit_v5,8,0.747685,0.041871,0.722222,0.039831,0.155093,0.031869,0.020833,0.012821,0.018519,0.012184,0.62037,0.044869,0.06713,0.022063,0.016204,0.011485,0.157407,0.031581,0.361111,0.050465,0.189815,0.041527,0.231481,0.040121,0.634259,0.050315,0.083333,0.026641,0.025463,0.013948,0.043981,0.019377,0.0,0.0,0.852697,0.036309,72
0.08,boundary_aware_scale_exception_audit_v5,9,0.689815,0.041527,0.699074,0.042684,0.171296,0.036535,0.025463,0.013948,0.020833,0.014357,0.604167,0.047233,0.085648,0.026635,0.013889,0.010715,0.125,0.030134,0.358796,0.040175,0.199074,0.038573,0.238426,0.039739,0.75,0.044297,0.099537,0.029369,0.020833,0.014357,0.060185,0.022666,0.0,0.0,0.807708,0.036738,72
0.08,conformal_risk_filter,0,0.56713,0.037487,0.509259,0.050003,0.268519,0.045485,0.05787,0.023439,0.083333,0.025025,0.453704,0.054911,0.099537,0.025569,0.085648,0.02584,0.189815,0.037289,0.277778,0.046594,0.229167,0.041593,0.270833,0.037363,0.465278,0.053257,0.152778,0.034037,0.060185,0.020742,0.099537,0.026373,0.0,0.0,0.623102,0.036308,72
0.08,conformal_risk_filter,1,0.569444,0.048675,0.469907,0.052622,0.263889,0.036977,0.085648,0.02584,0.06713,0.026373,0.37963,0.046693,0.111111,0.028896,0.085648,0.02584,0.155093,0.031207,0.284722,0.046789,0.217593,0.035765,0.240741,0.034122,0.481481,0.051511,0.166667,0.03539,0.037037,0.018528,0.083333,0.025845,0.0,0.0,0.620671,0.05033,72
0.08,conformal_risk_filter,2,0.578704,0.047027,0.460648,0.050668,0.266204,0.042202,0.055556,0.022383,0.0625,0.024551,0.391204,0.04711,0.099537,0.032086,0.108796,0.029011,0.164352,0.039564,0.282407,0.041694,0.212963,0.038888,0.25,0.040351,0.481481,0.045942,0.131944,0.028851,0.048611,0.01985,0.064815,0.021964,0.0,0.0,0.633206,0.048192,72
0.08,conformal_risk_filter,3,0.537037,0.045332,0.44213,0.039388,0.263889,0.032788,0.060185,0.021726,0.106481,0.02839,0.409722,0.052468,0.106481,0.02839,0.0625,0.021852,0.185185,0.041652,0.300926,0.050728,0.282407,0.040164,0.25,0.04237,0.486111,0.045114,0.162037,0.033557,0.060185,0.022666,0.078704,0.023272,0.0,0.0,0.585035,0.046558,72
0.08,conformal_risk_filter,4,0.560185,0.047175,0.490741,0.047432,0.236111,0.043224,0.053241,0.02222,0.055556,0.02143,0.398148,0.04313,0.113426,0.030187,0.083333,0.027413,0.166667,0.031654,0.263889,0.04603,0.215278,0.039003,0.247685,0.036547,0.474537,0.045072,0.143519,0.030516,0.060185,0.024439,0.087963,0.028144,0.0,0.0,0.618206,0.04857,72
0.08,conformal_risk_filter,5,0.578704,0.052082,0.472222,0.050877,0.233796,0.044607,0.037037,0.017364,0.069444,0.024815,0.439815,0.043008,0.115741,0.030057,0.087963,0.027392,0.215278,0.037363,0.333333,0.041874,0.224537,0.041453,0.252315,0.043341,0.425926,0.049161,0.136574,0.031207,0.046296,0.020658,0.092593,0.030913,0.0,0.0,0.630613,0.04981,72
0.08,conformal_risk_filter,6,0.502315,0.037948,0.479167,0.04566,0.261574,0.042775,0.050926,0.022971,0.064815,0.020993,0.384259,0.048196,0.115741,0.030743,0.097222,0.033418,0.217593,0.041694,0.284722,0.043554,0.268519,0.042643,0.219907,0.035288,0.453704,0.043929,0.159722,0.030606,0.043981,0.019377,0.104167,0.029917,0.0,0.0,0.55566,0.037533,72
0.08,conformal_risk_filter,7,0.587963,0.045217,0.490741,0.04699,0.252315,0.042367,0.050926,0.02006,0.069444,0.023959,0.414352,0.041871,0.108796,0.026766,0.087963,0.028876,0.171296,0.034173,0.273148,0.04252,0.25,0.04286,0.30787,0.045072,0.453704,0.047579,0.138889,0.034796,0.050926,0.022043,0.064815,0.025484,0.0,0.0,0.638981,0.046431,72
0.08,conformal_risk_filter,8,0.569444,0.04781,0.5,0.050465,0.252315,0.04659,0.050926,0.018991,0.087963,0.025823,0.381944,0.047673,0.12037,0.027582,0.087963,0.032929,0.173611,0.034456,0.277778,0.039831,0.25,0.04286,0.224537,0.038313,0.462963,0.045332,0.113426,0.02877,0.060185,0.021726,0.083333,0.025845,0.0,0.0,0.623495,0.047589,72
0.08,conformal_risk_filter,9,0.5625,0.046341,0.481481,0.04313,0.231481,0.035127,0.083333,0.028164,0.064815,0.022895,0.43287,0.043661,0.101852,0.030687,0.092593,0.025756,0.194444,0.037676,0.268519,0.045024,0.231481,0.032664,0.229167,0.0368,0.43287,0.04777,0.175926,0.034122,0.027778,0.017095,0.094907,0.02877,0.0,0.0,0.615174,0.047922,72
0.08,generic_scaling_law_extrapolator,0,0.465278,0.045201,0.287037,0.039421,0.289352,0.044294,0.122685,0.030302,0.173611,0.035057,0.31713,0.046665,0.152778,0.03917,0.189815,0.039465,0.136574,0.031869,0.418981,0.050874,0.358796,0.04777,0.428241,0.047843,0.289352,0.039827,0.217593,0.037475,0.083333,0.026641,0.134259,0.033349,0.0,0.0,0.442789,0.049019,72
0.08,generic_scaling_law_extrapolator,1,0.493056,0.047673,0.280093,0.040776,0.261574,0.04374,0.099537,0.024739,0.159722,0.032588,0.331019,0.048993,0.171296,0.035374,0.217593,0.04119,0.134259,0.034578,0.412037,0.055947,0.314815,0.044087,0.43287,0.036926,0.275463,0.04484,0.259259,0.038708,0.076389,0.025795,0.118056,0.031281,0.0,0.0,0.473889,0.049676,72
0.08,generic_scaling_law_extrapolator,2,0.483796,0.050531,0.280093,0.035288,0.296296,0.043929,0.118056,0.031281,0.199074,0.035177,0.277778,0.043344,0.138889,0.032947,0.1875,0.035353,0.162037,0.032289,0.405093,0.047843,0.328704,0.044753,0.469907,0.04674,0.282407,0.04119,0.247685,0.041369,0.074074,0.02408,0.136574,0.037301,0.0,0.0,0.451331,0.051092,72
0.08,generic_scaling_law_extrapolator,3,0.49537,0.050865,0.266204,0.039122,0.273148,0.038932,0.099537,0.029369,0.180556,0.035243,0.300926,0.04317,0.171296,0.035374,0.173611,0.037363,0.136574,0.034991,0.398148,0.044087,0.333333,0.043344,0.435185,0.051104,0.298611,0.038735,0.256944,0.039798,0.071759,0.02126,0.111111,0.025845,0.0,0.0,0.47037,0.050107,72
0.08,generic_scaling_law_extrapolator,4,0.5,0.043823,0.303241,0.043019,0.266204,0.040691,0.108796,0.027535,0.168981,0.033879,0.293981,0.044995,0.171296,0.033557,0.19213,0.03804,0.134259,0.035765,0.407407,0.050419,0.270833,0.040577,0.462963,0.047579,0.284722,0.045888,0.233796,0.036356,0.097222,0.027979,0.118056,0.026982,0.0,0.0,0.475775,0.043763,72
0.08,generic_scaling_law_extrapolator,5,0.481481,0.046842,0.314815,0.046394,0.280093,0.046065,0.113426,0.032194,0.166667,0.034796,0.328704,0.054049,0.134259,0.032073,0.194444,0.037676,0.12963,0.029766,0.381944,0.044031,0.324074,0.044714,0.449074,0.049055,0.287037,0.041985,0.229167,0.040059,0.078704,0.026619,0.118056,0.031941,0.0,0.0,0.465475,0.050285,72
0.08,generic_scaling_law_extrapolator,6,0.488426,0.045838,0.275463,0.04484,0.277778,0.039303,0.099537,0.030071,0.173611,0.034456,0.30787,0.043661,0.168981,0.040088,0.180556,0.037537,0.106481,0.027645,0.393519,0.048052,0.319444,0.046928,0.44213,0.038854,0.280093,0.038675,0.252315,0.048779,0.078704,0.025002,0.106481,0.029824,0.0,0.0,0.466551,0.047098,72
0.08,generic_scaling_law_extrapolator,7,0.513889,0.051184,0.291667,0.040222,0.298611,0.050851,0.101852,0.024651,0.162037,0.040337,0.319444,0.045574,0.155093,0.037301,0.189815,0.032504,0.138889,0.032947,0.412037,0.051274,0.340278,0.042585,0.412037,0.046581,0.266204,0.040691,0.226852,0.036152,0.0625,0.022787,0.125,0.032788,0.0,0.0,0.495602,0.050666,72
0.08,generic_scaling_law_extrapolator,8,0.490741,0.042315,0.3125,0.038735,0.284722,0.039535,0.125,0.030819,0.171296,0.038753,0.277778,0.041373,0.150463,0.034288,0.18287,0.037207,0.111111,0.026641,0.435185,0.049019,0.333333,0.046594,0.453704,0.044401,0.296296,0.045332,0.240741,0.038165,0.106481,0.027645,0.148148,0.033297,0.0,0.0,0.468009,0.043401,72
0.08,generic_scaling_law_extrapolator,9,0.483796,0.04711,0.275463,0.042449,0.252315,0.047916,0.099537,0.027153,0.194444,0.039831,0.300926,0.04317,0.18287,0.034288,0.215278,0.040577,0.101852,0.029295,0.398148,0.04816,0.314815,0.04313,0.446759,0.049558,0.226852,0.037289,0.240741,0.040294,0.111111,0.028164,0.118056,0.02921,0.0,0.0,0.454248,0.048324,72
0.08,large_behavior_clone,0,0.467593,0.046432,0.215278,0.043072,0.31713,0.049276,0.127315,0.031978,0.196759,0.039476,0.25,0.043344,0.152778,0.030819,0.171296,0.036535,0.12037,0.031137,0.391204,0.04484,0.326389,0.049814,0.469907,0.048061,0.247685,0.040862,0.240741,0.042806,0.115741,0.031415,0.118056,0.033845,0.0,0.0,0.423657,0.048232,72
0.08,large_behavior_clone,1,0.412037,0.051274,0.243056,0.042829,0.303241,0.047184,0.115741,0.033969,0.19213,0.036926,0.266204,0.042694,0.173611,0.037363,0.226852,0.041527,0.145833,0.032907,0.388889,0.046594,0.293981,0.053083,0.37037,0.041485,0.236111,0.04175,0.236111,0.038633,0.074074,0.026554,0.122685,0.032302,0.0,0.0,0.384734,0.051804,72
0.08,large_behavior_clone,2,0.423611,0.038735,0.263889,0.036408,0.229167,0.036228,0.134259,0.041694,0.231481,0.039597,0.270833,0.038464,0.171296,0.038211,0.240741,0.039244,0.12037,0.0318,0.356481,0.044908,0.298611,0.045201,0.460648,0.043099,0.238426,0.036452,0.293981,0.044529,0.083333,0.025845,0.138889,0.030306,0.0,0.0,0.380185,0.041413,72
0.08,large_behavior_clone,3,0.453704,0.051376,0.233796,0.035189,0.314815,0.036867,0.111111,0.02961,0.210648,0.041871,0.247685,0.039827,0.162037,0.034173,0.215278,0.044031,0.127315,0.033879,0.395833,0.049814,0.349537,0.043899,0.446759,0.04326,0.25463,0.044753,0.229167,0.044031,0.069444,0.026444,0.118056,0.031281,0.0,0.0,0.418854,0.05202,72
0.08,large_behavior_clone,4,0.530093,0.043978,0.208333,0.042247,0.303241,0.039476,0.127315,0.031978,0.203704,0.041985,0.238426,0.035874,0.152778,0.029433,0.196759,0.033777,0.12037,0.031137,0.402778,0.042247,0.354167,0.054036,0.428241,0.048277,0.275463,0.045303,0.233796,0.040691,0.074074,0.02408,0.152778,0.033418,0.0,0.0,0.4889,0.045473,72
0.08,large_behavior_clone,5,0.474537,0.049064,0.222222,0.037676,0.335648,0.041621,0.122685,0.03165,0.185185,0.035127,0.256944,0.041843,0.1875,0.032907,0.171296,0.037661,0.141204,0.03273,0.398148,0.046394,0.321759,0.042531,0.407407,0.047432,0.243056,0.040833,0.217593,0.038573,0.090278,0.025795,0.143519,0.037289,0.0,0.0,0.434514,0.050708,72
0.08,large_behavior_clone,6,0.456019,0.043341,0.226852,0.03557,0.314815,0.045485,0.108796,0.030416,0.219907,0.039739,0.280093,0.046065,0.168981,0.037948,0.194444,0.033574,0.141204,0.030071,0.398148,0.045485,0.344907,0.041537,0.391204,0.048421,0.273148,0.041021,0.243056,0.045201,0.078704,0.025002,0.111111,0.028896,0.0,0.0,0.421887,0.043283,72
0.08,large_behavior_clone,7,0.435185,0.044558,0.212963,0.037242,0.30787,0.04318,0.099537,0.025569,0.178241,0.043019,0.243056,0.038735,0.159722,0.029917,0.238426,0.040261,0.131944,0.030263,0.375,0.049945,0.319444,0.046928,0.402778,0.045574,0.259259,0.042806,0.256944,0.041341,0.081019,0.025019,0.131944,0.030945,0.0,0.0,0.404329,0.04423,72
0.08,large_behavior_clone,8,0.400463,0.048636,0.233796,0.035777,0.303241,0.042531,0.104167,0.031941,0.217593,0.043651,0.261574,0.044685,0.175926,0.040294,0.199074,0.039641,0.155093,0.033153,0.324074,0.046544,0.342593,0.04699,0.469907,0.047624,0.243056,0.03927,0.212963,0.036678,0.092593,0.03023,0.12037,0.031137,0.0,0.0,0.358588,0.048649,72
0.08,large_behavior_clone,9,0.402778,0.044179,0.224537,0.036642,0.273148,0.03999,0.106481,0.027645,0.199074,0.039641,0.270833,0.041593,0.18287,0.040947,0.231481,0.038528,0.138889,0.032307,0.361111,0.047919,0.273148,0.038392,0.469907,0.053799,0.256944,0.042339,0.229167,0.047673,0.097222,0.027222,0.159722,0.036228,0.0,0.0,0.362986,0.045012,72
0.08,oracle_exception_selector,0,0.824074,0.035911,0.743056,0.037083,0.155093,0.031207,0.009259,0.00888,0.002315,0.004537,0.664352,0.046366,0.083333,0.025025,0.00463,0.006371,0.18287,0.031095,0.481481,0.045485,0.12963,0.03245,0.324074,0.04699,0.733796,0.050737,0.050926,0.022043,0.020833,0.012821,0.023148,0.013407,0.0,0.0,0.910833,0.026668,72
0.08,oracle_exception_selector,1,0.828704,0.035374,0.733796,0.045072,0.18287,0.034288,0.013889,0.010715,0.009259,0.00888,0.659722,0.037918,0.055556,0.020433,0.00463,0.006371,0.113426,0.026505,0.444444,0.050877,0.185185,0.037429,0.333333,0.039303,0.710648,0.04382,0.05787,0.021585,0.025463,0.015372,0.041667,0.023959,0.0,0.0,0.917708,0.027284,72
0.08,oracle_exception_selector,2,0.803241,0.038404,0.731481,0.039066,0.171296,0.033557,0.009259,0.00888,0.006944,0.010088,0.657407,0.044245,0.041667,0.016787,0.0,0.0,0.136574,0.03053,0.400463,0.051553,0.12963,0.035521,0.365741,0.044597,0.708333,0.043704,0.048611,0.017621,0.009259,0.00888,0.046296,0.019622,0.0,0.0,0.898981,0.030275,72
0.08,oracle_exception_selector,3,0.851852,0.032664,0.69213,0.040175,0.166667,0.035975,0.009259,0.00888,0.00463,0.006371,0.650463,0.043899,0.060185,0.020742,0.006944,0.007747,0.155093,0.037301,0.446759,0.047405,0.171296,0.034173,0.310185,0.043968,0.712963,0.039947,0.050926,0.02006,0.011574,0.009855,0.039352,0.02093,0.0,0.0,0.931898,0.023664,72
0.08,oracle_exception_selector,4,0.81713,0.036068,0.708333,0.04603,0.12963,0.03245,0.009259,0.00888,0.002315,0.004537,0.62037,0.043451,0.055556,0.02143,0.0,0.0,0.136574,0.034389,0.430556,0.044179,0.180556,0.033418,0.282407,0.038028,0.717593,0.04317,0.071759,0.02488,0.018519,0.012184,0.037037,0.017364,0.0,0.0,0.917546,0.028516,72
0.08,oracle_exception_selector,5,0.831019,0.036832,0.738426,0.042284,0.178241,0.037856,0.009259,0.00888,0.002315,0.004537,0.666667,0.046143,0.06713,0.027153,0.0,0.0,0.162037,0.037102,0.428241,0.049135,0.203704,0.038888,0.275463,0.037207,0.703704,0.042479,0.071759,0.02488,0.009259,0.00888,0.034722,0.019317,0.0,0.0,0.919155,0.026645,72
0.08,oracle_exception_selector,6,0.831019,0.03449,0.736111,0.048244,0.148148,0.032018,0.006944,0.007747,0.002315,0.004537,0.611111,0.048782,0.05787,0.023439,0.0,0.0,0.166667,0.034796,0.4375,0.051463,0.155093,0.033777,0.268519,0.040121,0.756944,0.041843,0.055556,0.02143,0.025463,0.013948,0.034722,0.015744,0.0,0.0,0.923958,0.026172,72
0.08,oracle_exception_selector,7,0.824074,0.035911,0.733796,0.04777,0.175926,0.033505,0.009259,0.010982,0.00463,0.006371,0.706019,0.043099,0.053241,0.023141,0.0,0.0,0.122685,0.028891,0.428241,0.042775,0.168981,0.041116,0.31713,0.042938,0.699074,0.044597,0.0625,0.023686,0.009259,0.00888,0.043981,0.019377,0.0,0.0,0.918148,0.027932,72
0.08,oracle_exception_selector,8,0.805556,0.038768,0.743056,0.037083,0.178241,0.042531,0.018519,0.012184,0.00463,0.006371,0.655093,0.051823,0.085648,0.02584,0.002315,0.004537,0.148148,0.033297,0.414352,0.041871,0.164352,0.03626,0.337963,0.043331,0.738426,0.047405,0.05787,0.021585,0.020833,0.012821,0.039352,0.017687,0.0,0.0,0.891042,0.029441,72
0.08,oracle_exception_selector,9,0.80787,0.040175,0.701389,0.042829,0.166667,0.031654,0.00463,0.006371,0.002315,0.004537,0.699074,0.047761,0.048611,0.020875,0.002315,0.004537,0.164352,0.030644,0.451389,0.047673,0.148148,0.028573,0.331019,0.040088,0.696759,0.044918,0.050926,0.017858,0.016204,0.011485,0.032407,0.015343,0.0,0.0,0.899444,0.032611,72
0.08,proposed_embodied_scale_exception_audit_v4,0,0.696759,0.04052,0.574074,0.045638,0.194444,0.041874,0.041667,0.016787,0.032407,0.016648,0.534722,0.04566,0.106481,0.030516,0.060185,0.021726,0.168981,0.030644,0.326389,0.043554,0.208333,0.031489,0.259259,0.04377,0.587963,0.042846,0.083333,0.023297,0.027778,0.017095,0.069444,0.021185,0.0,0.0,0.776285,0.03714,72
0.08,proposed_embodied_scale_exception_audit_v4,1,0.648148,0.043611,0.594907,0.041285,0.229167,0.042092,0.050926,0.02006,0.05787,0.020595,0.546296,0.047138,0.106481,0.030516,0.050926,0.022971,0.178241,0.037856,0.328704,0.04381,0.240741,0.044714,0.287037,0.040466,0.5625,0.044969,0.115741,0.030057,0.034722,0.018204,0.0625,0.024551,0.0,0.0,0.726111,0.042351,72
0.08,proposed_embodied_scale_exception_audit_v4,2,0.6875,0.044737,0.675926,0.04377,0.201389,0.039798,0.043981,0.018268,0.048611,0.01985,0.532407,0.047322,0.083333,0.022383,0.043981,0.017087,0.131944,0.032907,0.363426,0.043978,0.206019,0.044529,0.268519,0.04313,0.62963,0.046244,0.071759,0.028035,0.034722,0.015744,0.06713,0.021096,0.0,0.0,0.781123,0.039736,72
0.08,proposed_embodied_scale_exception_audit_v4,3,0.657407,0.050831,0.62963,0.044869,0.171296,0.034779,0.034722,0.019317,0.027778,0.014448,0.534722,0.050851,0.097222,0.026444,0.034722,0.018204,0.166667,0.03419,0.344907,0.046291,0.224537,0.040947,0.252315,0.040862,0.585648,0.042367,0.106481,0.030516,0.030093,0.016252,0.085648,0.028891,0.0,0.0,0.73934,0.047804,72
0.08,proposed_embodied_scale_exception_audit_v4,4,0.625,0.046928,0.613426,0.04374,0.199074,0.032717,0.032407,0.017858,0.037037,0.018528,0.601852,0.049019,0.108796,0.031759,0.039352,0.016465,0.199074,0.035765,0.363426,0.045838,0.210648,0.042856,0.282407,0.044126,0.608796,0.046216,0.122685,0.037672,0.032407,0.016648,0.090278,0.028118,0.0,0.0,0.717789,0.045351,72
0.08,proposed_embodied_scale_exception_audit_v4,5,0.636574,0.050185,0.590278,0.044267,0.236111,0.040737,0.055556,0.018276,0.034722,0.017019,0.537037,0.047579,0.122685,0.032942,0.043981,0.019377,0.143519,0.030516,0.381944,0.046341,0.215278,0.040059,0.261574,0.047843,0.583333,0.049208,0.113426,0.029487,0.030093,0.014912,0.05787,0.023439,0.0,0.0,0.718102,0.047693,72
0.08,proposed_embodied_scale_exception_audit_v4,6,0.696759,0.04674,0.618056,0.046341,0.19213,0.034591,0.037037,0.021645,0.037037,0.017364,0.532407,0.046432,0.081019,0.026635,0.046296,0.021645,0.157407,0.036487,0.335648,0.040088,0.226852,0.034978,0.212963,0.037799,0.543981,0.044762,0.115741,0.031415,0.043981,0.023291,0.092593,0.028082,0.0,0.0,0.778681,0.044239,72
0.08,proposed_embodied_scale_exception_audit_v4,7,0.701389,0.047012,0.634259,0.047761,0.18287,0.03241,0.041667,0.020176,0.050926,0.018991,0.546296,0.048015,0.101852,0.029999,0.037037,0.017364,0.185185,0.036296,0.314815,0.043611,0.19213,0.036926,0.314815,0.044558,0.516204,0.048851,0.108796,0.033048,0.034722,0.017019,0.074074,0.024932,0.0,0.0,0.772222,0.044275,72
0.08,proposed_embodied_scale_exception_audit_v4,8,0.655093,0.041537,0.622685,0.044294,0.210648,0.037672,0.034722,0.017019,0.020833,0.014357,0.543981,0.047036,0.087963,0.027392,0.046296,0.017364,0.162037,0.030969,0.328704,0.045676,0.224537,0.037764,0.287037,0.046693,0.585648,0.041871,0.081019,0.026635,0.025463,0.015372,0.074074,0.023197,0.0,0.0,0.745579,0.039285,72
0.08,proposed_embodied_scale_exception_audit_v4,9,0.678241,0.042037,0.611111,0.044766,0.199074,0.038028,0.041667,0.019113,0.043981,0.021423,0.585648,0.04659,0.101852,0.029999,0.06713,0.020082,0.143519,0.034376,0.31713,0.047551,0.19213,0.037487,0.280093,0.049977,0.62037,0.047579,0.115741,0.027137,0.027778,0.018276,0.060185,0.020742,0.0,0.0,0.767813,0.039616,72
0.18,boundary_aware_scale_exception_audit_v5,0,0.706019,0.044057,0.664352,0.041621,0.168981,0.03509,0.032407,0.015343,0.023148,0.014883,0.608796,0.049276,0.053241,0.02126,0.016204,0.011485,0.157407,0.032235,0.342593,0.044245,0.203704,0.041485,0.215278,0.040059,0.615741,0.049479,0.118056,0.02921,0.034722,0.018204,0.05787,0.024314,0.0,0.0,0.812639,0.040617,72
0.18,boundary_aware_scale_exception_audit_v5,1,0.708333,0.036977,0.689815,0.04252,0.19213,0.040175,0.025463,0.013948,0.027778,0.015827,0.615741,0.044126,0.071759,0.025705,0.016204,0.011485,0.138889,0.032307,0.395833,0.051867,0.162037,0.035959,0.25,0.039831,0.636574,0.048493,0.101852,0.032018,0.023148,0.014883,0.081019,0.026635,0.0,0.0,0.819375,0.035869,72
0.18,boundary_aware_scale_exception_audit_v5,2,0.724537,0.041453,0.641204,0.047331,0.208333,0.034037,0.018519,0.013791,0.023148,0.014883,0.62963,0.047579,0.076389,0.025795,0.023148,0.014883,0.178241,0.034991,0.398148,0.045942,0.189815,0.037845,0.273148,0.044908,0.650463,0.049276,0.06713,0.024739,0.011574,0.009855,0.053241,0.020254,0.0,0.0,0.823021,0.039574,72
0.18,boundary_aware_scale_exception_audit_v5,3,0.724537,0.044372,0.666667,0.043344,0.173611,0.0368,0.016204,0.011485,0.023148,0.014883,0.631944,0.047454,0.078704,0.026619,0.011574,0.011784,0.159722,0.037363,0.361111,0.050465,0.152778,0.030134,0.282407,0.039111,0.675926,0.050003,0.074074,0.028082,0.016204,0.011485,0.069444,0.025643,0.0,0.0,0.821238,0.038224,72
0.18,boundary_aware_scale_exception_audit_v5,4,0.715278,0.046789,0.696759,0.04445,0.168981,0.03626,0.016204,0.011485,0.020833,0.012821,0.673611,0.046341,0.069444,0.021185,0.016204,0.011485,0.145833,0.032907,0.351852,0.039597,0.164352,0.038494,0.231481,0.040121,0.641204,0.04318,0.071759,0.023141,0.023148,0.016225,0.05787,0.024314,0.0,0.0,0.819954,0.040633,72
0.18,boundary_aware_scale_exception_audit_v5,5,0.701389,0.040319,0.703704,0.038888,0.180556,0.037537,0.030093,0.016252,0.016204,0.013178,0.627315,0.047258,0.076389,0.025795,0.025463,0.013948,0.134259,0.028634,0.3125,0.042339,0.247685,0.042367,0.24537,0.041359,0.678241,0.042037,0.06713,0.023881,0.032407,0.017858,0.064815,0.019973,0.0,0.0,0.813264,0.036932,72
0.18,boundary_aware_scale_exception_audit_v5,6,0.756944,0.038192,0.673611,0.039535,0.171296,0.031636,0.020833,0.014357,0.023148,0.014883,0.611111,0.041874,0.053241,0.02222,0.016204,0.011485,0.162037,0.034779,0.365741,0.046432,0.173611,0.038464,0.25463,0.040851,0.710648,0.039299,0.085648,0.026635,0.027778,0.018276,0.0625,0.020875,0.0,0.0,0.859248,0.032349,72
0.18,boundary_aware_scale_exception_audit_v5,7,0.710648,0.040348,0.673611,0.045431,0.164352,0.032624,0.018519,0.012184,0.020833,0.012821,0.645833,0.049604,0.06713,0.023881,0.030093,0.017489,0.1875,0.038735,0.351852,0.046842,0.178241,0.037856,0.222222,0.04286,0.671296,0.04381,0.076389,0.025795,0.027778,0.015827,0.06713,0.021096,0.0,0.0,0.819965,0.035765,72
0.18,boundary_aware_scale_exception_audit_v5,8,0.696759,0.046291,0.703704,0.043451,0.1875,0.035939,0.020833,0.012821,0.025463,0.015372,0.597222,0.043224,0.060185,0.022666,0.018519,0.013791,0.171296,0.034173,0.391204,0.050116,0.189815,0.036725,0.252315,0.042367,0.657407,0.042315,0.078704,0.022357,0.025463,0.013948,0.064815,0.022895,0.0,0.0,0.799549,0.041916,72
0.18,boundary_aware_scale_exception_audit_v5,9,0.729167,0.039535,0.638889,0.041874,0.166667,0.038226,0.032407,0.017858,0.023148,0.017464,0.645833,0.050439,0.069444,0.025643,0.013889,0.010715,0.125,0.033418,0.363426,0.049347,0.189815,0.03557,0.275463,0.047551,0.659722,0.046789,0.090278,0.026592,0.027778,0.014448,0.064815,0.023789,0.0,0.0,0.83338,0.03362,72
0.18,conformal_risk_filter,0,0.55787,0.046216,0.469907,0.051011,0.236111,0.036408,0.050926,0.021075,0.090278,0.024122,0.402778,0.045114,0.085648,0.026635,0.106481,0.02839,0.189815,0.03557,0.282407,0.046879,0.206019,0.042612,0.243056,0.042339,0.467593,0.044597,0.178241,0.034389,0.060185,0.021726,0.071759,0.026505,0.0,0.0,0.610185,0.045249,72
0.18,conformal_risk_filter,1,0.541667,0.048244,0.456019,0.049205,0.25463,0.040337,0.069444,0.026444,0.078704,0.025002,0.409722,0.047012,0.134259,0.032717,0.097222,0.027979,0.194444,0.032947,0.280093,0.04326,0.287037,0.042968,0.268519,0.044558,0.481481,0.04313,0.164352,0.041116,0.081019,0.02584,0.101852,0.028573,0.0,0.0,0.5875,0.048758,72
0.18,conformal_risk_filter,2,0.532407,0.047322,0.400463,0.047331,0.24537,0.044284,0.074074,0.025756,0.083333,0.024176,0.377315,0.041871,0.12037,0.027582,0.085648,0.028891,0.189815,0.037289,0.303241,0.041032,0.208333,0.040222,0.25463,0.039816,0.423611,0.046566,0.164352,0.03626,0.060185,0.01971,0.115741,0.027137,0.0,0.0,0.56662,0.04774,72
0.18,conformal_risk_filter,3,0.581019,0.042367,0.4375,0.048969,0.233796,0.041201,0.081019,0.026635,0.074074,0.025756,0.425926,0.044245,0.113426,0.03087,0.06713,0.020082,0.208333,0.034037,0.25463,0.038211,0.238426,0.039739,0.217593,0.038028,0.472222,0.050877,0.157407,0.033505,0.053241,0.024026,0.071759,0.025705,0.0,0.0,0.627002,0.042406,72
0.18,conformal_risk_filter,4,0.555556,0.043823,0.493056,0.056859,0.229167,0.035057,0.034722,0.017019,0.092593,0.028816,0.407407,0.050831,0.097222,0.027222,0.113426,0.030187,0.162037,0.039816,0.310185,0.044441,0.212963,0.041485,0.226852,0.041021,0.435185,0.046842,0.168981,0.036832,0.05787,0.021585,0.115741,0.030743,0.0,0.0,0.614549,0.046045,72
0.18,conformal_risk_filter,5,0.553241,0.050806,0.460648,0.045457,0.229167,0.040059,0.0625,0.022787,0.050926,0.021075,0.377315,0.040862,0.118056,0.033845,0.087963,0.028144,0.171296,0.032289,0.30787,0.047331,0.219907,0.041285,0.233796,0.039122,0.407407,0.049161,0.155093,0.034991,0.053241,0.020254,0.069444,0.023072,0.0,0.0,0.597697,0.050266,72
0.18,conformal_risk_filter,6,0.502315,0.043581,0.449074,0.045063,0.25463,0.039288,0.055556,0.022383,0.078704,0.026619,0.384259,0.04598,0.125,0.032788,0.083333,0.024176,0.178241,0.032517,0.261574,0.044685,0.215278,0.035057,0.263889,0.043224,0.481481,0.044558,0.159722,0.036228,0.06713,0.02299,0.101852,0.028573,0.0,0.0,0.550162,0.045676,72
0.18,conformal_risk_filter,7,0.553241,0.042284,0.483796,0.045303,0.25463,0.036535,0.064815,0.023789,0.076389,0.024122,0.405093,0.049977,0.136574,0.033777,0.076389,0.023241,0.203704,0.036678,0.310185,0.03557,0.201389,0.037641,0.222222,0.04286,0.439815,0.04673,0.18287,0.038854,0.048611,0.018769,0.090278,0.026592,0.0,0.0,0.601493,0.042912,72
0.18,conformal_risk_filter,8,0.490741,0.050003,0.460648,0.047258,0.256944,0.040833,0.071759,0.026505,0.083333,0.025845,0.416667,0.048352,0.111111,0.026641,0.092593,0.02408,0.185185,0.033918,0.305556,0.048782,0.252315,0.041369,0.236111,0.044179,0.444444,0.04237,0.125,0.029433,0.05787,0.021585,0.071759,0.02488,0.0,0.0,0.540046,0.050476,72
0.18,conformal_risk_filter,9,0.523148,0.048052,0.414352,0.044294,0.277778,0.040351,0.060185,0.021726,0.101852,0.025484,0.446759,0.044685,0.127315,0.02925,0.064815,0.023789,0.222222,0.037118,0.263889,0.043224,0.247685,0.038222,0.282407,0.04119,0.493056,0.048109,0.1875,0.032907,0.069444,0.021185,0.074074,0.024932,0.0,0.0,0.561042,0.047794,72
0.18,generic_scaling_law_extrapolator,0,0.472222,0.051286,0.284722,0.040059,0.289352,0.044294,0.118056,0.030606,0.173611,0.037363,0.303241,0.04674,0.219907,0.038131,0.157407,0.033505,0.150463,0.030416,0.418981,0.054057,0.319444,0.048244,0.43287,0.046441,0.293981,0.037948,0.229167,0.040059,0.074074,0.026554,0.134259,0.031415,0.0,0.0,0.440972,0.050907,72
0.18,generic_scaling_law_extrapolator,1,0.453704,0.048877,0.324074,0.044245,0.268519,0.040121,0.125,0.032145,0.196759,0.034991,0.291667,0.040222,0.175926,0.041317,0.19213,0.037487,0.148148,0.034528,0.425926,0.053238,0.347222,0.045114,0.409722,0.052864,0.268519,0.04215,0.226852,0.037845,0.069444,0.023072,0.118056,0.031281,0.0,0.0,0.428264,0.047793,72
0.18,generic_scaling_law_extrapolator,2,0.476852,0.044908,0.289352,0.041871,0.298611,0.047012,0.12037,0.030459,0.194444,0.037118,0.298611,0.045201,0.175926,0.029531,0.189815,0.029824,0.127315,0.03449,0.416667,0.045689,0.342593,0.041819,0.414352,0.041369,0.303241,0.042037,0.240741,0.038708,0.071759,0.023141,0.159722,0.036228,0.0,0.0,0.453056,0.045086,72
0.18,generic_scaling_law_extrapolator,3,0.458333,0.044649,0.31713,0.045303,0.3125,0.045201,0.134259,0.032073,0.217593,0.038573,0.256944,0.042829,0.180556,0.032788,0.1875,0.034152,0.097222,0.028715,0.391204,0.048421,0.328704,0.047027,0.428241,0.049977,0.270833,0.045431,0.25,0.041373,0.087963,0.025002,0.152778,0.036977,0.0,0.0,0.426562,0.043325,72
0.18,generic_scaling_law_extrapolator,4,0.5,0.054827,0.277778,0.044297,0.314815,0.039066,0.12963,0.031137,0.196759,0.035582,0.30787,0.043661,0.178241,0.034991,0.215278,0.038464,0.108796,0.028283,0.398148,0.040638,0.310185,0.04673,0.43287,0.043661,0.284722,0.041593,0.25463,0.040851,0.053241,0.02488,0.115741,0.032073,0.0,0.0,0.473067,0.055227,72
0.18,generic_scaling_law_extrapolator,5,0.456019,0.04614,0.293981,0.044529,0.275463,0.041954,0.090278,0.030945,0.231481,0.037982,0.30787,0.051147,0.159722,0.034456,0.203704,0.036678,0.108796,0.031759,0.435185,0.044558,0.333333,0.047481,0.458333,0.049102,0.291667,0.043704,0.243056,0.040319,0.092593,0.025756,0.099537,0.024739,0.0,0.0,0.430185,0.047247,72
0.18,generic_scaling_law_extrapolator,6,0.416667,0.055583,0.25,0.041874,0.3125,0.040833,0.136574,0.03053,0.150463,0.033673,0.280093,0.04374,0.168981,0.03626,0.1875,0.040319,0.141204,0.035777,0.456019,0.044762,0.363426,0.04538,0.414352,0.047916,0.287037,0.041985,0.238426,0.039739,0.076389,0.022324,0.122685,0.030983,0.0,0.0,0.388854,0.055388,72
0.18,generic_scaling_law_extrapolator,7,0.488426,0.049768,0.287037,0.042968,0.298611,0.037641,0.145833,0.037083,0.1875,0.038735,0.293981,0.047697,0.18287,0.036068,0.175926,0.034122,0.12963,0.031137,0.493056,0.037918,0.335648,0.041116,0.5,0.047919,0.282407,0.048196,0.252315,0.036547,0.076389,0.026592,0.141204,0.035189,0.0,0.0,0.45022,0.051531,72
0.18,generic_scaling_law_extrapolator,8,0.472222,0.048782,0.296296,0.049302,0.303241,0.043019,0.111111,0.027413,0.219907,0.03758,0.293981,0.043099,0.162037,0.034173,0.233796,0.036356,0.115741,0.025552,0.456019,0.047036,0.381944,0.044969,0.425926,0.044245,0.331019,0.046366,0.247685,0.039299,0.071759,0.02222,0.141204,0.031429,0.0,0.0,0.449109,0.047065,72
0.18,generic_scaling_law_extrapolator,9,0.435185,0.046394,0.266204,0.039652,0.275463,0.039914,0.087963,0.025002,0.159722,0.0368,0.275463,0.037207,0.152778,0.034645,0.217593,0.036914,0.148148,0.032018,0.409722,0.046566,0.347222,0.038633,0.435185,0.045485,0.270833,0.041593,0.238426,0.039211,0.078704,0.025002,0.134259,0.033349,0.0,0.0,0.411562,0.046228,72
0.18,large_behavior_clone,0,0.416667,0.050877,0.24537,0.047907,0.310185,0.04673,0.127315,0.03449,0.18287,0.034288,0.247685,0.037114,0.217593,0.035177,0.236111,0.039699,0.118056,0.031941,0.402778,0.044649,0.344907,0.04445,0.409722,0.052864,0.25463,0.040337,0.275463,0.037764,0.083333,0.022383,0.150463,0.031759,0.0,0.0,0.378241,0.050892,72
0.18,large_behavior_clone,1,0.456019,0.049628,0.219907,0.039739,0.305556,0.043344,0.106481,0.027645,0.178241,0.035582,0.231481,0.040121,0.208333,0.038089,0.194444,0.036551,0.148148,0.036867,0.423611,0.043793,0.335648,0.046814,0.428241,0.044685,0.240741,0.048304,0.275463,0.045303,0.069444,0.023959,0.136574,0.032517,0.0,0.0,0.412234,0.051083,72
0.18,large_behavior_clone,2,0.44213,0.049276,0.201389,0.034758,0.328704,0.040337,0.115741,0.031415,0.189815,0.037289,0.243056,0.041341,0.196759,0.038404,0.208333,0.042247,0.118056,0.033223,0.388889,0.047919,0.347222,0.041247,0.460648,0.046366,0.243056,0.041843,0.252315,0.040862,0.06713,0.025569,0.150463,0.034288,0.0,0.0,0.397975,0.049072,72
0.18,large_behavior_clone,3,0.402778,0.050361,0.233796,0.042694,0.289352,0.042856,0.122685,0.036547,0.231481,0.040638,0.280093,0.042775,0.185185,0.043611,0.215278,0.036228,0.111111,0.02961,0.388889,0.052889,0.305556,0.039303,0.377315,0.043341,0.263889,0.042247,0.240741,0.039244,0.081019,0.026635,0.125,0.030819,0.0,0.0,0.368808,0.049851,72
0.18,large_behavior_clone,4,0.393519,0.049338,0.238426,0.041285,0.30787,0.04777,0.113426,0.033466,0.175926,0.034729,0.247685,0.047036,0.18287,0.033673,0.236111,0.035243,0.145833,0.033535,0.400463,0.051957,0.381944,0.052268,0.460648,0.049417,0.261574,0.040261,0.268519,0.042643,0.085648,0.025019,0.12963,0.036104,0.0,0.0,0.357523,0.049253,72
0.18,large_behavior_clone,5,0.391204,0.050531,0.206019,0.039033,0.305556,0.043344,0.111111,0.02961,0.206019,0.046814,0.261574,0.045609,0.171296,0.032929,0.208333,0.041247,0.157407,0.031581,0.347222,0.041247,0.331019,0.043581,0.407407,0.042315,0.261574,0.042284,0.252315,0.041871,0.099537,0.030758,0.122685,0.034791,0.0,0.0,0.354109,0.052789,72
0.18,large_behavior_clone,6,0.458333,0.045574,0.222222,0.039831,0.293981,0.040088,0.099537,0.025569,0.238426,0.040776,0.240741,0.037614,0.157407,0.035325,0.226852,0.037289,0.122685,0.030983,0.368056,0.050851,0.331019,0.043099,0.4375,0.045431,0.252315,0.03165,0.263889,0.045114,0.118056,0.02921,0.131944,0.033535,0.0,0.0,0.416204,0.046059,72
0.18,large_behavior_clone,7,0.425926,0.04787,0.229167,0.044969,0.289352,0.047036,0.127315,0.028528,0.185185,0.040638,0.238426,0.036452,0.136574,0.033153,0.199074,0.036344,0.127315,0.029955,0.388889,0.048352,0.324074,0.040808,0.409722,0.040833,0.252315,0.039827,0.261574,0.041788,0.074074,0.026554,0.12963,0.030459,0.0,0.0,0.392581,0.04836,72
0.18,large_behavior_clone,8,0.418981,0.047478,0.233796,0.036926,0.273148,0.04252,0.131944,0.031613,0.189815,0.031855,0.229167,0.044503,0.189815,0.038392,0.210648,0.034791,0.136574,0.03053,0.368056,0.043793,0.273148,0.046281,0.451389,0.048541,0.240741,0.037055,0.243056,0.041341,0.111111,0.031654,0.145833,0.033535,0.0,0.0,0.372465,0.047722,72
0.18,large_behavior_clone,9,0.402778,0.049102,0.240741,0.039244,0.31713,0.038854,0.115741,0.029354,0.208333,0.036408,0.270833,0.042585,0.1875,0.042829,0.229167,0.037918,0.113426,0.029487,0.423611,0.052068,0.354167,0.049182,0.4375,0.048969,0.287037,0.043451,0.243056,0.038192,0.081019,0.026635,0.138889,0.031654,0.0,0.0,0.36838,0.051372,72
0.18,oracle_exception_selector,0,0.828704,0.028876,0.696759,0.042531,0.168981,0.041116,0.013889,0.010715,0.002315,0.004537,0.699074,0.039641,0.034722,0.018204,0.0,0.0,0.143519,0.031193,0.453704,0.047138,0.175926,0.034122,0.296296,0.040979,0.712963,0.043929,0.074074,0.021321,0.011574,0.009855,0.046296,0.020658,0.0,0.0,0.929144,0.019394,72
0.18,oracle_exception_selector,1,0.826389,0.035647,0.675926,0.046544,0.155093,0.033153,0.00463,0.006371,0.002315,0.004537,0.680556,0.041247,0.037037,0.017364,0.006944,0.007747,0.12963,0.033087,0.421296,0.047907,0.173611,0.035057,0.319444,0.041247,0.706019,0.044995,0.043981,0.020426,0.009259,0.00888,0.048611,0.01985,0.0,0.0,0.914525,0.02861,72
0.18,oracle_exception_selector,2,0.821759,0.036737,0.69213,0.041704,0.143519,0.034376,0.016204,0.011485,0.0,0.0,0.710648,0.040348,0.043981,0.018268,0.0,0.0,0.168981,0.037948,0.398148,0.051104,0.175926,0.034122,0.319444,0.044179,0.738426,0.040261,0.074074,0.024932,0.009259,0.00888,0.032407,0.017858,0.0,0.0,0.912546,0.027556,72
0.18,oracle_exception_selector,3,0.784722,0.035647,0.740741,0.039772,0.138889,0.035975,0.00463,0.006371,0.0,0.0,0.701389,0.047012,0.055556,0.022383,0.002315,0.004537,0.168981,0.033879,0.467593,0.048627,0.141204,0.034591,0.296296,0.047138,0.724537,0.033048,0.046296,0.018528,0.011574,0.009855,0.039352,0.017687,0.0,0.0,0.895104,0.027382,72
0.18,oracle_exception_selector,4,0.798611,0.039798,0.710648,0.041369,0.150463,0.036642,0.011574,0.009855,0.0,0.0,0.699074,0.038573,0.053241,0.02126,0.006944,0.007747,0.180556,0.032145,0.398148,0.041148,0.166667,0.037118,0.296296,0.042968,0.719907,0.04374,0.05787,0.023439,0.009259,0.00888,0.043981,0.019377,0.0,0.0,0.893785,0.031347,72
0.18,oracle_exception_selector,5,0.800926,0.035177,0.724537,0.040947,0.171296,0.030287,0.009259,0.010982,0.002315,0.004537,0.652778,0.045574,0.060185,0.021726,0.009259,0.00888,0.168981,0.03626,0.460648,0.05229,0.157407,0.035325,0.31713,0.038854,0.680556,0.04603,0.074074,0.02408,0.020833,0.014357,0.048611,0.01985,0.0,0.0,0.897627,0.026784,72
0.18,oracle_exception_selector,6,0.847222,0.035243,0.706019,0.045457,0.159722,0.031281,0.002315,0.004537,0.00463,0.006371,0.636574,0.043501,0.046296,0.018528,0.002315,0.004537,0.143519,0.032504,0.416667,0.046143,0.162037,0.031636,0.30787,0.038585,0.701389,0.041843,0.069444,0.023072,0.002315,0.004537,0.025463,0.015372,0.0,0.0,0.930185,0.024537,72
0.18,oracle_exception_selector,7,0.824074,0.035911,0.75,0.047481,0.173611,0.033845,0.006944,0.007747,0.002315,0.004537,0.655093,0.047184,0.087963,0.028876,0.002315,0.004537,0.159722,0.030606,0.416667,0.055583,0.185185,0.035127,0.296296,0.045332,0.680556,0.043704,0.048611,0.01985,0.013889,0.010715,0.046296,0.023495,0.0,0.0,0.913681,0.028051,72
0.18,oracle_exception_selector,8,0.821759,0.033777,0.710648,0.051688,0.159722,0.036228,0.009259,0.00888,0.002315,0.004537,0.68287,0.047988,0.046296,0.019622,0.00463,0.006371,0.155093,0.032517,0.451389,0.042585,0.166667,0.033574,0.303241,0.042037,0.733796,0.045533,0.060185,0.022666,0.013889,0.010715,0.027778,0.015827,0.0,0.0,0.917604,0.025221,72
0.18,oracle_exception_selector,9,0.828704,0.040337,0.722222,0.043344,0.131944,0.030945,0.00463,0.006371,0.002315,0.004537,0.675926,0.045178,0.069444,0.025643,0.00463,0.006371,0.185185,0.034528,0.435185,0.051511,0.152778,0.032788,0.314815,0.04215,0.747685,0.044294,0.064815,0.02629,0.011574,0.011784,0.043981,0.019377,0.0,0.0,0.911377,0.030191,72
0.18,proposed_embodied_scale_exception_audit_v4,0,0.652778,0.044179,0.601852,0.050281,0.222222,0.038768,0.041667,0.020176,0.055556,0.023297,0.548611,0.044969,0.081019,0.02417,0.046296,0.018528,0.19213,0.033982,0.337963,0.047027,0.215278,0.039003,0.259259,0.041819,0.599537,0.04777,0.115741,0.032717,0.037037,0.017364,0.081019,0.027408,0.0,0.0,0.740856,0.04342,72
0.18,proposed_embodied_scale_exception_audit_v4,1,0.636574,0.046291,0.606481,0.048052,0.247685,0.039827,0.041667,0.020176,0.048611,0.01985,0.581019,0.045686,0.104167,0.031941,0.046296,0.019622,0.18287,0.041954,0.340278,0.047233,0.217593,0.035177,0.266204,0.04777,0.537037,0.049302,0.125,0.027222,0.046296,0.020658,0.0625,0.024551,0.0,0.0,0.72103,0.047165,72
0.18,proposed_embodied_scale_exception_audit_v4,2,0.664352,0.043581,0.615741,0.045063,0.175926,0.037055,0.055556,0.020433,0.053241,0.023141,0.548611,0.055747,0.104167,0.030606,0.046296,0.021645,0.157407,0.036487,0.381944,0.049814,0.231481,0.048592,0.266204,0.041704,0.550926,0.04317,0.106481,0.027645,0.037037,0.020658,0.069444,0.022148,0.0,0.0,0.742859,0.041408,72
0.18,proposed_embodied_scale_exception_audit_v4,3,0.689815,0.04537,0.618056,0.051867,0.215278,0.039535,0.046296,0.019622,0.053241,0.019196,0.539352,0.048993,0.074074,0.02408,0.043981,0.018268,0.138889,0.035975,0.363426,0.045838,0.196759,0.034389,0.263889,0.036408,0.574074,0.04377,0.122685,0.029605,0.039352,0.01883,0.071759,0.025705,0.0,0.0,0.778148,0.040865,72
0.18,proposed_embodied_scale_exception_audit_v4,4,0.652778,0.038089,0.606481,0.046281,0.19213,0.034591,0.05787,0.022531,0.053241,0.019196,0.539352,0.047697,0.099537,0.027153,0.05787,0.019555,0.157407,0.037055,0.296296,0.040466,0.212963,0.038888,0.24537,0.044753,0.583333,0.045689,0.083333,0.027413,0.030093,0.014912,0.048611,0.01985,0.0,0.0,0.741782,0.037158,72
0.18,proposed_embodied_scale_exception_audit_v4,5,0.594907,0.049977,0.650463,0.037764,0.199074,0.037475,0.041667,0.019113,0.053241,0.019196,0.597222,0.049525,0.115741,0.031415,0.043981,0.018268,0.164352,0.031978,0.344907,0.042037,0.173611,0.035057,0.266204,0.041201,0.555556,0.04286,0.090278,0.026592,0.050926,0.021075,0.071759,0.023141,0.0,0.0,0.686736,0.049953,72
0.18,proposed_embodied_scale_exception_audit_v4,6,0.604167,0.049394,0.611111,0.046143,0.236111,0.042247,0.064815,0.022895,0.043981,0.020426,0.560185,0.047615,0.090278,0.027366,0.064815,0.020993,0.162037,0.037661,0.303241,0.038404,0.217593,0.047322,0.293981,0.040088,0.597222,0.045114,0.104167,0.029917,0.041667,0.019113,0.064815,0.022895,0.0,0.0,0.690081,0.044933,72
0.18,proposed_embodied_scale_exception_audit_v4,7,0.659722,0.041593,0.581019,0.04382,0.208333,0.036977,0.034722,0.017019,0.069444,0.024815,0.564815,0.053499,0.078704,0.025002,0.060185,0.021726,0.162037,0.037102,0.337963,0.043331,0.203704,0.039421,0.259259,0.040294,0.597222,0.044649,0.113426,0.02877,0.023148,0.013407,0.060185,0.022666,0.0,0.0,0.746435,0.038096,72
0.18,proposed_embodied_scale_exception_audit_v4,8,0.662037,0.044753,0.585648,0.047478,0.219907,0.042775,0.039352,0.01883,0.053241,0.019196,0.55787,0.04711,0.092593,0.02408,0.050926,0.02006,0.155093,0.034389,0.326389,0.041593,0.231481,0.036867,0.212963,0.037242,0.599537,0.047331,0.122685,0.029605,0.037037,0.017364,0.083333,0.030306,0.0,0.0,0.751366,0.041841,72
0.18,proposed_embodied_scale_exception_audit_v4,9,0.622685,0.049628,0.622685,0.042856,0.261574,0.046065,0.034722,0.017019,0.027778,0.015827,0.574074,0.052049,0.094907,0.029487,0.053241,0.023141,0.171296,0.040337,0.337963,0.044284,0.222222,0.039303,0.259259,0.042806,0.581019,0.049205,0.092593,0.024932,0.043981,0.019377,0.060185,0.023569,0.0,0.0,0.712731,0.047062,72
0.28,boundary_aware_scale_exception_audit_v5,0,0.708333,0.03917,0.645833,0.042829,0.164352,0.032624,0.030093,0.014912,0.023148,0.013407,0.611111,0.041373,0.076389,0.023241,0.034722,0.019317,0.162037,0.030287,0.358796,0.039652,0.185185,0.033918,0.280093,0.045149,0.650463,0.043899,0.085648,0.027408,0.013889,0.010715,0.060185,0.024439,0.0,0.0,0.811632,0.036533,72
0.28,boundary_aware_scale_exception_audit_v5,1,0.69213,0.041201,0.689815,0.038392,0.171296,0.032929,0.023148,0.013407,0.027778,0.014448,0.604167,0.044503,0.076389,0.024122,0.018519,0.01523,0.18287,0.033673,0.354167,0.050851,0.173611,0.039535,0.226852,0.034978,0.657407,0.04377,0.090278,0.028851,0.039352,0.01883,0.048611,0.017621,0.0,0.0,0.800428,0.039299,72
0.28,boundary_aware_scale_exception_audit_v5,2,0.6875,0.041843,0.678241,0.036737,0.145833,0.034758,0.027778,0.014448,0.018519,0.012184,0.615741,0.044126,0.074074,0.023197,0.016204,0.013178,0.175926,0.034729,0.328704,0.041359,0.175926,0.029531,0.226852,0.036152,0.6875,0.041843,0.092593,0.027329,0.025463,0.013948,0.06713,0.026373,0.0,0.0,0.799606,0.040545,72
0.28,boundary_aware_scale_exception_audit_v5,3,0.699074,0.04317,0.68287,0.049276,0.185185,0.039066,0.030093,0.014912,0.025463,0.013948,0.668981,0.046366,0.05787,0.019555,0.023148,0.016225,0.159722,0.031941,0.319444,0.044649,0.194444,0.038768,0.273148,0.043491,0.608796,0.043899,0.05787,0.024314,0.023148,0.013407,0.046296,0.019622,0.0,0.0,0.801319,0.038058,72
0.28,boundary_aware_scale_exception_audit_v5,4,0.668981,0.048993,0.68287,0.041453,0.18287,0.037207,0.039352,0.017687,0.027778,0.015827,0.625,0.046928,0.055556,0.020433,0.030093,0.014912,0.1875,0.038192,0.289352,0.042856,0.138889,0.032307,0.226852,0.043008,0.675926,0.041819,0.071759,0.023141,0.023148,0.013407,0.039352,0.01883,0.0,0.0,0.780972,0.047699,72
0.28,boundary_aware_scale_exception_audit_v5,5,0.678241,0.042037,0.673611,0.050646,0.152778,0.033418,0.034722,0.017019,0.027778,0.014448,0.645833,0.050023,0.074074,0.026554,0.009259,0.010982,0.152778,0.032145,0.342593,0.046093,0.203704,0.040466,0.256944,0.044737,0.641204,0.047331,0.055556,0.020433,0.023148,0.013407,0.060185,0.020742,0.0,0.0,0.785949,0.042262,72
0.28,boundary_aware_scale_exception_audit_v5,6,0.689815,0.043491,0.696759,0.04052,0.199074,0.036344,0.032407,0.015343,0.011574,0.009855,0.599537,0.051147,0.06713,0.029369,0.032407,0.016648,0.175926,0.034122,0.324074,0.045178,0.1875,0.038192,0.296296,0.041485,0.650463,0.049698,0.083333,0.022383,0.037037,0.017364,0.048611,0.018769,0.0,0.0,0.792222,0.041105,72
0.28,boundary_aware_scale_exception_audit_v5,7,0.726852,0.046281,0.636574,0.046291,0.168981,0.03449,0.030093,0.016252,0.020833,0.012821,0.574074,0.044714,0.106481,0.031193,0.018519,0.013791,0.180556,0.037537,0.321759,0.043501,0.196759,0.036737,0.236111,0.037537,0.618056,0.047673,0.092593,0.027329,0.020833,0.014357,0.074074,0.024932,0.0,0.0,0.81463,0.042165,72
0.28,boundary_aware_scale_exception_audit_v5,8,0.694444,0.040351,0.668981,0.041621,0.12963,0.029766,0.050926,0.018991,0.032407,0.017858,0.608796,0.047988,0.060185,0.021726,0.020833,0.012821,0.19213,0.036356,0.37963,0.047138,0.217593,0.039111,0.222222,0.039831,0.69213,0.050324,0.074074,0.023197,0.020833,0.014357,0.053241,0.02222,0.0,0.0,0.803218,0.037883,72
0.28,boundary_aware_scale_exception_audit_v5,9,0.699074,0.04598,0.685185,0.044558,0.162037,0.034173,0.039352,0.01883,0.030093,0.014912,0.601852,0.049019,0.060185,0.020742,0.020833,0.014357,0.208333,0.040222,0.326389,0.041593,0.173611,0.036228,0.238426,0.038675,0.613426,0.048277,0.076389,0.026592,0.025463,0.013948,0.081019,0.027408,0.0,0.0,0.79522,0.042071,72
0.28,conformal_risk_filter,0,0.506944,0.053453,0.453704,0.051781,0.236111,0.042738,0.069444,0.030134,0.085648,0.026635,0.465278,0.049604,0.106481,0.029116,0.090278,0.027366,0.199074,0.035177,0.222222,0.040351,0.240741,0.041819,0.277778,0.041874,0.44213,0.049698,0.168981,0.03509,0.0625,0.020875,0.092593,0.026554,0.0,0.0,0.553611,0.053692,72
0.28,conformal_risk_filter,1,0.513889,0.054349,0.425926,0.053238,0.263889,0.042247,0.05787,0.021585,0.076389,0.025795,0.356481,0.044908,0.094907,0.030187,0.115741,0.036344,0.164352,0.030644,0.287037,0.04579,0.199074,0.040164,0.236111,0.040222,0.395833,0.047233,0.134259,0.035765,0.046296,0.019622,0.106481,0.029116,0.0,0.0,0.556111,0.05487,72
0.28,conformal_risk_filter,2,0.530093,0.046291,0.444444,0.043344,0.277778,0.038768,0.087963,0.028144,0.087963,0.026619,0.4375,0.049814,0.090278,0.028851,0.125,0.031489,0.210648,0.038222,0.243056,0.037083,0.243056,0.03927,0.287037,0.042479,0.412037,0.046131,0.159722,0.039003,0.064815,0.025484,0.113426,0.030187,0.0,0.0,0.56875,0.045282,72
0.28,conformal_risk_filter,3,0.50463,0.045676,0.472222,0.047481,0.243056,0.035939,0.055556,0.022383,0.085648,0.03165,0.43287,0.04318,0.111111,0.027413,0.090278,0.026592,0.203704,0.039947,0.3125,0.047012,0.25463,0.038211,0.217593,0.035765,0.465278,0.046115,0.18287,0.039914,0.046296,0.019622,0.101852,0.032018,0.0,0.0,0.558808,0.045151,72
0.28,conformal_risk_filter,4,0.5,0.047039,0.435185,0.048592,0.3125,0.044737,0.064815,0.021964,0.090278,0.028851,0.44213,0.047988,0.138889,0.034796,0.108796,0.03241,0.155093,0.034389,0.31713,0.042449,0.25,0.044297,0.231481,0.040638,0.50463,0.049197,0.164352,0.03449,0.069444,0.024815,0.101852,0.032018,0.0,0.0,0.551644,0.048139,72
0.28,conformal_risk_filter,5,0.532407,0.045063,0.451389,0.050232,0.263889,0.046928,0.048611,0.020875,0.090278,0.025795,0.391204,0.049276,0.097222,0.029433,0.099537,0.031429,0.18287,0.036068,0.300926,0.045523,0.215278,0.040577,0.229167,0.033845,0.435185,0.046394,0.134259,0.030057,0.0625,0.024551,0.12963,0.0318,0.0,0.0,0.58206,0.044309,72
0.28,conformal_risk_filter,6,0.509259,0.042315,0.405093,0.04374,0.270833,0.045431,0.083333,0.025025,0.083333,0.024176,0.44213,0.047988,0.145833,0.033535,0.081019,0.030983,0.196759,0.034991,0.273148,0.038392,0.259259,0.040294,0.256944,0.041341,0.462963,0.046244,0.143519,0.037289,0.046296,0.018528,0.106481,0.029116,0.0,0.0,0.547708,0.042279,72
0.28,conformal_risk_filter,7,0.539352,0.047697,0.4375,0.044503,0.280093,0.03758,0.071759,0.026505,0.069444,0.023072,0.372685,0.042612,0.118056,0.031941,0.087963,0.028144,0.229167,0.035647,0.270833,0.046789,0.240741,0.04377,0.240741,0.040294,0.486111,0.043704,0.157407,0.032235,0.076389,0.029566,0.113426,0.02877,0.0,0.0,0.583681,0.049811,72
0.28,conformal_risk_filter,8,0.537037,0.047138,0.467593,0.049899,0.266204,0.04777,0.085648,0.02584,0.087963,0.027392,0.439815,0.049759,0.125,0.030819,0.094907,0.027281,0.212963,0.037242,0.3125,0.047012,0.243056,0.036515,0.240741,0.037055,0.402778,0.04603,0.155093,0.038404,0.034722,0.017019,0.113426,0.03087,0.0,0.0,0.576771,0.047438,72
0.28,conformal_risk_filter,9,0.486111,0.051184,0.472222,0.047481,0.256944,0.036515,0.083333,0.024176,0.081019,0.025019,0.425926,0.050831,0.113426,0.031539,0.104167,0.028487,0.173611,0.037363,0.282407,0.044126,0.231481,0.04313,0.201389,0.038192,0.465278,0.051666,0.162037,0.038211,0.076389,0.024122,0.083333,0.026641,0.0,0.0,0.537963,0.051427,72
0.28,generic_scaling_law_extrapolator,0,0.416667,0.046143,0.287037,0.041985,0.300926,0.042684,0.118056,0.029917,0.18287,0.039914,0.280093,0.042775,0.168981,0.03568,0.203704,0.036104,0.12037,0.029766,0.407407,0.044714,0.340278,0.043072,0.469907,0.048922,0.277778,0.043344,0.25,0.04523,0.05787,0.023439,0.157407,0.030913,0.0,0.0,0.386597,0.046949,72
0.28,generic_scaling_law_extrapolator,1,0.456019,0.044762,0.293981,0.044529,0.333333,0.04286,0.125,0.029433,0.199074,0.033969,0.289352,0.038222,0.162037,0.034779,0.25,0.04286,0.157407,0.036487,0.391204,0.041453,0.319444,0.04781,0.451389,0.050646,0.275463,0.039914,0.252315,0.040862,0.060185,0.020742,0.125,0.028715,0.0,0.0,0.423912,0.045421,72
0.28,generic_scaling_law_extrapolator,2,0.44213,0.050116,0.268519,0.045942,0.300926,0.04598,0.099537,0.029369,0.171296,0.035959,0.280093,0.040776,0.194444,0.038226,0.206019,0.037948,0.134259,0.036914,0.428241,0.039211,0.349537,0.040434,0.467593,0.042192,0.293981,0.044995,0.24537,0.036535,0.071759,0.025705,0.159722,0.035647,0.0,0.0,0.41375,0.049194,72
0.28,generic_scaling_law_extrapolator,3,0.453704,0.050557,0.270833,0.044503,0.284722,0.040059,0.138889,0.03419,0.173611,0.034456,0.275463,0.041954,0.212963,0.036104,0.185185,0.037429,0.171296,0.032929,0.372685,0.041621,0.361111,0.040351,0.456019,0.049628,0.273148,0.03557,0.259259,0.041819,0.071759,0.02488,0.145833,0.031613,0.0,0.0,0.413461,0.053607,72
0.28,generic_scaling_law_extrapolator,4,0.423611,0.05126,0.24537,0.041359,0.263889,0.03917,0.150463,0.035484,0.224537,0.036068,0.293981,0.037394,0.162037,0.034779,0.233796,0.036356,0.148148,0.033918,0.439815,0.049338,0.351852,0.046842,0.449074,0.045063,0.25463,0.044284,0.247685,0.039827,0.087963,0.027392,0.125,0.031489,0.0,0.0,0.382014,0.051267,72
0.28,generic_scaling_law_extrapolator,5,0.453704,0.052581,0.256944,0.042339,0.324074,0.046093,0.134259,0.032717,0.203704,0.037799,0.25,0.044766,0.166667,0.033574,0.217593,0.033349,0.143519,0.03314,0.416667,0.05005,0.321759,0.048061,0.444444,0.050465,0.217593,0.035177,0.224537,0.037764,0.078704,0.025823,0.12963,0.026024,0.0,0.0,0.411204,0.05257,72
0.28,generic_scaling_law_extrapolator,6,0.456019,0.047036,0.296296,0.042479,0.319444,0.046928,0.12963,0.029766,0.208333,0.03583,0.25,0.041874,0.1875,0.035939,0.180556,0.033418,0.162037,0.034173,0.377315,0.040348,0.372685,0.047258,0.43287,0.040691,0.256944,0.042339,0.256944,0.04566,0.076389,0.024122,0.134259,0.032073,0.0,0.0,0.416458,0.047214,72
0.28,generic_scaling_law_extrapolator,7,0.453704,0.048877,0.291667,0.044649,0.263889,0.039699,0.131944,0.028851,0.212963,0.038347,0.268519,0.044087,0.1875,0.035353,0.185185,0.039066,0.155093,0.031207,0.377315,0.048779,0.354167,0.044737,0.412037,0.047469,0.284722,0.044503,0.259259,0.041317,0.064815,0.022895,0.127315,0.032624,0.0,0.0,0.419572,0.048278,72
0.28,generic_scaling_law_extrapolator,8,0.474537,0.046888,0.293981,0.045913,0.270833,0.040577,0.115741,0.027137,0.208333,0.041247,0.273148,0.046281,0.162037,0.030969,0.224537,0.034891,0.155093,0.034389,0.395833,0.044503,0.372685,0.041116,0.418981,0.043341,0.287037,0.048015,0.259259,0.040808,0.090278,0.025795,0.157407,0.034729,0.0,0.0,0.445405,0.048327,72
0.28,generic_scaling_law_extrapolator,9,0.469907,0.042531,0.284722,0.039535,0.305556,0.044297,0.118056,0.031281,0.206019,0.037394,0.282407,0.039111,0.19213,0.040175,0.203704,0.040466,0.143519,0.036725,0.391204,0.046665,0.365741,0.050728,0.44213,0.04484,0.282407,0.042192,0.256944,0.037641,0.085648,0.026635,0.118056,0.031281,0.0,0.0,0.435579,0.044643,72
0.28,large_behavior_clone,0,0.430556,0.056974,0.178241,0.031869,0.328704,0.039816,0.115741,0.031415,0.217593,0.038573,0.203704,0.037242,0.222222,0.035975,0.243056,0.043793,0.138889,0.030306,0.381944,0.048969,0.349537,0.048421,0.414352,0.041369,0.217593,0.039641,0.275463,0.043421,0.101852,0.028573,0.155093,0.036164,0.0,0.0,0.376632,0.055711,72
0.28,large_behavior_clone,1,0.405093,0.046516,0.217593,0.044126,0.289352,0.040348,0.131944,0.031613,0.215278,0.043072,0.233796,0.041704,0.18287,0.041453,0.210648,0.035971,0.122685,0.029605,0.377315,0.041871,0.395833,0.044031,0.407407,0.042315,0.25,0.040351,0.24537,0.045217,0.111111,0.030306,0.148148,0.029295,0.0,0.0,0.361782,0.047234,72
0.28,large_behavior_clone,2,0.416667,0.043823,0.210648,0.035386,0.300926,0.044126,0.148148,0.036867,0.217593,0.036344,0.236111,0.041247,0.189815,0.041527,0.226852,0.040509,0.122685,0.032942,0.372685,0.047258,0.425926,0.051646,0.414352,0.050047,0.259259,0.043291,0.256944,0.043793,0.104167,0.027744,0.125,0.028715,0.0,0.0,0.367616,0.045253,72
0.28,large_behavior_clone,3,0.391204,0.056017,0.236111,0.046481,0.368056,0.047892,0.138889,0.03419,0.206019,0.040088,0.229167,0.045431,0.210648,0.032302,0.229167,0.035647,0.173611,0.0368,0.391204,0.042938,0.30787,0.045989,0.386574,0.049977,0.236111,0.040222,0.289352,0.050047,0.111111,0.028896,0.118056,0.030606,0.0,0.0,0.348831,0.054172,72
0.28,large_behavior_clone,4,0.365741,0.048196,0.180556,0.035243,0.280093,0.041285,0.127315,0.02925,0.224537,0.039914,0.289352,0.041871,0.189815,0.032504,0.25,0.041874,0.138889,0.028896,0.384259,0.04119,0.377315,0.04382,0.395833,0.046789,0.252315,0.047916,0.259259,0.044245,0.106481,0.034376,0.159722,0.034456,0.0,0.0,0.320463,0.048711,72
0.28,large_behavior_clone,5,0.377315,0.050874,0.222222,0.038768,0.287037,0.039421,0.136574,0.034389,0.1875,0.038192,0.229167,0.041088,0.189815,0.043491,0.201389,0.03927,0.168981,0.030644,0.395833,0.048969,0.400463,0.042694,0.37037,0.041485,0.236111,0.043704,0.25463,0.045217,0.087963,0.028144,0.150463,0.036068,0.0,0.0,0.337801,0.051288,72
0.28,large_behavior_clone,6,0.37963,0.04579,0.236111,0.04603,0.319444,0.037537,0.134259,0.030057,0.222222,0.038768,0.270833,0.044969,0.238426,0.041285,0.224537,0.043421,0.155093,0.033777,0.358796,0.039652,0.333333,0.048352,0.418981,0.048349,0.231481,0.036296,0.259259,0.042806,0.094907,0.03087,0.12037,0.029056,0.0,0.0,0.328125,0.046806,72
0.28,large_behavior_clone,7,0.425926,0.048304,0.175926,0.039244,0.326389,0.048109,0.155093,0.034991,0.180556,0.031489,0.229167,0.041593,0.1875,0.035353,0.240741,0.038165,0.157407,0.034729,0.356481,0.048913,0.372685,0.048993,0.430556,0.04781,0.263889,0.040737,0.273148,0.043008,0.085648,0.023291,0.12963,0.031137,0.0,0.0,0.376377,0.049157,72
0.28,large_behavior_clone,8,0.418981,0.048349,0.25463,0.042356,0.321759,0.051418,0.113426,0.028035,0.226852,0.044908,0.270833,0.037363,0.199074,0.038028,0.215278,0.037918,0.12037,0.037242,0.375,0.042247,0.326389,0.044031,0.439815,0.048484,0.240741,0.038165,0.25,0.040865,0.092593,0.025756,0.104167,0.026982,0.0,0.0,0.377512,0.049583,72
0.28,large_behavior_clone,9,0.395833,0.048541,0.238426,0.042775,0.30787,0.046888,0.155093,0.031869,0.210648,0.043341,0.263889,0.049525,0.203704,0.036104,0.206019,0.038494,0.178241,0.037301,0.386574,0.04374,0.365741,0.045063,0.444444,0.041373,0.210648,0.038764,0.289352,0.039299,0.090278,0.024122,0.155093,0.033153,0.0,0.0,0.343495,0.049529,72
0.28,oracle_exception_selector,0,0.768519,0.041652,0.706019,0.046366,0.159722,0.034456,0.016204,0.011485,0.009259,0.010982,0.641204,0.044607,0.048611,0.018769,0.002315,0.004537,0.185185,0.033297,0.460648,0.042612,0.150463,0.034891,0.293981,0.04212,0.708333,0.03583,0.071759,0.024026,0.011574,0.009855,0.043981,0.017087,0.0,0.0,0.867998,0.033656,72
0.28,oracle_exception_selector,1,0.793981,0.03626,0.699074,0.036914,0.145833,0.033535,0.013889,0.012512,0.0,0.0,0.671296,0.047027,0.046296,0.018528,0.002315,0.004537,0.157407,0.037614,0.435185,0.045485,0.18287,0.037207,0.303241,0.038944,0.731481,0.04215,0.069444,0.024815,0.018519,0.012184,0.025463,0.015372,0.0,0.0,0.895208,0.028692,72
0.28,oracle_exception_selector,2,0.787037,0.040466,0.729167,0.044969,0.152778,0.03583,0.013889,0.010715,0.00463,0.006371,0.69213,0.044136,0.060185,0.023569,0.002315,0.004537,0.157407,0.032235,0.412037,0.050038,0.175926,0.037055,0.31713,0.043899,0.719907,0.042284,0.055556,0.023297,0.016204,0.011485,0.037037,0.017364,0.0,0.0,0.885498,0.032081,72
0.28,oracle_exception_selector,3,0.773148,0.03557,0.696759,0.037856,0.162037,0.032929,0.006944,0.007747,0.002315,0.004537,0.666667,0.043823,0.060185,0.021726,0.002315,0.004537,0.168981,0.03449,0.428241,0.046516,0.18287,0.036642,0.3125,0.047454,0.689815,0.044441,0.048611,0.018769,0.013889,0.010715,0.043981,0.018268,0.0,0.0,0.880556,0.029565,72
0.28,oracle_exception_selector,4,0.798611,0.042829,0.743056,0.042339,0.166667,0.030306,0.006944,0.007747,0.0,0.0,0.652778,0.045114,0.064815,0.025484,0.006944,0.007747,0.180556,0.033418,0.435185,0.047725,0.1875,0.037083,0.314815,0.047725,0.689815,0.048484,0.06713,0.024739,0.016204,0.011485,0.039352,0.016465,0.0,0.0,0.888565,0.035852,72
0.28,oracle_exception_selector,5,0.775463,0.038854,0.712963,0.041985,0.115741,0.029354,0.018519,0.012184,0.002315,0.004537,0.724537,0.040434,0.055556,0.018276,0.009259,0.00888,0.159722,0.037363,0.430556,0.042738,0.1875,0.037641,0.270833,0.043554,0.699074,0.044597,0.043981,0.019377,0.018519,0.012184,0.055556,0.02143,0.0,0.0,0.878669,0.030135,72
0.28,oracle_exception_selector,6,0.805556,0.040351,0.715278,0.048109,0.157407,0.035325,0.016204,0.011485,0.0,0.0,0.643519,0.043968,0.060185,0.022666,0.002315,0.004537,0.155093,0.035582,0.430556,0.042738,0.162037,0.033557,0.284722,0.042092,0.694444,0.04523,0.074074,0.028816,0.016204,0.013178,0.039352,0.01883,0.0,0.0,0.903495,0.030203,72
0.28,oracle_exception_selector,7,0.784722,0.041088,0.703704,0.042479,0.155093,0.033777,0.016204,0.013178,0.002315,0.004537,0.627315,0.044057,0.053241,0.024026,0.002315,0.004537,0.189815,0.031193,0.430556,0.050361,0.175926,0.030913,0.300926,0.046432,0.733796,0.046441,0.046296,0.021645,0.011574,0.009855,0.048611,0.020875,0.0,0.0,0.880069,0.032423,72
0.28,oracle_exception_selector,8,0.81713,0.042449,0.703704,0.041485,0.162037,0.030287,0.011574,0.009855,0.00463,0.006371,0.685185,0.044558,0.074074,0.023197,0.0,0.0,0.164352,0.03626,0.363426,0.04674,0.185185,0.033297,0.305556,0.038226,0.719907,0.039739,0.06713,0.02299,0.013889,0.010715,0.048611,0.022787,0.0,0.0,0.900417,0.033233,72
0.28,oracle_exception_selector,9,0.819444,0.034645,0.680556,0.040737,0.203704,0.034326,0.009259,0.00888,0.0,0.0,0.652778,0.045114,0.0625,0.022787,0.002315,0.004537,0.136574,0.027661,0.386574,0.046065,0.166667,0.038226,0.328704,0.044284,0.726852,0.042026,0.05787,0.019555,0.016204,0.013178,0.050926,0.022043,0.0,0.0,0.913079,0.027027,72
0.28,proposed_embodied_scale_exception_audit_v4,0,0.666667,0.040351,0.583333,0.048782,0.19213,0.034591,0.041667,0.019113,0.06713,0.021096,0.546296,0.050142,0.097222,0.025643,0.055556,0.019384,0.145833,0.033535,0.335648,0.042612,0.208333,0.038089,0.25,0.041874,0.5625,0.048109,0.083333,0.027413,0.032407,0.02006,0.074074,0.023197,0.0,0.0,0.750926,0.038079,72
0.28,proposed_embodied_scale_exception_audit_v4,1,0.585648,0.04382,0.578704,0.04381,0.199074,0.036914,0.037037,0.016117,0.041667,0.017988,0.49537,0.045676,0.069444,0.025643,0.041667,0.017988,0.141204,0.030071,0.305556,0.044766,0.203704,0.033087,0.24537,0.038753,0.550926,0.045523,0.113426,0.028035,0.043981,0.018268,0.064815,0.023789,0.0,0.0,0.672743,0.04227,72
0.28,proposed_embodied_scale_exception_audit_v4,2,0.594907,0.046516,0.56713,0.044136,0.222222,0.039303,0.0625,0.01985,0.060185,0.021726,0.550926,0.04119,0.087963,0.02959,0.041667,0.017988,0.180556,0.034037,0.31713,0.044372,0.219907,0.035288,0.247685,0.044294,0.560185,0.04537,0.083333,0.025025,0.034722,0.017019,0.074074,0.026554,0.0,0.0,0.671644,0.043655,72
0.28,proposed_embodied_scale_exception_audit_v4,3,0.655093,0.033777,0.564815,0.049019,0.222222,0.040865,0.048611,0.022787,0.055556,0.020433,0.587963,0.050865,0.083333,0.025845,0.041667,0.019113,0.159722,0.035647,0.344907,0.041032,0.185185,0.039597,0.25,0.039303,0.569444,0.045114,0.099537,0.032086,0.041667,0.017988,0.083333,0.023297,0.0,0.0,0.743403,0.033675,72
0.28,proposed_embodied_scale_exception_audit_v4,4,0.638889,0.048782,0.638889,0.04523,0.194444,0.041874,0.060185,0.022666,0.078704,0.026619,0.550926,0.047761,0.101852,0.03136,0.025463,0.013948,0.150463,0.038313,0.344907,0.049347,0.203704,0.037242,0.280093,0.04326,0.539352,0.053475,0.101852,0.03136,0.050926,0.02006,0.078704,0.025002,0.0,0.0,0.714606,0.048158,72
0.28,proposed_embodied_scale_exception_audit_v4,5,0.571759,0.046516,0.597222,0.046928,0.217593,0.035177,0.06713,0.025569,0.034722,0.017019,0.555556,0.045689,0.097222,0.027222,0.060185,0.022666,0.164352,0.03509,0.335648,0.044995,0.247685,0.039299,0.282407,0.047761,0.599537,0.047331,0.092593,0.025756,0.020833,0.014357,0.074074,0.028082,0.0,0.0,0.659722,0.046478,72
0.28,proposed_embodied_scale_exception_audit_v4,6,0.634259,0.046432,0.585648,0.042856,0.219907,0.042284,0.050926,0.022043,0.055556,0.02143,0.546296,0.047138,0.081019,0.02417,0.055556,0.022383,0.1875,0.038735,0.321759,0.043501,0.208333,0.034645,0.226852,0.037289,0.543981,0.047916,0.085648,0.026635,0.030093,0.016252,0.078704,0.024152,0.0,0.0,0.715938,0.044246,72
0.28,proposed_embodied_scale_exception_audit_v4,7,0.631944,0.039798,0.618056,0.043554,0.173611,0.036228,0.053241,0.023141,0.027778,0.015827,0.553241,0.046962,0.106481,0.031193,0.041667,0.019113,0.150463,0.037764,0.351852,0.045942,0.226852,0.043008,0.266204,0.046888,0.590278,0.044267,0.111111,0.02961,0.037037,0.017364,0.083333,0.025025,0.0,0.0,0.724074,0.040223,72
0.28,proposed_embodied_scale_exception_audit_v4,8,0.578704,0.045217,0.615741,0.042192,0.166667,0.034796,0.039352,0.016465,0.041667,0.017988,0.530093,0.04445,0.113426,0.029487,0.046296,0.020658,0.180556,0.034645,0.335648,0.048133,0.212963,0.039947,0.280093,0.045149,0.622685,0.044294,0.078704,0.030287,0.053241,0.020254,0.050926,0.02006,0.0,0.0,0.66353,0.0431,72
0.28,proposed_embodied_scale_exception_audit_v4,9,0.655093,0.039476,0.578704,0.046131,0.166667,0.038768,0.034722,0.015744,0.060185,0.023569,0.581019,0.047916,0.099537,0.031429,0.048611,0.01985,0.171296,0.031636,0.310185,0.03999,0.203704,0.036104,0.273148,0.039465,0.560185,0.048052,0.094907,0.02877,0.037037,0.016117,0.055556,0.023297,0.0,0.0,0.738912,0.039079,72
0.38,boundary_aware_scale_exception_audit_v5,0,0.696759,0.042037,0.712963,0.039947,0.178241,0.036164,0.034722,0.018204,0.018519,0.012184,0.611111,0.04286,0.053241,0.020254,0.025463,0.013948,0.196759,0.037301,0.298611,0.037083,0.196759,0.039476,0.252315,0.038764,0.641204,0.045989,0.06713,0.024739,0.053241,0.020254,0.055556,0.02143,0.0,0.0,0.800359,0.037622,72
0.38,boundary_aware_scale_exception_audit_v5,1,0.668981,0.042612,0.69213,0.044136,0.180556,0.038089,0.034722,0.017019,0.025463,0.013948,0.657407,0.050419,0.085648,0.034186,0.034722,0.019317,0.141204,0.030758,0.349537,0.049698,0.208333,0.037537,0.229167,0.040059,0.666667,0.038768,0.083333,0.023297,0.018519,0.013791,0.0625,0.021852,0.0,0.0,0.784537,0.040778,72
0.38,boundary_aware_scale_exception_audit_v5,2,0.715278,0.039003,0.652778,0.038089,0.159722,0.034456,0.032407,0.016648,0.011574,0.009855,0.571759,0.046516,0.087963,0.024152,0.018519,0.012184,0.19213,0.041201,0.358796,0.044607,0.185185,0.037429,0.259259,0.040294,0.618056,0.045431,0.092593,0.024932,0.023148,0.013407,0.069444,0.021185,0.0,0.0,0.808866,0.03441,72
0.38,boundary_aware_scale_exception_audit_v5,3,0.689815,0.03999,0.668981,0.049838,0.157407,0.033505,0.041667,0.017988,0.027778,0.014448,0.657407,0.050831,0.060185,0.021726,0.025463,0.015372,0.196759,0.038944,0.337963,0.042356,0.199074,0.039641,0.275463,0.041954,0.608796,0.048851,0.087963,0.025823,0.046296,0.019622,0.060185,0.023569,0.0,0.0,0.792303,0.036887,72
0.38,boundary_aware_scale_exception_audit_v5,4,0.706019,0.044057,0.638889,0.047481,0.18287,0.038313,0.023148,0.013407,0.032407,0.017858,0.664352,0.047697,0.0625,0.01985,0.030093,0.014912,0.18287,0.037207,0.388889,0.040351,0.1875,0.043314,0.201389,0.03927,0.659722,0.042092,0.085648,0.025019,0.032407,0.017858,0.06713,0.023881,0.0,0.0,0.810069,0.03964,72
0.38,boundary_aware_scale_exception_audit_v5,5,0.68287,0.04711,0.618056,0.045431,0.180556,0.032145,0.034722,0.018204,0.020833,0.012821,0.601852,0.052713,0.085648,0.022376,0.016204,0.013178,0.143519,0.03314,0.331019,0.048133,0.203704,0.0318,0.238426,0.035288,0.625,0.041247,0.076389,0.024122,0.034722,0.017019,0.043981,0.018268,0.0,0.0,0.777338,0.042325,72
0.38,boundary_aware_scale_exception_audit_v5,6,0.696759,0.04674,0.671296,0.043331,0.173611,0.041088,0.034722,0.015744,0.020833,0.012821,0.638889,0.043823,0.078704,0.024152,0.018519,0.013791,0.18287,0.040434,0.349537,0.05135,0.1875,0.033535,0.24537,0.041861,0.634259,0.04317,0.090278,0.026592,0.027778,0.014448,0.074074,0.024932,0.0,0.0,0.796794,0.041866,72
0.38,boundary_aware_scale_exception_audit_v5,7,0.68287,0.045303,0.69213,0.045533,0.178241,0.040001,0.050926,0.02006,0.023148,0.014883,0.608796,0.045303,0.071759,0.028035,0.020833,0.012821,0.18287,0.037207,0.326389,0.045431,0.162037,0.040851,0.275463,0.043899,0.622685,0.047036,0.071759,0.02488,0.043981,0.018268,0.064815,0.023789,0.0,0.0,0.782789,0.041444,72
0.38,boundary_aware_scale_exception_audit_v5,8,0.726852,0.045828,0.696759,0.04445,0.206019,0.038494,0.020833,0.012821,0.025463,0.015372,0.581019,0.043341,0.076389,0.026592,0.023148,0.013407,0.150463,0.037207,0.305556,0.044766,0.18287,0.036068,0.201389,0.034152,0.668981,0.044057,0.078704,0.025823,0.023148,0.013407,0.069444,0.023959,0.0,0.0,0.826979,0.040501,72
0.38,boundary_aware_scale_exception_audit_v5,9,0.668981,0.044995,0.680556,0.048244,0.185185,0.034528,0.016204,0.011485,0.016204,0.013178,0.613426,0.041285,0.090278,0.028851,0.027778,0.015827,0.196759,0.041032,0.344907,0.04445,0.152778,0.030134,0.233796,0.041201,0.685185,0.047725,0.06713,0.02299,0.018519,0.012184,0.078704,0.02959,0.0,0.0,0.771505,0.039877,72
0.38,conformal_risk_filter,0,0.511574,0.043501,0.490741,0.043291,0.275463,0.043899,0.071759,0.028035,0.078704,0.022357,0.393519,0.049338,0.12037,0.033712,0.069444,0.023072,0.18287,0.037207,0.303241,0.042037,0.236111,0.042738,0.219907,0.034691,0.451389,0.050232,0.162037,0.033557,0.046296,0.017364,0.081019,0.025019,0.0,0.0,0.562662,0.042514,72
0.38,conformal_risk_filter,1,0.506944,0.039535,0.451389,0.051867,0.303241,0.039476,0.06713,0.020082,0.083333,0.025845,0.388889,0.044766,0.127315,0.028528,0.094907,0.027281,0.180556,0.034037,0.284722,0.048541,0.25,0.043823,0.268519,0.051104,0.479167,0.047012,0.131944,0.034152,0.069444,0.022148,0.108796,0.029011,0.0,0.0,0.552164,0.042697,72
0.38,conformal_risk_filter,2,0.516204,0.052157,0.412037,0.04834,0.252315,0.044762,0.092593,0.027329,0.101852,0.027073,0.384259,0.04317,0.145833,0.035353,0.094907,0.028035,0.215278,0.0368,0.275463,0.045303,0.194444,0.034796,0.266204,0.040175,0.423611,0.043314,0.166667,0.032307,0.0625,0.026196,0.097222,0.024815,0.0,0.0,0.540972,0.052773,72
0.38,conformal_risk_filter,3,0.502315,0.045457,0.430556,0.049102,0.233796,0.03804,0.05787,0.020595,0.108796,0.03241,0.363426,0.044918,0.118056,0.029917,0.069444,0.023072,0.189815,0.036725,0.247685,0.039299,0.256944,0.032907,0.296296,0.043451,0.481481,0.045485,0.19213,0.039122,0.055556,0.022383,0.094907,0.026505,0.0,0.0,0.540394,0.046297,72
0.38,conformal_risk_filter,4,0.523148,0.048052,0.50463,0.044753,0.25463,0.047907,0.069444,0.031489,0.085648,0.02417,0.416667,0.045689,0.115741,0.032717,0.12037,0.029056,0.215278,0.042092,0.284722,0.046789,0.284722,0.045431,0.268519,0.033297,0.449074,0.046879,0.150463,0.028283,0.050926,0.021075,0.108796,0.031759,0.0,0.0,0.571609,0.045894,72
0.38,conformal_risk_filter,5,0.50463,0.04834,0.425926,0.046093,0.229167,0.040577,0.048611,0.020875,0.076389,0.024973,0.423611,0.05442,0.145833,0.031613,0.094907,0.02877,0.196759,0.034991,0.266204,0.036356,0.263889,0.03583,0.252315,0.038764,0.416667,0.045689,0.18287,0.034891,0.046296,0.018528,0.125,0.032788,0.0,0.0,0.546655,0.049179,72
0.38,conformal_risk_filter,6,0.516204,0.053734,0.430556,0.044179,0.349537,0.046665,0.041667,0.016787,0.069444,0.023072,0.386574,0.044685,0.113426,0.032836,0.090278,0.027366,0.208333,0.038089,0.261574,0.038131,0.273148,0.037845,0.25,0.040865,0.428241,0.045609,0.178241,0.037301,0.025463,0.013948,0.104167,0.027744,0.0,0.0,0.558912,0.052635,72
0.38,conformal_risk_filter,7,0.50463,0.047907,0.444444,0.04286,0.259259,0.046544,0.055556,0.02143,0.085648,0.028891,0.416667,0.048782,0.157407,0.034122,0.104167,0.026982,0.150463,0.03241,0.268519,0.040121,0.266204,0.042694,0.266204,0.042202,0.458333,0.040737,0.155093,0.037301,0.074074,0.024932,0.111111,0.026641,0.0,0.0,0.548762,0.047737,72
0.38,conformal_risk_filter,8,0.534722,0.048755,0.430556,0.046481,0.259259,0.042806,0.071759,0.02222,0.069444,0.023072,0.372685,0.041621,0.150463,0.037764,0.083333,0.02961,0.19213,0.036356,0.247685,0.042856,0.261574,0.045149,0.261574,0.038131,0.493056,0.047673,0.141204,0.029369,0.055556,0.02143,0.087963,0.028144,0.0,0.0,0.574884,0.050045,72
0.38,conformal_risk_filter,9,0.481481,0.050694,0.428241,0.050393,0.256944,0.042829,0.078704,0.024152,0.071759,0.025705,0.412037,0.052082,0.138889,0.026641,0.101852,0.029295,0.178241,0.033153,0.238426,0.041788,0.25463,0.037102,0.287037,0.037242,0.444444,0.043823,0.164352,0.03568,0.083333,0.030988,0.104167,0.024551,0.0,0.0,0.520324,0.050746,72
0.38,generic_scaling_law_extrapolator,0,0.412037,0.045217,0.259259,0.037614,0.268519,0.04215,0.118056,0.032588,0.196759,0.04445,0.296296,0.046693,0.185185,0.036867,0.231481,0.035717,0.138889,0.02961,0.421296,0.038211,0.393519,0.048913,0.481481,0.041148,0.298611,0.045201,0.247685,0.044294,0.083333,0.024176,0.148148,0.035717,0.0,0.0,0.376759,0.047544,72
0.38,generic_scaling_law_extrapolator,1,0.425926,0.049584,0.261574,0.04374,0.310185,0.04252,0.138889,0.038226,0.1875,0.038735,0.287037,0.038888,0.222222,0.036551,0.238426,0.038131,0.155093,0.03053,0.409722,0.047454,0.381944,0.044503,0.462963,0.044401,0.291667,0.04781,0.324074,0.040808,0.076389,0.024973,0.148148,0.033297,0.0,0.0,0.384491,0.050937,72
0.38,generic_scaling_law_extrapolator,2,0.402778,0.053575,0.293981,0.045457,0.293981,0.039033,0.162037,0.036535,0.212963,0.038347,0.291667,0.041247,0.1875,0.038192,0.178241,0.034389,0.145833,0.034758,0.416667,0.048352,0.375,0.040737,0.414352,0.04382,0.287037,0.041485,0.25,0.038768,0.076389,0.025795,0.106481,0.025278,0.0,0.0,0.368565,0.055958,72
0.38,generic_scaling_law_extrapolator,3,0.428241,0.041788,0.270833,0.043072,0.326389,0.040577,0.127315,0.03509,0.180556,0.038089,0.273148,0.038392,0.189815,0.03557,0.185185,0.033297,0.145833,0.033535,0.428241,0.051215,0.344907,0.049347,0.412037,0.047027,0.243056,0.03927,0.217593,0.038028,0.118056,0.037918,0.173611,0.037363,0.0,0.0,0.393391,0.043963,72
0.38,generic_scaling_law_extrapolator,4,0.405093,0.049977,0.266204,0.040691,0.298611,0.043314,0.145833,0.034758,0.19213,0.033362,0.296296,0.039421,0.206019,0.033879,0.219907,0.039739,0.12963,0.037799,0.409722,0.043793,0.388889,0.048352,0.435185,0.045942,0.268519,0.042643,0.259259,0.039244,0.094907,0.029487,0.152778,0.032145,0.0,0.0,0.366481,0.051029,72
0.38,generic_scaling_law_extrapolator,5,0.435185,0.054657,0.261574,0.04326,0.314815,0.048592,0.141204,0.036926,0.240741,0.041317,0.247685,0.041871,0.1875,0.032907,0.222222,0.039303,0.136574,0.029131,0.409722,0.04566,0.414352,0.043341,0.409722,0.043793,0.277778,0.046594,0.296296,0.042968,0.083333,0.026641,0.134259,0.035765,0.0,0.0,0.393322,0.054577,72
0.38,generic_scaling_law_extrapolator,6,0.377315,0.040348,0.268519,0.039597,0.324074,0.047432,0.099537,0.029369,0.217593,0.033969,0.25463,0.042356,0.1875,0.036515,0.175926,0.032876,0.134259,0.034578,0.368056,0.046566,0.388889,0.047919,0.453704,0.048448,0.226852,0.04252,0.247685,0.040348,0.090278,0.025795,0.131944,0.030945,0.0,0.0,0.337627,0.041984,72
0.38,generic_scaling_law_extrapolator,7,0.388889,0.044766,0.284722,0.045888,0.310185,0.04673,0.118056,0.033845,0.219907,0.038675,0.289352,0.044762,0.166667,0.033574,0.210648,0.04382,0.150463,0.033048,0.375,0.045114,0.381944,0.044031,0.481481,0.037429,0.284722,0.039003,0.247685,0.040348,0.094907,0.025705,0.141204,0.040691,0.0,0.0,0.354525,0.048415,72
0.38,generic_scaling_law_extrapolator,8,0.418981,0.047478,0.291667,0.039699,0.289352,0.040862,0.152778,0.036408,0.208333,0.037537,0.326389,0.044969,0.189815,0.037289,0.212963,0.0318,0.166667,0.03539,0.377315,0.04382,0.400463,0.041704,0.446759,0.047405,0.256944,0.04566,0.212963,0.038347,0.081019,0.027408,0.148148,0.029999,0.0,0.0,0.381215,0.048718,72
0.38,generic_scaling_law_extrapolator,9,0.400463,0.051553,0.263889,0.038633,0.298611,0.043793,0.125,0.029433,0.199074,0.042684,0.282407,0.039111,0.164352,0.033258,0.233796,0.038585,0.159722,0.037363,0.391204,0.043899,0.391204,0.040947,0.418981,0.041871,0.291667,0.041247,0.277778,0.043823,0.064815,0.021964,0.138889,0.032947,0.0,0.0,0.369861,0.052269,72
0.38,large_behavior_clone,0,0.37963,0.048015,0.210648,0.043341,0.300926,0.039111,0.164352,0.037948,0.196759,0.034389,0.189815,0.036725,0.196759,0.034389,0.201389,0.037641,0.145833,0.030945,0.388889,0.044766,0.372685,0.043581,0.453704,0.046244,0.206019,0.03626,0.25463,0.039816,0.111111,0.02961,0.173611,0.033845,0.0,0.0,0.32184,0.045955,72
0.38,large_behavior_clone,1,0.347222,0.044649,0.194444,0.035975,0.358796,0.043661,0.136574,0.029839,0.217593,0.045063,0.231481,0.039066,0.201389,0.037641,0.233796,0.041704,0.141204,0.032086,0.365741,0.04317,0.372685,0.050668,0.449074,0.048627,0.226852,0.038932,0.277778,0.043823,0.108796,0.029722,0.148148,0.032664,0.0,0.0,0.291204,0.045337,72
0.38,large_behavior_clone,2,0.377315,0.051688,0.233796,0.036926,0.344907,0.04538,0.148148,0.037429,0.196759,0.04052,0.238426,0.045149,0.210648,0.035971,0.18287,0.041954,0.138889,0.028896,0.381944,0.049394,0.358796,0.04777,0.414352,0.050462,0.222222,0.040351,0.280093,0.040261,0.094907,0.03087,0.155093,0.036164,0.0,0.0,0.331701,0.052397,72
0.38,large_behavior_clone,3,0.356481,0.044441,0.219907,0.040776,0.331019,0.043581,0.159722,0.037363,0.238426,0.039211,0.238426,0.042284,0.215278,0.041593,0.231481,0.039597,0.155093,0.033777,0.333333,0.04523,0.365741,0.050315,0.439815,0.056442,0.229167,0.0368,0.263889,0.044179,0.101852,0.027833,0.131944,0.038192,0.0,0.0,0.296759,0.044459,72
0.38,large_behavior_clone,4,0.368056,0.041341,0.175926,0.034729,0.335648,0.048133,0.159722,0.033845,0.201389,0.035353,0.240741,0.042806,0.199074,0.032073,0.229167,0.043554,0.134259,0.031415,0.358796,0.045533,0.377315,0.047478,0.479167,0.043314,0.259259,0.043291,0.282407,0.044597,0.097222,0.027979,0.134259,0.030057,0.0,0.0,0.311701,0.04075,72
0.38,large_behavior_clone,5,0.363426,0.043978,0.194444,0.043344,0.337963,0.041359,0.136574,0.031869,0.215278,0.040059,0.287037,0.040979,0.178241,0.038404,0.212963,0.039947,0.164352,0.033879,0.361111,0.048352,0.416667,0.04523,0.439815,0.04537,0.263889,0.04781,0.293981,0.045457,0.090278,0.025795,0.152778,0.030819,0.0,0.0,0.321505,0.043582,72
0.38,large_behavior_clone,6,0.365741,0.043651,0.175926,0.030913,0.335648,0.046366,0.166667,0.03539,0.226852,0.045828,0.252315,0.039299,0.196759,0.038404,0.229167,0.0368,0.162037,0.032289,0.421296,0.049197,0.372685,0.044529,0.456019,0.047036,0.215278,0.037918,0.226852,0.040509,0.087963,0.026619,0.162037,0.030287,0.0,0.0,0.30397,0.042782,72
0.38,large_behavior_clone,7,0.363426,0.047624,0.196759,0.038944,0.328704,0.050038,0.138889,0.038768,0.199074,0.039641,0.25,0.047919,0.229167,0.039535,0.224537,0.038313,0.145833,0.034152,0.405093,0.044685,0.37963,0.040979,0.402778,0.044179,0.256944,0.048755,0.25,0.040865,0.125,0.039699,0.131944,0.029566,0.0,0.0,0.31588,0.047265,72
0.38,large_behavior_clone,8,0.356481,0.043008,0.206019,0.041621,0.321759,0.045838,0.145833,0.035353,0.210648,0.041871,0.24537,0.040337,0.185185,0.039597,0.24537,0.041861,0.145833,0.033535,0.402778,0.049525,0.377315,0.043341,0.409722,0.042829,0.310185,0.039465,0.3125,0.044737,0.076389,0.026592,0.134259,0.031415,0.0,0.0,0.313079,0.045176,72
0.38,large_behavior_clone,9,0.377315,0.047478,0.219907,0.042775,0.284722,0.037918,0.143519,0.03314,0.233796,0.041704,0.238426,0.03758,0.226852,0.03999,0.240741,0.041317,0.145833,0.032907,0.375,0.048244,0.358796,0.046441,0.423611,0.050851,0.229167,0.038464,0.256944,0.038735,0.108796,0.029011,0.162037,0.037661,0.0,0.0,0.32184,0.046459,72
0.38,oracle_exception_selector,0,0.763889,0.040222,0.703704,0.042968,0.206019,0.039564,0.006944,0.007747,0.002315,0.004537,0.678241,0.043501,0.053241,0.023141,0.0,0.0,0.185185,0.037429,0.393519,0.043008,0.166667,0.033574,0.289352,0.039827,0.715278,0.044969,0.032407,0.015343,0.011574,0.009855,0.037037,0.017364,0.0,0.0,0.865602,0.033714,72
0.38,oracle_exception_selector,1,0.773148,0.04252,0.636574,0.038404,0.159722,0.034456,0.018519,0.013791,0.00463,0.006371,0.634259,0.047322,0.071759,0.025705,0.002315,0.004537,0.164352,0.037394,0.425926,0.045638,0.171296,0.034173,0.375,0.049945,0.701389,0.042829,0.071759,0.023141,0.018519,0.01523,0.053241,0.023141,0.0,0.0,0.862685,0.037369,72
0.38,oracle_exception_selector,2,0.782407,0.040164,0.722222,0.038768,0.171296,0.039816,0.006944,0.010088,0.0,0.0,0.673611,0.043554,0.069444,0.022148,0.00463,0.006371,0.201389,0.037641,0.405093,0.051621,0.148148,0.032018,0.287037,0.042968,0.701389,0.04566,0.060185,0.023569,0.011574,0.011784,0.050926,0.02006,0.0,0.0,0.882106,0.032501,72
0.38,oracle_exception_selector,3,0.810185,0.03999,0.740741,0.042315,0.159722,0.031281,0.013889,0.010715,0.00463,0.006371,0.652778,0.048244,0.071759,0.026505,0.0,0.0,0.152778,0.03583,0.449074,0.045063,0.168981,0.036832,0.298611,0.039798,0.724537,0.039388,0.055556,0.024176,0.013889,0.010715,0.060185,0.020742,0.0,0.0,0.900972,0.033049,72
0.38,oracle_exception_selector,4,0.777778,0.041373,0.706019,0.043099,0.178241,0.036737,0.011574,0.009855,0.0,0.0,0.675926,0.044245,0.083333,0.028164,0.002315,0.004537,0.159722,0.035057,0.407407,0.042806,0.159722,0.035647,0.319444,0.045574,0.699074,0.042684,0.06713,0.024739,0.016204,0.011485,0.037037,0.017364,0.0,0.0,0.875532,0.032626,72
0.38,oracle_exception_selector,5,0.770833,0.040577,0.703704,0.042479,0.148148,0.036296,0.016204,0.011485,0.0,0.0,0.636574,0.043978,0.048611,0.021852,0.002315,0.004537,0.175926,0.036487,0.425926,0.053629,0.166667,0.039303,0.280093,0.041788,0.708333,0.041247,0.048611,0.020875,0.016204,0.011485,0.041667,0.019113,0.0,0.0,0.869063,0.033943,72
0.38,oracle_exception_selector,6,0.761574,0.044685,0.694444,0.041373,0.164352,0.039564,0.00463,0.006371,0.0,0.0,0.622685,0.049205,0.06713,0.02299,0.002315,0.004537,0.138889,0.028896,0.409722,0.047892,0.148148,0.033297,0.340278,0.047233,0.675926,0.04787,0.0625,0.026196,0.016204,0.011485,0.039352,0.016465,0.0,0.0,0.852674,0.038275,72
0.38,oracle_exception_selector,7,0.784722,0.043554,0.717593,0.038573,0.136574,0.033153,0.009259,0.00888,0.011574,0.009855,0.585648,0.051688,0.0625,0.023686,0.002315,0.004537,0.173611,0.033223,0.37963,0.048877,0.185185,0.036867,0.321759,0.045838,0.694444,0.046143,0.032407,0.016648,0.018519,0.01523,0.027778,0.014448,0.0,0.0,0.871968,0.036878,72
0.38,oracle_exception_selector,8,0.759259,0.038708,0.699074,0.046432,0.18287,0.033048,0.00463,0.006371,0.006944,0.007747,0.648148,0.051104,0.041667,0.017988,0.002315,0.004537,0.178241,0.036164,0.428241,0.04326,0.18287,0.031095,0.30787,0.04318,0.719907,0.047843,0.0625,0.023686,0.016204,0.013178,0.043981,0.019377,0.0,0.0,0.864757,0.031468,72
0.38,oracle_exception_selector,9,0.805556,0.038768,0.694444,0.039303,0.1875,0.034152,0.002315,0.004537,0.009259,0.00888,0.685185,0.047725,0.043981,0.020426,0.002315,0.004537,0.1875,0.032907,0.409722,0.052468,0.203704,0.036678,0.326389,0.039535,0.712963,0.040466,0.039352,0.01883,0.016204,0.011485,0.053241,0.02126,0.0,0.0,0.901134,0.030536,72
0.38,proposed_embodied_scale_exception_audit_v4,0,0.636574,0.037301,0.578704,0.038211,0.210648,0.035971,0.043981,0.017087,0.060185,0.023569,0.509259,0.049584,0.12963,0.031137,0.050926,0.021075,0.166667,0.039831,0.375,0.049102,0.217593,0.037475,0.270833,0.041088,0.55787,0.050116,0.092593,0.025756,0.039352,0.016465,0.092593,0.03023,0.0,0.0,0.714826,0.035589,72
0.38,proposed_embodied_scale_exception_audit_v4,1,0.576389,0.049604,0.606481,0.05141,0.212963,0.036104,0.053241,0.024026,0.060185,0.023569,0.523148,0.043491,0.071759,0.023141,0.060185,0.022666,0.157407,0.035911,0.347222,0.043704,0.25463,0.040851,0.226852,0.038392,0.537037,0.040466,0.108796,0.030416,0.037037,0.016117,0.081019,0.023291,0.0,0.0,0.663333,0.048666,72
0.38,proposed_embodied_scale_exception_audit_v4,2,0.634259,0.04119,0.592593,0.053238,0.203704,0.034326,0.069444,0.025643,0.034722,0.018204,0.541667,0.05159,0.115741,0.036914,0.030093,0.016252,0.152778,0.032788,0.361111,0.043823,0.219907,0.041285,0.277778,0.04286,0.574074,0.04699,0.101852,0.027833,0.032407,0.016648,0.076389,0.022324,0.0,0.0,0.715208,0.038786,72
0.38,proposed_embodied_scale_exception_audit_v4,3,0.622685,0.044762,0.599537,0.055077,0.217593,0.042192,0.037037,0.019622,0.055556,0.023297,0.553241,0.049977,0.108796,0.026766,0.041667,0.019113,0.166667,0.030988,0.335648,0.04212,0.189815,0.036725,0.25,0.041373,0.574074,0.046093,0.111111,0.032307,0.041667,0.016787,0.076389,0.024122,0.0,0.0,0.709873,0.043211,72
0.38,proposed_embodied_scale_exception_audit_v4,4,0.571759,0.049135,0.571759,0.048708,0.233796,0.036356,0.037037,0.016117,0.050926,0.021075,0.578704,0.041359,0.078704,0.024152,0.053241,0.02126,0.175926,0.036487,0.326389,0.040577,0.256944,0.046115,0.24537,0.040851,0.569444,0.04175,0.134259,0.034578,0.032407,0.016648,0.06713,0.02299,0.0,0.0,0.660289,0.048513,72
0.38,proposed_embodied_scale_exception_audit_v4,5,0.601852,0.051511,0.636574,0.042531,0.210648,0.037672,0.055556,0.023297,0.043981,0.019377,0.571759,0.046065,0.101852,0.027833,0.055556,0.019384,0.180556,0.039699,0.340278,0.037918,0.273148,0.044441,0.287037,0.048015,0.583333,0.041373,0.122685,0.035386,0.034722,0.017019,0.05787,0.023439,0.0,0.0,0.689965,0.048717,72
0.38,proposed_embodied_scale_exception_audit_v4,6,0.638889,0.041874,0.585648,0.050462,0.222222,0.043823,0.041667,0.019113,0.043981,0.020426,0.539352,0.051486,0.115741,0.032717,0.0625,0.022787,0.159722,0.035057,0.321759,0.04052,0.217593,0.038573,0.303241,0.04445,0.543981,0.044762,0.136574,0.029839,0.039352,0.016465,0.069444,0.027222,0.0,0.0,0.717616,0.04266,72
0.38,proposed_embodied_scale_exception_audit_v4,7,0.650463,0.048421,0.587963,0.047027,0.208333,0.036977,0.05787,0.020595,0.041667,0.020176,0.506944,0.042585,0.081019,0.02584,0.064815,0.022895,0.201389,0.039798,0.331019,0.040605,0.229167,0.0368,0.263889,0.038089,0.574074,0.042315,0.090278,0.024122,0.034722,0.018204,0.050926,0.02006,0.0,0.0,0.728843,0.048201,72
0.38,proposed_embodied_scale_exception_audit_v4,8,0.601852,0.050694,0.599537,0.049487,0.19213,0.03273,0.050926,0.021075,0.055556,0.022383,0.606481,0.046281,0.087963,0.02959,0.064815,0.023789,0.175926,0.035911,0.368056,0.052864,0.261574,0.039211,0.275463,0.040947,0.550926,0.045523,0.118056,0.029917,0.032407,0.018991,0.069444,0.024815,0.0,0.0,0.686655,0.048595,72
0.38,proposed_embodied_scale_exception_audit_v4,9,0.631944,0.048325,0.5625,0.056859,0.222222,0.037676,0.048611,0.020875,0.046296,0.019622,0.560185,0.043968,0.094907,0.025705,0.05787,0.022531,0.155093,0.036164,0.335648,0.043099,0.212963,0.037242,0.273148,0.043968,0.546296,0.052182,0.090278,0.024973,0.039352,0.017687,0.071759,0.023141,0.0,0.0,0.707292,0.046793,72
0.48,boundary_aware_scale_exception_audit_v5,0,0.69213,0.04318,0.643519,0.043968,0.201389,0.037083,0.023148,0.014883,0.020833,0.012821,0.631944,0.045201,0.064815,0.021964,0.013889,0.010715,0.173611,0.036228,0.335648,0.045457,0.19213,0.03804,0.236111,0.043704,0.650463,0.046216,0.078704,0.025002,0.016204,0.013178,0.05787,0.020595,0.0,0.0,0.801979,0.040915,72
0.48,boundary_aware_scale_exception_audit_v5,1,0.68287,0.042938,0.664352,0.046814,0.173611,0.035647,0.048611,0.01985,0.023148,0.013407,0.62037,0.042479,0.090278,0.028118,0.032407,0.015343,0.19213,0.03804,0.305556,0.04237,0.157407,0.036487,0.215278,0.038464,0.666667,0.039303,0.113426,0.032194,0.032407,0.015343,0.071759,0.019196,0.0,0.0,0.789144,0.040898,72
0.48,boundary_aware_scale_exception_audit_v5,2,0.68287,0.04484,0.701389,0.042339,0.162037,0.028876,0.020833,0.012821,0.025463,0.015372,0.655093,0.04538,0.074074,0.024932,0.023148,0.013407,0.166667,0.032307,0.342593,0.038708,0.18287,0.036642,0.24537,0.037102,0.641204,0.045072,0.081019,0.028891,0.030093,0.014912,0.055556,0.022383,0.0,0.0,0.795116,0.041218,72
0.48,boundary_aware_scale_exception_audit_v5,3,0.69213,0.04318,0.662037,0.046131,0.159722,0.039003,0.032407,0.016648,0.018519,0.012184,0.650463,0.047551,0.076389,0.029566,0.018519,0.01523,0.196759,0.037856,0.342593,0.043291,0.189815,0.039465,0.240741,0.041317,0.627315,0.039033,0.083333,0.024176,0.020833,0.015744,0.043981,0.019377,0.0,0.0,0.79603,0.039,72
0.48,boundary_aware_scale_exception_audit_v5,4,0.6875,0.040833,0.636574,0.047624,0.131944,0.030263,0.018519,0.013791,0.018519,0.013791,0.618056,0.049814,0.064815,0.022895,0.016204,0.011485,0.152778,0.035243,0.314815,0.046394,0.1875,0.041843,0.263889,0.050361,0.685185,0.045485,0.092593,0.026554,0.020833,0.012821,0.06713,0.022063,0.0,0.0,0.797141,0.038149,72
0.48,boundary_aware_scale_exception_audit_v5,5,0.671296,0.049619,0.645833,0.04566,0.152778,0.035243,0.039352,0.02093,0.037037,0.016117,0.574074,0.046544,0.060185,0.021726,0.020833,0.014357,0.210648,0.037672,0.328704,0.046581,0.185185,0.038528,0.243056,0.034152,0.648148,0.039597,0.090278,0.026592,0.032407,0.015343,0.06713,0.026373,0.0,0.0,0.762685,0.046622,72
0.48,boundary_aware_scale_exception_audit_v5,6,0.722222,0.046594,0.622685,0.044294,0.173611,0.033845,0.032407,0.017858,0.027778,0.015827,0.625,0.044649,0.05787,0.022531,0.027778,0.015827,0.19213,0.038585,0.333333,0.049631,0.189815,0.041527,0.252315,0.044762,0.636574,0.041032,0.101852,0.02629,0.034722,0.019317,0.053241,0.02222,0.0,0.0,0.817442,0.040843,72
0.48,boundary_aware_scale_exception_audit_v5,7,0.673611,0.047673,0.636574,0.041032,0.194444,0.037676,0.053241,0.018076,0.027778,0.014448,0.581019,0.044294,0.071759,0.02222,0.030093,0.016252,0.178241,0.034991,0.321759,0.037856,0.196759,0.033153,0.25,0.047481,0.664352,0.042612,0.071759,0.024026,0.023148,0.013407,0.043981,0.019377,0.0,0.0,0.77272,0.043686,72
0.48,boundary_aware_scale_exception_audit_v5,8,0.689815,0.047615,0.673611,0.042092,0.203704,0.037799,0.037037,0.017364,0.030093,0.014912,0.615741,0.050728,0.083333,0.024176,0.016204,0.011485,0.185185,0.036867,0.30787,0.052754,0.162037,0.030969,0.24537,0.038753,0.636574,0.048922,0.092593,0.028082,0.027778,0.015827,0.053241,0.02222,0.0,0.0,0.779919,0.04279,72
0.48,boundary_aware_scale_exception_audit_v5,9,0.650463,0.045303,0.636574,0.046291,0.199074,0.038028,0.041667,0.017988,0.039352,0.02093,0.597222,0.04781,0.092593,0.02408,0.039352,0.017687,0.185185,0.034528,0.331019,0.04212,0.162037,0.034173,0.212963,0.038888,0.622685,0.044762,0.083333,0.024176,0.018519,0.012184,0.064815,0.022895,0.0,0.0,0.74912,0.043006,72
0.48,conformal_risk_filter,0,0.456019,0.047036,0.453704,0.050142,0.282407,0.036344,0.069444,0.020176,0.118056,0.031941,0.421296,0.04834,0.125,0.031489,0.087963,0.028144,0.175926,0.036487,0.280093,0.039211,0.240741,0.037614,0.233796,0.035189,0.44213,0.042449,0.166667,0.036551,0.074074,0.027329,0.104167,0.031941,0.0,0.0,0.499398,0.046999,72
0.48,conformal_risk_filter,1,0.527778,0.043823,0.412037,0.04877,0.282407,0.041694,0.094907,0.02488,0.074074,0.023197,0.395833,0.044969,0.145833,0.034758,0.12037,0.027582,0.173611,0.036228,0.303241,0.043978,0.284722,0.045888,0.217593,0.04317,0.44213,0.041453,0.185185,0.030687,0.069444,0.026444,0.097222,0.027222,0.0,0.0,0.566019,0.044782,72
0.48,conformal_risk_filter,2,0.449074,0.04068,0.481481,0.040121,0.275463,0.038313,0.078704,0.026619,0.078704,0.026619,0.405093,0.047405,0.134259,0.033349,0.085648,0.026635,0.212963,0.035521,0.273148,0.046281,0.268519,0.041652,0.233796,0.042202,0.425926,0.046093,0.152778,0.034645,0.053241,0.019196,0.113426,0.029487,0.0,0.0,0.493495,0.040237,72
0.48,conformal_risk_filter,3,0.423611,0.053257,0.412037,0.044753,0.303241,0.042531,0.087963,0.027392,0.101852,0.03136,0.446759,0.045149,0.143519,0.033764,0.111111,0.028896,0.175926,0.036487,0.24537,0.042846,0.300926,0.047322,0.268519,0.039597,0.409722,0.046115,0.148148,0.033918,0.076389,0.024122,0.099537,0.030071,0.0,0.0,0.456377,0.053483,72
0.48,conformal_risk_filter,4,0.460648,0.048565,0.435185,0.04816,0.247685,0.035386,0.076389,0.024973,0.0625,0.020875,0.368056,0.054803,0.090278,0.025795,0.111111,0.027413,0.189815,0.037289,0.287037,0.034326,0.275463,0.042938,0.280093,0.040776,0.414352,0.041871,0.122685,0.030983,0.076389,0.024122,0.085648,0.030302,0.0,0.0,0.501528,0.049457,72
0.48,conformal_risk_filter,5,0.511574,0.053017,0.435185,0.046394,0.270833,0.045888,0.081019,0.025019,0.099537,0.027911,0.428241,0.047405,0.094907,0.027281,0.101852,0.029999,0.185185,0.033297,0.280093,0.045149,0.261574,0.03702,0.277778,0.041874,0.414352,0.042856,0.180556,0.035243,0.06713,0.026373,0.087963,0.025823,0.0,0.0,0.550741,0.053771,72
0.48,conformal_risk_filter,6,0.493056,0.046789,0.421296,0.050038,0.243056,0.041843,0.083333,0.028164,0.085648,0.025019,0.361111,0.044766,0.125,0.03583,0.087963,0.027392,0.212963,0.037799,0.24537,0.039288,0.25463,0.039288,0.226852,0.039465,0.425926,0.04787,0.178241,0.033153,0.050926,0.022043,0.090278,0.025795,0.0,0.0,0.528113,0.048821,72
0.48,conformal_risk_filter,7,0.469907,0.048493,0.402778,0.044649,0.263889,0.040222,0.083333,0.027413,0.0625,0.022787,0.368056,0.047454,0.145833,0.036515,0.106481,0.031855,0.180556,0.03583,0.25463,0.039288,0.280093,0.039739,0.210648,0.040862,0.423611,0.044737,0.189815,0.038392,0.081019,0.025019,0.118056,0.029917,0.0,0.0,0.507049,0.049356,72
0.48,conformal_risk_filter,8,0.467593,0.052746,0.430556,0.051184,0.266204,0.042202,0.071759,0.02488,0.078704,0.025002,0.414352,0.05249,0.113426,0.029487,0.085648,0.02417,0.185185,0.041652,0.291667,0.042738,0.284722,0.038464,0.268519,0.042643,0.409722,0.044737,0.155093,0.036164,0.055556,0.02143,0.111111,0.028164,0.0,0.0,0.508472,0.054308,72
0.48,conformal_risk_filter,9,0.458333,0.045574,0.444444,0.049208,0.233796,0.03804,0.083333,0.025845,0.087963,0.025002,0.416667,0.046594,0.106481,0.029116,0.113426,0.03087,0.201389,0.040319,0.270833,0.042092,0.252315,0.039827,0.196759,0.034991,0.423611,0.042829,0.166667,0.036551,0.05787,0.020595,0.087963,0.028144,0.0,0.0,0.504016,0.045311,72
0.48,generic_scaling_law_extrapolator,0,0.393519,0.038932,0.275463,0.043421,0.328704,0.044284,0.159722,0.036228,0.210648,0.037114,0.289352,0.04659,0.178241,0.034389,0.196759,0.037856,0.143519,0.027645,0.388889,0.048352,0.365741,0.042192,0.395833,0.042092,0.261574,0.03758,0.247685,0.040862,0.06713,0.022063,0.168981,0.03568,0.0,0.0,0.357604,0.039886,72
0.48,generic_scaling_law_extrapolator,1,0.409722,0.047454,0.280093,0.042284,0.252315,0.044294,0.155093,0.034991,0.215278,0.037363,0.266204,0.044136,0.199074,0.039641,0.196759,0.034991,0.180556,0.03583,0.349537,0.040434,0.324074,0.037614,0.430556,0.048675,0.226852,0.041527,0.266204,0.044136,0.094907,0.023141,0.143519,0.03314,0.0,0.0,0.363738,0.048274,72
0.48,generic_scaling_law_extrapolator,2,0.372685,0.049417,0.252315,0.039299,0.296296,0.039421,0.143519,0.037845,0.168981,0.033879,0.275463,0.038854,0.212963,0.038888,0.194444,0.038226,0.134259,0.033969,0.363426,0.049347,0.37963,0.04579,0.4375,0.044503,0.25,0.03419,0.25463,0.039816,0.104167,0.025387,0.150463,0.033673,0.0,0.0,0.336991,0.046818,72
0.48,generic_scaling_law_extrapolator,3,0.363426,0.04538,0.243056,0.043314,0.298611,0.046566,0.155093,0.038404,0.180556,0.035243,0.328704,0.049197,0.196759,0.040001,0.25463,0.042846,0.148148,0.028573,0.391204,0.037764,0.407407,0.042806,0.4375,0.049394,0.236111,0.04175,0.287037,0.039421,0.085648,0.028891,0.171296,0.035959,0.0,0.0,0.326898,0.048148,72
0.48,generic_scaling_law_extrapolator,4,0.412037,0.050453,0.266204,0.041201,0.321759,0.043019,0.125,0.029433,0.212963,0.042968,0.273148,0.042026,0.201389,0.037641,0.236111,0.051184,0.141204,0.03273,0.384259,0.039111,0.372685,0.042612,0.400463,0.043661,0.259259,0.041819,0.277778,0.038768,0.094907,0.02877,0.171296,0.038753,0.0,0.0,0.375764,0.050413,72
0.48,generic_scaling_law_extrapolator,5,0.365741,0.043651,0.298611,0.043314,0.282407,0.042684,0.152778,0.032788,0.231481,0.040121,0.259259,0.04377,0.162037,0.033557,0.19213,0.03273,0.168981,0.037948,0.414352,0.049205,0.43287,0.044607,0.446759,0.040261,0.25463,0.035959,0.25,0.040865,0.069444,0.027222,0.159722,0.036228,0.0,0.0,0.32515,0.046034,72
0.48,generic_scaling_law_extrapolator,6,0.398148,0.045485,0.270833,0.043072,0.310185,0.041527,0.141204,0.034591,0.201389,0.03927,0.266204,0.04318,0.19213,0.040175,0.222222,0.039831,0.159722,0.033223,0.425926,0.048735,0.372685,0.046366,0.428241,0.04374,0.243056,0.042829,0.229167,0.044969,0.083333,0.026641,0.127315,0.030644,0.0,0.0,0.356447,0.043881,72
0.48,generic_scaling_law_extrapolator,7,0.368056,0.04566,0.263889,0.038633,0.310185,0.04252,0.136574,0.031207,0.189815,0.040509,0.240741,0.038708,0.19213,0.046888,0.224537,0.040434,0.136574,0.028405,0.395833,0.045888,0.365741,0.042684,0.412037,0.046581,0.236111,0.039699,0.280093,0.038131,0.069444,0.025643,0.148148,0.03136,0.0,0.0,0.332454,0.044839,72
0.48,generic_scaling_law_extrapolator,8,0.358796,0.054697,0.303241,0.043501,0.296296,0.04579,0.12963,0.0318,0.171296,0.034779,0.289352,0.04614,0.175926,0.038165,0.201389,0.038192,0.150463,0.03241,0.381944,0.048969,0.377315,0.053669,0.453704,0.042968,0.31713,0.049698,0.25463,0.045676,0.115741,0.032073,0.141204,0.03273,0.0,0.0,0.333796,0.052621,72
0.48,generic_scaling_law_extrapolator,9,0.402778,0.044649,0.238426,0.034691,0.319444,0.046928,0.127315,0.02925,0.24537,0.039816,0.282407,0.044126,0.180556,0.03917,0.206019,0.038494,0.171296,0.033557,0.377315,0.049205,0.37963,0.041985,0.435185,0.047285,0.280093,0.039739,0.268519,0.040121,0.094907,0.029487,0.125,0.032145,0.0,0.0,0.360058,0.04525,72
0.48,large_behavior_clone,0,0.347222,0.046481,0.203704,0.035521,0.349537,0.04484,0.18287,0.035484,0.19213,0.036926,0.268519,0.04215,0.222222,0.041373,0.25463,0.038753,0.150463,0.031759,0.407407,0.048304,0.331019,0.044057,0.462963,0.051376,0.231481,0.042643,0.252315,0.041871,0.108796,0.031095,0.171296,0.033557,0.0,0.0,0.291308,0.048084,72
0.48,large_behavior_clone,1,0.328704,0.049197,0.201389,0.03927,0.340278,0.045431,0.164352,0.031318,0.212963,0.034326,0.236111,0.039699,0.219907,0.042284,0.206019,0.03626,0.141204,0.032086,0.351852,0.041652,0.37963,0.042968,0.493056,0.044969,0.226852,0.03999,0.296296,0.047579,0.111111,0.028164,0.171296,0.035959,0.0,0.0,0.271227,0.046914,72
0.48,large_behavior_clone,2,0.356481,0.043968,0.215278,0.040577,0.31713,0.04484,0.152778,0.032788,0.212963,0.040979,0.222222,0.041874,0.168981,0.033879,0.194444,0.035975,0.168981,0.03568,0.372685,0.046814,0.402778,0.045574,0.421296,0.046581,0.226852,0.037845,0.25463,0.037661,0.113426,0.027281,0.141204,0.033982,0.0,0.0,0.306956,0.047236,72
0.48,large_behavior_clone,3,0.354167,0.047454,0.201389,0.037083,0.337963,0.046131,0.175926,0.036487,0.210648,0.036547,0.236111,0.04175,0.203704,0.036678,0.233796,0.049487,0.152778,0.034645,0.395833,0.042092,0.356481,0.041527,0.449074,0.04068,0.25,0.039831,0.282407,0.042192,0.078704,0.025823,0.157407,0.031581,0.0,0.0,0.301412,0.046507,72
0.48,large_behavior_clone,4,0.342593,0.046544,0.208333,0.038633,0.347222,0.04781,0.134259,0.036914,0.217593,0.044126,0.231481,0.040121,0.1875,0.037083,0.275463,0.045762,0.150463,0.037764,0.340278,0.049394,0.384259,0.046432,0.407407,0.044245,0.261574,0.036452,0.305556,0.046143,0.083333,0.027413,0.152778,0.032145,0.0,0.0,0.302662,0.045108,72
0.48,large_behavior_clone,5,0.342593,0.042315,0.222222,0.040865,0.363426,0.052622,0.127315,0.031978,0.217593,0.042192,0.226852,0.037845,0.189815,0.038392,0.252315,0.041871,0.18287,0.029011,0.375,0.041247,0.381944,0.046789,0.439815,0.043008,0.201389,0.043793,0.275463,0.038854,0.111111,0.02961,0.122685,0.032302,0.0,0.0,0.289988,0.042499,72
0.48,large_behavior_clone,6,0.331019,0.048565,0.25,0.044297,0.30787,0.041704,0.145833,0.035939,0.212963,0.035521,0.236111,0.038089,0.215278,0.039003,0.219907,0.034084,0.168981,0.033879,0.342593,0.042806,0.319444,0.042247,0.421296,0.047907,0.261574,0.039211,0.263889,0.042738,0.087963,0.025823,0.155093,0.03053,0.0,0.0,0.291505,0.047223,72
0.48,large_behavior_clone,7,0.372685,0.048133,0.226852,0.041527,0.340278,0.048109,0.159722,0.033223,0.178241,0.037856,0.219907,0.039739,0.206019,0.040088,0.208333,0.037537,0.145833,0.034758,0.342593,0.039244,0.386574,0.047405,0.428241,0.049135,0.222222,0.037118,0.273148,0.03999,0.12037,0.026814,0.092593,0.02408,0.0,0.0,0.325613,0.046885,72
0.48,large_behavior_clone,8,0.398148,0.04313,0.185185,0.037982,0.368056,0.048325,0.166667,0.030306,0.222222,0.039303,0.229167,0.043072,0.224537,0.039914,0.226852,0.038392,0.12963,0.03245,0.395833,0.047673,0.393519,0.04252,0.428241,0.046516,0.208333,0.038633,0.256944,0.040319,0.104167,0.029917,0.150463,0.031759,0.0,0.0,0.334699,0.040673,72
0.48,large_behavior_clone,9,0.344907,0.040001,0.208333,0.033418,0.310185,0.037289,0.134259,0.031415,0.233796,0.044136,0.203704,0.039421,0.215278,0.039003,0.199074,0.035177,0.150463,0.03241,0.405093,0.051215,0.386574,0.049977,0.421296,0.050453,0.217593,0.039111,0.219907,0.038131,0.083333,0.025025,0.145833,0.030945,0.0,0.0,0.287234,0.0401,72
0.48,oracle_exception_selector,0,0.761574,0.03758,0.715278,0.048541,0.164352,0.037394,0.018519,0.012184,0.00463,0.006371,0.648148,0.041652,0.06713,0.027153,0.009259,0.00888,0.150463,0.033673,0.409722,0.039798,0.222222,0.034796,0.291667,0.042247,0.671296,0.045217,0.060185,0.020742,0.018519,0.012184,0.034722,0.018204,0.0,0.0,0.864387,0.030741,72
0.48,oracle_exception_selector,1,0.803241,0.041537,0.710648,0.049628,0.150463,0.031095,0.006944,0.007747,0.00463,0.006371,0.657407,0.04377,0.0625,0.023686,0.002315,0.004537,0.148148,0.032018,0.428241,0.049977,0.157407,0.040294,0.31713,0.037764,0.673611,0.041593,0.074074,0.022279,0.020833,0.012821,0.055556,0.02143,0.0,0.0,0.889028,0.032923,72
0.48,oracle_exception_selector,2,0.770833,0.039003,0.719907,0.042775,0.175926,0.032876,0.00463,0.006371,0.002315,0.004537,0.657407,0.041819,0.069444,0.026444,0.00463,0.006371,0.164352,0.032624,0.405093,0.049558,0.162037,0.032929,0.347222,0.038633,0.719907,0.04374,0.064815,0.020993,0.011574,0.009855,0.027778,0.014448,0.0,0.0,0.870822,0.033027,72
0.48,oracle_exception_selector,3,0.766204,0.037487,0.69213,0.044607,0.1875,0.038735,0.013889,0.010715,0.00463,0.006371,0.648148,0.044558,0.060185,0.023569,0.002315,0.004537,0.185185,0.036296,0.435185,0.047725,0.208333,0.034645,0.310185,0.044908,0.689815,0.042026,0.087963,0.028144,0.009259,0.00888,0.041667,0.017988,0.0,0.0,0.863403,0.030682,72
0.48,oracle_exception_selector,4,0.770833,0.0368,0.696759,0.036737,0.166667,0.039303,0.013889,0.010715,0.0,0.0,0.69213,0.042694,0.048611,0.01985,0.0,0.0,0.178241,0.039476,0.381944,0.042585,0.18287,0.036068,0.305556,0.047481,0.668981,0.046814,0.064815,0.024651,0.009259,0.00888,0.032407,0.017858,0.0,0.0,0.875949,0.030145,72
0.48,oracle_exception_selector,5,0.821759,0.034991,0.662037,0.04877,0.138889,0.034796,0.011574,0.009855,0.002315,0.004537,0.685185,0.039066,0.074074,0.023197,0.002315,0.004537,0.180556,0.032145,0.395833,0.049814,0.155093,0.029839,0.314815,0.040121,0.685185,0.041652,0.046296,0.017364,0.016204,0.011485,0.046296,0.018528,0.0,0.0,0.906632,0.027128,72
0.48,oracle_exception_selector,6,0.775463,0.037207,0.6875,0.042829,0.180556,0.041247,0.018519,0.012184,0.00463,0.006371,0.638889,0.045689,0.050926,0.018991,0.002315,0.004537,0.212963,0.034326,0.381944,0.040059,0.159722,0.038464,0.291667,0.042738,0.68287,0.04484,0.071759,0.023141,0.016204,0.011485,0.034722,0.019317,0.0,0.0,0.871447,0.030067,72
0.48,oracle_exception_selector,7,0.796296,0.039421,0.696759,0.048061,0.178241,0.036164,0.016204,0.011485,0.00463,0.006371,0.680556,0.051993,0.043981,0.020426,0.00463,0.006371,0.178241,0.029839,0.435185,0.043611,0.189815,0.03999,0.261574,0.047843,0.680556,0.043224,0.037037,0.017364,0.018519,0.012184,0.048611,0.021852,0.0,0.0,0.891794,0.032434,72
0.48,oracle_exception_selector,8,0.796296,0.037242,0.731481,0.036867,0.206019,0.036832,0.006944,0.007747,0.002315,0.004537,0.62037,0.046244,0.053241,0.018076,0.002315,0.004537,0.175926,0.040294,0.37963,0.040466,0.168981,0.037394,0.30787,0.042694,0.678241,0.043978,0.06713,0.02299,0.023148,0.013407,0.032407,0.016648,0.0,0.0,0.893461,0.031312,72
0.48,oracle_exception_selector,9,0.784722,0.035057,0.717593,0.04317,0.166667,0.034796,0.013889,0.010715,0.00463,0.006371,0.655093,0.047624,0.06713,0.023881,0.006944,0.007747,0.159722,0.036228,0.405093,0.049135,0.159722,0.030606,0.331019,0.046366,0.703704,0.041485,0.0625,0.020875,0.013889,0.010715,0.037037,0.018528,0.0,0.0,0.891019,0.029021,72
0.48,proposed_embodied_scale_exception_audit_v4,0,0.587963,0.046581,0.604167,0.043554,0.222222,0.037118,0.064815,0.021964,0.053241,0.023141,0.50463,0.041861,0.094907,0.025705,0.053241,0.02222,0.155093,0.034991,0.349537,0.049276,0.229167,0.037363,0.266204,0.047331,0.578704,0.045217,0.122685,0.030302,0.039352,0.016465,0.078704,0.024152,0.0,0.0,0.671215,0.045674,72
0.48,proposed_embodied_scale_exception_audit_v4,1,0.604167,0.041593,0.581019,0.048349,0.194444,0.03539,0.053241,0.02126,0.050926,0.022971,0.516204,0.046216,0.104167,0.031941,0.050926,0.021075,0.143519,0.027645,0.293981,0.047697,0.256944,0.037083,0.236111,0.04175,0.520833,0.047012,0.101852,0.028573,0.039352,0.017687,0.081019,0.026635,0.0,0.0,0.683958,0.042103,72
0.48,proposed_embodied_scale_exception_audit_v4,2,0.576389,0.044267,0.594907,0.047405,0.180556,0.034645,0.053241,0.020254,0.046296,0.020658,0.571759,0.048708,0.101852,0.027073,0.048611,0.021852,0.148148,0.032018,0.31713,0.04484,0.266204,0.047331,0.287037,0.041985,0.546296,0.051781,0.097222,0.027979,0.039352,0.01883,0.074074,0.02408,0.0,0.0,0.662639,0.043118,72
0.48,proposed_embodied_scale_exception_audit_v4,3,0.613426,0.040261,0.592593,0.040294,0.217593,0.042684,0.053241,0.019196,0.055556,0.022383,0.546296,0.048448,0.094907,0.02488,0.053241,0.023141,0.166667,0.038768,0.333333,0.047481,0.238426,0.038675,0.261574,0.044215,0.55787,0.049276,0.12963,0.029056,0.025463,0.013948,0.092593,0.030913,0.0,0.0,0.695336,0.040054,72
0.48,proposed_embodied_scale_exception_audit_v4,4,0.636574,0.046291,0.534722,0.041843,0.196759,0.042531,0.06713,0.023881,0.025463,0.015372,0.520833,0.043314,0.094907,0.023141,0.055556,0.020433,0.175926,0.040294,0.25463,0.040337,0.206019,0.04212,0.277778,0.040865,0.583333,0.044766,0.108796,0.031759,0.023148,0.013407,0.069444,0.026444,0.0,0.0,0.714109,0.042745,72
0.48,proposed_embodied_scale_exception_audit_v4,5,0.590278,0.047454,0.599537,0.044607,0.217593,0.038028,0.055556,0.019384,0.060185,0.020742,0.546296,0.042968,0.106481,0.02839,0.083333,0.026641,0.166667,0.03539,0.305556,0.048352,0.236111,0.039699,0.240741,0.045638,0.553241,0.048277,0.113426,0.033466,0.039352,0.017687,0.076389,0.025795,0.0,0.0,0.673206,0.04487,72
0.48,proposed_embodied_scale_exception_audit_v4,6,0.597222,0.046481,0.585648,0.047036,0.199074,0.040164,0.048611,0.01985,0.046296,0.022589,0.534722,0.049182,0.125,0.03583,0.053241,0.020254,0.173611,0.032588,0.319444,0.03583,0.268519,0.04313,0.321759,0.04052,0.543981,0.04614,0.078704,0.023272,0.048611,0.018769,0.071759,0.024026,0.0,0.0,0.673576,0.046982,72
0.48,proposed_embodied_scale_exception_audit_v4,7,0.611111,0.047481,0.611111,0.047481,0.180556,0.032788,0.078704,0.025002,0.037037,0.016117,0.502315,0.045913,0.092593,0.03023,0.064815,0.021964,0.19213,0.03273,0.3125,0.046566,0.210648,0.037114,0.298611,0.043314,0.5625,0.044031,0.083333,0.022383,0.039352,0.017687,0.083333,0.02961,0.0,0.0,0.683495,0.047154,72
0.48,proposed_embodied_scale_exception_audit_v4,8,0.599537,0.045533,0.576389,0.043314,0.236111,0.042247,0.05787,0.023439,0.06713,0.022063,0.50463,0.043331,0.106481,0.031855,0.048611,0.018769,0.157407,0.037614,0.314815,0.048592,0.231481,0.036867,0.289352,0.044762,0.564815,0.049019,0.118056,0.02921,0.048611,0.022787,0.06713,0.020082,0.0,0.0,0.67728,0.045898,72
0.48,proposed_embodied_scale_exception_audit_v4,9,0.604167,0.048109,0.613426,0.042284,0.201389,0.035353,0.074074,0.028816,0.05787,0.021585,0.564815,0.045942,0.099537,0.027153,0.048611,0.020875,0.166667,0.034796,0.298611,0.045201,0.222222,0.037676,0.231481,0.042643,0.555556,0.047039,0.101852,0.029999,0.041667,0.020176,0.083333,0.027413,0.0,0.0,0.685069,0.046057,72
0.58,boundary_aware_scale_exception_audit_v5,0,0.650463,0.045303,0.62963,0.043451,0.18287,0.036068,0.039352,0.01883,0.020833,0.014357,0.604167,0.044031,0.06713,0.026373,0.018519,0.012184,0.194444,0.03539,0.314815,0.039597,0.157407,0.034122,0.212963,0.042968,0.650463,0.040947,0.094907,0.02488,0.018519,0.013791,0.069444,0.022148,0.0,0.0,0.758981,0.042681,72
0.58,boundary_aware_scale_exception_audit_v5,1,0.696759,0.042037,0.655093,0.043501,0.180556,0.037537,0.032407,0.016648,0.025463,0.013948,0.599537,0.049487,0.104167,0.028487,0.020833,0.012821,0.180556,0.039699,0.358796,0.048636,0.1875,0.034758,0.243056,0.045201,0.668981,0.046366,0.092593,0.028082,0.037037,0.017364,0.041667,0.019113,0.0,0.0,0.797535,0.037794,72
0.58,boundary_aware_scale_exception_audit_v5,2,0.69213,0.046441,0.655093,0.047184,0.168981,0.03568,0.030093,0.016252,0.032407,0.016648,0.618056,0.048541,0.06713,0.025569,0.030093,0.016252,0.185185,0.037429,0.31713,0.045762,0.1875,0.042829,0.243056,0.035353,0.652778,0.044649,0.090278,0.024973,0.030093,0.016252,0.074074,0.024932,0.0,0.0,0.792975,0.041982,72
0.58,boundary_aware_scale_exception_audit_v5,3,0.648148,0.049019,0.659722,0.048109,0.162037,0.036535,0.039352,0.019908,0.032407,0.015343,0.590278,0.04566,0.0625,0.023686,0.025463,0.015372,0.166667,0.038226,0.256944,0.039798,0.148148,0.033297,0.231481,0.035717,0.62963,0.04579,0.081019,0.025019,0.032407,0.015343,0.043981,0.019377,0.0,0.0,0.749363,0.045391,72
0.58,boundary_aware_scale_exception_audit_v5,4,0.678241,0.046291,0.671296,0.045676,0.164352,0.033879,0.037037,0.016117,0.020833,0.014357,0.599537,0.044136,0.071759,0.02222,0.032407,0.016648,0.175926,0.035911,0.347222,0.051184,0.180556,0.032788,0.263889,0.045114,0.643519,0.041527,0.097222,0.027222,0.023148,0.014883,0.05787,0.018457,0.0,0.0,0.779502,0.042498,72
0.58,boundary_aware_scale_exception_audit_v5,5,0.678241,0.04538,0.685185,0.040638,0.166667,0.038226,0.034722,0.017019,0.037037,0.017364,0.62963,0.048448,0.087963,0.026619,0.032407,0.016648,0.171296,0.032289,0.328704,0.045676,0.199074,0.031415,0.261574,0.042284,0.666667,0.043344,0.081019,0.025019,0.032407,0.016648,0.050926,0.02006,0.0,0.0,0.78434,0.04302,72
0.58,boundary_aware_scale_exception_audit_v5,6,0.680556,0.043224,0.659722,0.047233,0.166667,0.037118,0.041667,0.020176,0.034722,0.017019,0.581019,0.04382,0.085648,0.028159,0.018519,0.012184,0.196759,0.037856,0.331019,0.041621,0.243056,0.038192,0.25,0.038226,0.668981,0.046814,0.083333,0.024176,0.032407,0.016648,0.05787,0.022531,0.0,0.0,0.779271,0.038189,72
0.58,boundary_aware_scale_exception_audit_v5,7,0.675926,0.038165,0.638889,0.047039,0.194444,0.038768,0.050926,0.018991,0.011574,0.009855,0.611111,0.041874,0.085648,0.026635,0.030093,0.014912,0.162037,0.038211,0.319444,0.041247,0.194444,0.034796,0.240741,0.044714,0.601852,0.045485,0.115741,0.030057,0.025463,0.015372,0.064815,0.020993,0.0,0.0,0.775613,0.034455,72
0.58,boundary_aware_scale_exception_audit_v5,8,0.6875,0.040833,0.657407,0.048735,0.196759,0.04052,0.030093,0.014912,0.034722,0.018204,0.601852,0.049443,0.092593,0.026554,0.032407,0.015343,0.208333,0.040222,0.324074,0.042806,0.164352,0.032624,0.236111,0.035243,0.652778,0.044179,0.074074,0.022279,0.046296,0.022589,0.05787,0.021585,0.0,0.0,0.791042,0.038723,72
0.58,boundary_aware_scale_exception_audit_v5,9,0.655093,0.043019,0.618056,0.049394,0.203704,0.037799,0.027778,0.014448,0.027778,0.014448,0.615741,0.054689,0.071759,0.024026,0.030093,0.016252,0.189815,0.037845,0.354167,0.043793,0.189815,0.037289,0.263889,0.04603,0.641204,0.051553,0.097222,0.030819,0.027778,0.014448,0.060185,0.020742,0.0,0.0,0.756308,0.041016,72
0.58,conformal_risk_filter,0,0.474537,0.051553,0.446759,0.045149,0.256944,0.040319,0.106481,0.029824,0.083333,0.025845,0.384259,0.046879,0.143519,0.031193,0.101852,0.027833,0.201389,0.034758,0.231481,0.039597,0.275463,0.039388,0.293981,0.037948,0.430556,0.04603,0.189815,0.036725,0.076389,0.025795,0.134259,0.031415,0.0,0.0,0.504271,0.052535,72
0.58,conformal_risk_filter,1,0.483796,0.040947,0.430556,0.049102,0.243056,0.044737,0.085648,0.02584,0.078704,0.026619,0.423611,0.042339,0.168981,0.031318,0.127315,0.030644,0.231481,0.032018,0.243056,0.036515,0.293981,0.048133,0.256944,0.039798,0.400463,0.052357,0.180556,0.039699,0.060185,0.021726,0.094907,0.030187,0.0,0.0,0.514606,0.041629,72
0.58,conformal_risk_filter,2,0.469907,0.04445,0.428241,0.046962,0.263889,0.038089,0.074074,0.022279,0.085648,0.02584,0.405093,0.044685,0.148148,0.032664,0.090278,0.024122,0.189815,0.040509,0.284722,0.043554,0.256944,0.044737,0.275463,0.04711,0.407407,0.041317,0.141204,0.032086,0.060185,0.021726,0.106481,0.027645,0.0,0.0,0.503843,0.045248,72
0.58,conformal_risk_filter,3,0.444444,0.04523,0.423611,0.044737,0.282407,0.04598,0.074074,0.027329,0.087963,0.025002,0.365741,0.045063,0.157407,0.037055,0.113426,0.028035,0.199074,0.04317,0.303241,0.04538,0.293981,0.043099,0.240741,0.034729,0.465278,0.052068,0.171296,0.033557,0.069444,0.025643,0.101852,0.029295,0.0,0.0,0.481157,0.04707,72
0.58,conformal_risk_filter,4,0.425926,0.044245,0.405093,0.048708,0.277778,0.043823,0.094907,0.03087,0.104167,0.02921,0.393519,0.046281,0.12963,0.033712,0.097222,0.028715,0.180556,0.038089,0.263889,0.040222,0.273148,0.041527,0.224537,0.040434,0.400463,0.046888,0.180556,0.034645,0.085648,0.028891,0.108796,0.03241,0.0,0.0,0.457419,0.045813,72
0.58,conformal_risk_filter,5,0.483796,0.050116,0.414352,0.04659,0.25463,0.046581,0.05787,0.020595,0.087963,0.027392,0.402778,0.042738,0.162037,0.031636,0.12037,0.029766,0.189815,0.03557,0.24537,0.04381,0.25463,0.040851,0.212963,0.040979,0.456019,0.042367,0.152778,0.034645,0.05787,0.020595,0.108796,0.031759,0.0,0.0,0.524676,0.048658,72
0.58,conformal_risk_filter,6,0.449074,0.043651,0.368056,0.05126,0.300926,0.051138,0.083333,0.028164,0.069444,0.022148,0.398148,0.055038,0.138889,0.032947,0.099537,0.029369,0.201389,0.039798,0.266204,0.03804,0.300926,0.044597,0.229167,0.039535,0.446759,0.041788,0.118056,0.030606,0.060185,0.023569,0.12963,0.030459,0.0,0.0,0.483611,0.046344,72
0.58,conformal_risk_filter,7,0.449074,0.044597,0.472222,0.047919,0.270833,0.044969,0.069444,0.023072,0.094907,0.023141,0.400463,0.046441,0.148148,0.038528,0.115741,0.032073,0.194444,0.041874,0.291667,0.048675,0.291667,0.043704,0.252315,0.040862,0.446759,0.051215,0.152778,0.032788,0.074074,0.027329,0.113426,0.03087,0.0,0.0,0.489965,0.046882,72
0.58,conformal_risk_filter,8,0.456019,0.053279,0.465278,0.05126,0.282407,0.046879,0.097222,0.025643,0.094907,0.029487,0.402778,0.045574,0.115741,0.032717,0.090278,0.028118,0.210648,0.035971,0.25,0.04523,0.291667,0.045574,0.215278,0.038464,0.400463,0.049064,0.136574,0.034389,0.046296,0.020658,0.101852,0.030687,0.0,0.0,0.494711,0.055864,72
0.58,conformal_risk_filter,9,0.483796,0.042449,0.4375,0.047673,0.226852,0.039465,0.069444,0.023959,0.071759,0.02488,0.363426,0.047184,0.131944,0.031613,0.113426,0.031539,0.196759,0.042531,0.289352,0.044294,0.259259,0.041819,0.296296,0.047138,0.407407,0.044245,0.18287,0.038313,0.076389,0.023241,0.12037,0.0318,0.0,0.0,0.517697,0.043598,72
0.58,generic_scaling_law_extrapolator,0,0.405093,0.050806,0.203704,0.047138,0.328704,0.04381,0.143519,0.032504,0.189815,0.038932,0.238426,0.039739,0.19213,0.037487,0.252315,0.038764,0.141204,0.03273,0.377315,0.042856,0.381944,0.046341,0.400463,0.039652,0.24537,0.038753,0.296296,0.04579,0.12037,0.03245,0.18287,0.035484,0.0,0.0,0.360278,0.050117,72
0.58,generic_scaling_law_extrapolator,1,0.354167,0.050439,0.219907,0.040776,0.351852,0.043611,0.113426,0.031539,0.236111,0.042247,0.256944,0.044737,0.185185,0.037429,0.247685,0.032302,0.150463,0.034288,0.4375,0.050232,0.418981,0.042856,0.44213,0.052556,0.252315,0.043341,0.259259,0.044245,0.087963,0.025823,0.162037,0.033557,0.0,0.0,0.313252,0.048643,72
0.58,generic_scaling_law_extrapolator,2,0.335648,0.041621,0.256944,0.041843,0.326389,0.045888,0.138889,0.033574,0.194444,0.037118,0.268519,0.041652,0.201389,0.042829,0.24537,0.047907,0.178241,0.033777,0.418981,0.054057,0.372685,0.04212,0.465278,0.054036,0.284722,0.037918,0.282407,0.038573,0.092593,0.03023,0.1875,0.037641,0.0,0.0,0.295405,0.044294,72
0.58,generic_scaling_law_extrapolator,3,0.351852,0.046394,0.224537,0.038854,0.305556,0.040351,0.131944,0.032907,0.208333,0.043704,0.280093,0.039211,0.238426,0.040776,0.233796,0.042202,0.178241,0.033153,0.400463,0.045072,0.375,0.048675,0.439815,0.043008,0.25,0.044766,0.289352,0.044294,0.113426,0.03087,0.12963,0.030459,0.0,0.0,0.303113,0.048313,72
0.58,generic_scaling_law_extrapolator,4,0.358796,0.052357,0.240741,0.041317,0.310185,0.040509,0.162037,0.039288,0.194444,0.033574,0.266204,0.042202,0.199074,0.042192,0.201389,0.032266,0.164352,0.03449,0.439815,0.04252,0.409722,0.042339,0.425926,0.052049,0.252315,0.038222,0.259259,0.045178,0.083333,0.026641,0.175926,0.032876,0.0,0.0,0.321343,0.05,72
0.58,generic_scaling_law_extrapolator,5,0.375,0.040737,0.266204,0.03804,0.333333,0.04237,0.122685,0.026635,0.196759,0.034991,0.215278,0.042092,0.201389,0.03927,0.236111,0.042738,0.155093,0.034389,0.349537,0.037764,0.377315,0.044762,0.400463,0.049064,0.275463,0.039914,0.270833,0.040059,0.094907,0.028035,0.164352,0.029955,0.0,0.0,0.335382,0.041391,72
0.58,generic_scaling_law_extrapolator,6,0.328704,0.045676,0.236111,0.038089,0.3125,0.043793,0.125,0.031489,0.25,0.039831,0.289352,0.040348,0.178241,0.037856,0.185185,0.035717,0.141204,0.032086,0.409722,0.044267,0.407407,0.041317,0.453704,0.041485,0.296296,0.042479,0.268519,0.04816,0.122685,0.03357,0.143519,0.031193,0.0,0.0,0.292222,0.04486,72
0.58,generic_scaling_law_extrapolator,7,0.361111,0.049208,0.270833,0.041088,0.37037,0.039947,0.136574,0.036737,0.231481,0.036296,0.263889,0.037537,0.185185,0.032664,0.25,0.048352,0.164352,0.036832,0.402778,0.04781,0.388889,0.047919,0.44213,0.048851,0.252315,0.040348,0.263889,0.038633,0.090278,0.026592,0.138889,0.030988,0.0,0.0,0.320255,0.048493,72
0.58,generic_scaling_law_extrapolator,8,0.37963,0.044401,0.229167,0.035057,0.349537,0.041954,0.18287,0.042938,0.229167,0.041088,0.270833,0.037363,0.217593,0.035177,0.210648,0.042856,0.164352,0.040088,0.412037,0.051274,0.388889,0.043823,0.469907,0.042531,0.233796,0.042202,0.252315,0.040348,0.127315,0.033258,0.122685,0.029605,0.0,0.0,0.321111,0.044774,72
0.58,generic_scaling_law_extrapolator,9,0.377315,0.041871,0.25,0.046594,0.310185,0.048484,0.131944,0.035939,0.236111,0.042247,0.261574,0.041285,0.196759,0.038944,0.210648,0.037672,0.115741,0.028634,0.37037,0.050142,0.402778,0.046481,0.425926,0.049161,0.233796,0.047331,0.298611,0.046566,0.104167,0.026196,0.168981,0.03626,0.0,0.0,0.335255,0.04229,72
0.58,large_behavior_clone,0,0.321759,0.048061,0.159722,0.035057,0.300926,0.044126,0.185185,0.035717,0.217593,0.038573,0.247685,0.035386,0.219907,0.034691,0.206019,0.039564,0.162037,0.038211,0.386574,0.049558,0.43287,0.045533,0.377315,0.045226,0.233796,0.045533,0.284722,0.038464,0.122685,0.034186,0.134259,0.032717,0.0,0.0,0.264722,0.048696,72
0.58,large_behavior_clone,1,0.314815,0.04816,0.171296,0.033557,0.303241,0.048493,0.162037,0.036535,0.243056,0.041341,0.236111,0.042738,0.24537,0.039288,0.224537,0.041453,0.178241,0.036164,0.37963,0.042968,0.402778,0.04781,0.430556,0.047371,0.210648,0.038764,0.25463,0.041861,0.138889,0.033574,0.171296,0.038211,0.0,0.0,0.251088,0.046907,72
0.58,large_behavior_clone,2,0.337963,0.044284,0.196759,0.034991,0.37963,0.047579,0.164352,0.036832,0.208333,0.042247,0.24537,0.039816,0.199074,0.036914,0.233796,0.040175,0.12963,0.03245,0.321759,0.046291,0.386574,0.04374,0.418981,0.047916,0.222222,0.035975,0.259259,0.038165,0.104167,0.026982,0.155093,0.032517,0.0,0.0,0.291377,0.043393,72
0.58,large_behavior_clone,3,0.331019,0.049838,0.199074,0.036344,0.314815,0.040638,0.166667,0.039831,0.243056,0.044737,0.229167,0.039535,0.203704,0.036104,0.229167,0.035057,0.141204,0.032086,0.384259,0.049899,0.407407,0.045178,0.425926,0.048735,0.203704,0.041985,0.238426,0.044215,0.113426,0.03702,0.131944,0.027366,0.0,0.0,0.274016,0.047356,72
0.58,large_behavior_clone,4,0.310185,0.044908,0.208333,0.036977,0.326389,0.046789,0.196759,0.033153,0.226852,0.043968,0.240741,0.040294,0.219907,0.042775,0.226852,0.038932,0.175926,0.033505,0.351852,0.042643,0.428241,0.046065,0.398148,0.04816,0.231481,0.039597,0.236111,0.036977,0.101852,0.03136,0.138889,0.02961,0.0,0.0,0.25419,0.045284,72
0.58,large_behavior_clone,5,0.310185,0.047615,0.215278,0.037363,0.3125,0.037641,0.189815,0.037289,0.212963,0.041985,0.236111,0.040222,0.224537,0.036642,0.243056,0.043793,0.143519,0.031193,0.347222,0.04175,0.412037,0.05742,0.439815,0.043008,0.208333,0.034645,0.219907,0.03758,0.090278,0.027366,0.159722,0.029917,0.0,0.0,0.253576,0.044097,72
0.58,large_behavior_clone,6,0.335648,0.053083,0.194444,0.040351,0.310185,0.044908,0.136574,0.033777,0.24537,0.041359,0.217593,0.042192,0.247685,0.043341,0.25463,0.041861,0.141204,0.031429,0.384259,0.044126,0.402778,0.045574,0.444444,0.05406,0.215278,0.034456,0.263889,0.038089,0.094907,0.031539,0.148148,0.033297,0.0,0.0,0.278495,0.050522,72
0.58,large_behavior_clone,7,0.342593,0.046093,0.219907,0.038131,0.287037,0.043929,0.125,0.031489,0.238426,0.04374,0.24537,0.041861,0.224537,0.039388,0.233796,0.042694,0.164352,0.033879,0.333333,0.04286,0.388889,0.046143,0.423611,0.042339,0.224537,0.043899,0.291667,0.043224,0.115741,0.027896,0.168981,0.03568,0.0,0.0,0.29463,0.043224,72
0.58,large_behavior_clone,8,0.326389,0.041088,0.178241,0.039476,0.344907,0.043019,0.145833,0.028118,0.215278,0.038464,0.243056,0.038735,0.233796,0.042694,0.226852,0.033764,0.178241,0.033153,0.349537,0.046665,0.421296,0.049619,0.412037,0.04834,0.203704,0.042479,0.261574,0.042775,0.094907,0.028035,0.175926,0.034729,0.0,0.0,0.270127,0.040954,72
0.58,large_behavior_clone,9,0.282407,0.042192,0.178241,0.037301,0.31713,0.043421,0.145833,0.032907,0.208333,0.042738,0.240741,0.039244,0.201389,0.034152,0.256944,0.042339,0.148148,0.034528,0.351852,0.040121,0.407407,0.048304,0.414352,0.050462,0.201389,0.036515,0.296296,0.043451,0.094907,0.029487,0.150463,0.039914,0.0,0.0,0.228646,0.04139,72
0.58,oracle_exception_selector,0,0.805556,0.039831,0.703704,0.037242,0.164352,0.03509,0.018519,0.013791,0.0,0.0,0.641204,0.043661,0.076389,0.030945,0.002315,0.004537,0.171296,0.030287,0.398148,0.050694,0.178241,0.034991,0.314815,0.039597,0.685185,0.045485,0.078704,0.028144,0.018519,0.013791,0.027778,0.015827,0.0,0.0,0.895706,0.032322,72
0.58,oracle_exception_selector,1,0.75,0.040865,0.719907,0.04374,0.162037,0.030969,0.016204,0.011485,0.002315,0.004537,0.666667,0.041874,0.055556,0.018276,0.0,0.0,0.217593,0.035765,0.402778,0.040737,0.155093,0.037301,0.300926,0.04598,0.671296,0.050038,0.039352,0.017687,0.016204,0.013178,0.043981,0.020426,0.0,0.0,0.852847,0.035284,72
0.58,oracle_exception_selector,2,0.782407,0.038573,0.701389,0.040833,0.155093,0.034991,0.018519,0.012184,0.002315,0.004537,0.604167,0.042585,0.076389,0.024973,0.002315,0.004537,0.1875,0.032907,0.416667,0.048782,0.196759,0.04052,0.321759,0.041032,0.706019,0.050668,0.060185,0.022666,0.034722,0.018204,0.046296,0.018528,0.0,0.0,0.877674,0.031866,72
0.58,oracle_exception_selector,3,0.784722,0.038464,0.6875,0.040833,0.1875,0.034758,0.011574,0.009855,0.002315,0.004537,0.68287,0.047551,0.0625,0.021852,0.002315,0.004537,0.196759,0.038944,0.393519,0.043491,0.18287,0.033673,0.277778,0.041373,0.671296,0.050038,0.06713,0.022063,0.016204,0.011485,0.039352,0.016465,0.0,0.0,0.885926,0.031631,72
0.58,oracle_exception_selector,4,0.770833,0.043072,0.712963,0.044401,0.108796,0.028283,0.013889,0.010715,0.006944,0.007747,0.634259,0.042684,0.046296,0.021645,0.002315,0.004537,0.178241,0.032517,0.439815,0.04537,0.162037,0.036535,0.3125,0.043314,0.664352,0.045457,0.071759,0.025705,0.011574,0.009855,0.037037,0.019622,0.0,0.0,0.866458,0.037714,72
0.58,oracle_exception_selector,5,0.777778,0.040351,0.6875,0.040833,0.125,0.032788,0.009259,0.010982,0.002315,0.004537,0.641204,0.044607,0.050926,0.017858,0.00463,0.006371,0.212963,0.043929,0.361111,0.047039,0.162037,0.036535,0.319444,0.046481,0.666667,0.05406,0.053241,0.019196,0.013889,0.010715,0.060185,0.024439,0.0,0.0,0.873542,0.031956,72
0.58,oracle_exception_selector,6,0.798611,0.03927,0.68287,0.039388,0.150463,0.035484,0.025463,0.015372,0.0,0.0,0.631944,0.049182,0.0625,0.021852,0.00463,0.006371,0.19213,0.037487,0.405093,0.047405,0.212963,0.036678,0.293981,0.042612,0.662037,0.042356,0.048611,0.018769,0.006944,0.007747,0.043981,0.017087,0.0,0.0,0.884722,0.031121,72
0.58,oracle_exception_selector,7,0.803241,0.037301,0.715278,0.043072,0.171296,0.030969,0.016204,0.011485,0.002315,0.004537,0.659722,0.046341,0.048611,0.020875,0.002315,0.004537,0.171296,0.034173,0.398148,0.048592,0.210648,0.040862,0.31713,0.044372,0.706019,0.046814,0.076389,0.024122,0.016204,0.013178,0.05787,0.022531,0.0,0.0,0.897824,0.030439,72
0.58,oracle_exception_selector,8,0.796296,0.033087,0.706019,0.044529,0.199074,0.042192,0.025463,0.013948,0.0,0.0,0.611111,0.044297,0.083333,0.026641,0.00463,0.006371,0.222222,0.04286,0.400463,0.03804,0.145833,0.030945,0.293981,0.04212,0.685185,0.044087,0.069444,0.025643,0.011574,0.014912,0.043981,0.022376,0.0,0.0,0.887743,0.02722,72
0.58,oracle_exception_selector,9,0.775463,0.044372,0.680556,0.044179,0.18287,0.035484,0.006944,0.007747,0.006944,0.007747,0.694444,0.040865,0.055556,0.023297,0.002315,0.004537,0.159722,0.0368,0.439815,0.050591,0.18287,0.037764,0.275463,0.039914,0.662037,0.050038,0.06713,0.021096,0.011574,0.011784,0.037037,0.018528,0.0,0.0,0.869259,0.036718,72
0.58,proposed_embodied_scale_exception_audit_v4,0,0.585648,0.047916,0.534722,0.044267,0.19213,0.041704,0.055556,0.024176,0.05787,0.023439,0.516204,0.049698,0.115741,0.036344,0.074074,0.02408,0.159722,0.034456,0.326389,0.048109,0.256944,0.041843,0.282407,0.035177,0.555556,0.051691,0.125,0.032788,0.043981,0.019377,0.078704,0.025002,0.0,0.0,0.655937,0.047037,72
0.58,proposed_embodied_scale_exception_audit_v4,1,0.606481,0.048052,0.564815,0.042643,0.236111,0.042738,0.050926,0.02006,0.053241,0.023141,0.550926,0.048627,0.108796,0.03241,0.05787,0.022531,0.185185,0.035127,0.277778,0.043344,0.25463,0.044284,0.247685,0.040348,0.534722,0.047454,0.106481,0.031193,0.043981,0.018268,0.078704,0.025823,0.0,0.0,0.685035,0.045537,72
0.58,proposed_embodied_scale_exception_audit_v4,2,0.590278,0.04566,0.550926,0.051948,0.212963,0.039947,0.048611,0.021852,0.081019,0.02584,0.520833,0.050023,0.078704,0.028144,0.043981,0.018268,0.189815,0.038392,0.319444,0.045574,0.261574,0.03758,0.229167,0.037363,0.532407,0.049899,0.097222,0.026444,0.037037,0.017364,0.064815,0.022895,0.0,0.0,0.6689,0.047143,72
0.58,proposed_embodied_scale_exception_audit_v4,3,0.581019,0.053669,0.581019,0.04659,0.215278,0.042585,0.046296,0.019622,0.037037,0.017364,0.534722,0.047892,0.12037,0.030459,0.071759,0.02222,0.203704,0.040466,0.31713,0.04484,0.229167,0.039535,0.287037,0.038888,0.555556,0.041874,0.115741,0.033349,0.037037,0.018528,0.078704,0.022357,0.0,0.0,0.658785,0.05367,72
0.58,proposed_embodied_scale_exception_audit_v4,4,0.601852,0.046394,0.571759,0.048277,0.243056,0.036515,0.048611,0.01985,0.060185,0.026879,0.506944,0.048541,0.090278,0.028851,0.05787,0.020595,0.173611,0.033223,0.303241,0.046291,0.219907,0.03758,0.261574,0.034084,0.518519,0.049864,0.081019,0.028891,0.027778,0.014448,0.078704,0.027392,0.0,0.0,0.674641,0.044709,72
0.58,proposed_embodied_scale_exception_audit_v4,5,0.546296,0.048877,0.553241,0.04326,0.25,0.04286,0.076389,0.024122,0.050926,0.018991,0.5625,0.045431,0.127315,0.033879,0.050926,0.023862,0.175926,0.039244,0.351852,0.049864,0.210648,0.041369,0.231481,0.044087,0.560185,0.043008,0.083333,0.022383,0.030093,0.016252,0.111111,0.030306,0.0,0.0,0.623981,0.047331,72
0.58,proposed_embodied_scale_exception_audit_v4,6,0.608796,0.042449,0.581019,0.047036,0.217593,0.04119,0.0625,0.023686,0.053241,0.019196,0.574074,0.04377,0.097222,0.027222,0.046296,0.018528,0.210648,0.032942,0.314815,0.044558,0.217593,0.038573,0.284722,0.046341,0.541667,0.047371,0.101852,0.03136,0.037037,0.017364,0.083333,0.025025,0.0,0.0,0.688449,0.043795,72
0.58,proposed_embodied_scale_exception_audit_v4,7,0.583333,0.045689,0.592593,0.042806,0.222222,0.036551,0.034722,0.017019,0.060185,0.021726,0.553241,0.050806,0.094907,0.025705,0.050926,0.021075,0.178241,0.038404,0.324074,0.044245,0.25463,0.042356,0.236111,0.040737,0.546296,0.048448,0.131944,0.030263,0.043981,0.019377,0.081019,0.02417,0.0,0.0,0.667419,0.043959,72
0.58,proposed_embodied_scale_exception_audit_v4,8,0.555556,0.049208,0.613426,0.047405,0.217593,0.04317,0.05787,0.020595,0.064815,0.021964,0.506944,0.046789,0.118056,0.031941,0.053241,0.023141,0.178241,0.036737,0.342593,0.040294,0.25,0.040865,0.284722,0.048109,0.541667,0.048675,0.083333,0.026641,0.050926,0.018991,0.074074,0.023197,0.0,0.0,0.632442,0.048329,72
0.58,proposed_embodied_scale_exception_audit_v4,9,0.574074,0.046544,0.583333,0.044297,0.201389,0.03927,0.069444,0.024815,0.048611,0.017621,0.532407,0.048196,0.101852,0.027073,0.06713,0.026373,0.19213,0.036926,0.319444,0.044649,0.229167,0.038464,0.231481,0.044087,0.550926,0.049899,0.141204,0.033982,0.034722,0.017019,0.099537,0.028649,0.0,0.0,0.653484,0.045468,72
0.68,boundary_aware_scale_exception_audit_v5,0,0.668981,0.043099,0.666667,0.041373,0.180556,0.036977,0.037037,0.018528,0.025463,0.015372,0.618056,0.042092,0.087963,0.027392,0.027778,0.015827,0.210648,0.037114,0.310185,0.041021,0.215278,0.039535,0.238426,0.04326,0.641204,0.035777,0.085648,0.02417,0.034722,0.017019,0.05787,0.019555,0.0,0.0,0.770093,0.038585,72
0.68,boundary_aware_scale_exception_audit_v5,1,0.662037,0.042846,0.62037,0.04579,0.185185,0.037429,0.023148,0.014883,0.032407,0.016648,0.585648,0.04659,0.090278,0.028851,0.027778,0.015827,0.185185,0.039066,0.326389,0.047673,0.201389,0.035939,0.229167,0.035057,0.618056,0.048541,0.081019,0.02417,0.027778,0.015827,0.069444,0.022148,0.0,0.0,0.762674,0.042171,72
0.68,boundary_aware_scale_exception_audit_v5,2,0.659722,0.048109,0.636574,0.04538,0.1875,0.034152,0.034722,0.017019,0.034722,0.015744,0.659722,0.051463,0.071759,0.02488,0.018519,0.012184,0.180556,0.029433,0.349537,0.047551,0.178241,0.032517,0.247685,0.039299,0.625,0.044179,0.101852,0.029295,0.027778,0.015827,0.064815,0.023789,0.0,0.0,0.762199,0.046162,72
0.68,boundary_aware_scale_exception_audit_v5,3,0.645833,0.046115,0.652778,0.051184,0.229167,0.037918,0.032407,0.016648,0.025463,0.015372,0.604167,0.044503,0.101852,0.032018,0.018519,0.012184,0.185185,0.038528,0.324074,0.040294,0.196759,0.039476,0.261574,0.039739,0.625,0.047371,0.078704,0.027392,0.034722,0.015744,0.076389,0.023241,0.0,0.0,0.741863,0.042724,72
0.68,boundary_aware_scale_exception_audit_v5,4,0.685185,0.041652,0.611111,0.043344,0.194444,0.036551,0.046296,0.020658,0.030093,0.014912,0.564815,0.046842,0.078704,0.023272,0.043981,0.020426,0.1875,0.036515,0.344907,0.043978,0.210648,0.037672,0.252315,0.040862,0.636574,0.04445,0.108796,0.027535,0.041667,0.019113,0.076389,0.024122,0.0,0.0,0.779282,0.039832,72
0.68,boundary_aware_scale_exception_audit_v5,5,0.648148,0.04816,0.634259,0.050315,0.229167,0.042092,0.043981,0.017087,0.027778,0.015827,0.576389,0.054803,0.076389,0.024973,0.034722,0.015744,0.194444,0.037676,0.340278,0.043072,0.203704,0.038347,0.238426,0.036452,0.664352,0.041116,0.0625,0.023686,0.023148,0.013407,0.078704,0.028144,0.0,0.0,0.745914,0.046603,72
0.68,boundary_aware_scale_exception_audit_v5,6,0.69213,0.045533,0.680556,0.040222,0.196759,0.038404,0.043981,0.017087,0.025463,0.017883,0.638889,0.045689,0.06713,0.02299,0.032407,0.017858,0.175926,0.038165,0.333333,0.044766,0.159722,0.033223,0.259259,0.044714,0.585648,0.045686,0.108796,0.027535,0.018519,0.012184,0.055556,0.02143,0.0,0.0,0.790718,0.04102,72
0.68,boundary_aware_scale_exception_audit_v5,7,0.678241,0.041032,0.641204,0.042694,0.152778,0.031489,0.041667,0.019113,0.025463,0.015372,0.604167,0.051056,0.074074,0.025756,0.025463,0.016674,0.196759,0.040001,0.261574,0.040776,0.155093,0.034389,0.236111,0.034037,0.634259,0.050728,0.090278,0.026592,0.016204,0.011485,0.081019,0.023291,0.0,0.0,0.779248,0.039568,72
0.68,boundary_aware_scale_exception_audit_v5,8,0.652778,0.04781,0.615741,0.056195,0.178241,0.032517,0.041667,0.016787,0.037037,0.016117,0.634259,0.040164,0.060185,0.021726,0.043981,0.018268,0.219907,0.042284,0.331019,0.040605,0.185185,0.039597,0.203704,0.036678,0.578704,0.047027,0.083333,0.030306,0.032407,0.017858,0.041667,0.020176,0.0,0.0,0.749664,0.044096,72
0.68,boundary_aware_scale_exception_audit_v5,9,0.638889,0.045689,0.631944,0.048755,0.166667,0.032947,0.030093,0.016252,0.027778,0.015827,0.599537,0.042202,0.076389,0.024122,0.030093,0.016252,0.236111,0.03583,0.300926,0.036914,0.210648,0.039827,0.219907,0.031539,0.615741,0.042192,0.099537,0.026373,0.023148,0.013407,0.074074,0.024932,0.0,0.0,0.740752,0.044123,72
0.68,conformal_risk_filter,0,0.458333,0.042738,0.407407,0.056657,0.300926,0.043651,0.071759,0.02126,0.087963,0.027392,0.407407,0.041317,0.131944,0.031613,0.113426,0.03087,0.1875,0.041843,0.266204,0.047331,0.298611,0.038192,0.233796,0.040691,0.414352,0.04382,0.212963,0.039947,0.087963,0.030287,0.145833,0.033535,0.0,0.0,0.496366,0.046659,72
0.68,conformal_risk_filter,1,0.44213,0.04484,0.44213,0.04484,0.298611,0.04566,0.074074,0.023197,0.083333,0.02961,0.402778,0.044179,0.141204,0.031429,0.113426,0.029487,0.208333,0.046928,0.261574,0.041788,0.310185,0.034376,0.24537,0.040337,0.388889,0.046143,0.201389,0.038735,0.06713,0.025569,0.115741,0.027896,0.0,0.0,0.478889,0.045917,72
0.68,conformal_risk_filter,2,0.444444,0.049208,0.391204,0.04711,0.25,0.041874,0.05787,0.023439,0.090278,0.026592,0.439815,0.044441,0.155093,0.033153,0.108796,0.029722,0.203704,0.034929,0.256944,0.036515,0.289352,0.040862,0.25,0.040351,0.416667,0.047481,0.217593,0.036914,0.094907,0.028035,0.127315,0.031318,0.0,0.0,0.479988,0.050405,72
0.68,conformal_risk_filter,3,0.449074,0.048627,0.409722,0.042339,0.270833,0.047233,0.087963,0.028876,0.087963,0.030287,0.363426,0.043501,0.150463,0.027535,0.115741,0.032717,0.201389,0.038192,0.275463,0.041954,0.298611,0.043314,0.25,0.043344,0.363426,0.051011,0.1875,0.035939,0.050926,0.022043,0.118056,0.029917,0.0,0.0,0.47397,0.051517,72
0.68,conformal_risk_filter,4,0.462963,0.048015,0.423611,0.045201,0.305556,0.039303,0.081019,0.027408,0.078704,0.02959,0.372685,0.043581,0.127315,0.029955,0.094907,0.024026,0.18287,0.036068,0.25463,0.045217,0.263889,0.046481,0.268519,0.041148,0.4375,0.051056,0.150463,0.029722,0.064815,0.020993,0.081019,0.02584,0.0,0.0,0.499317,0.047815,72
0.68,conformal_risk_filter,5,0.423611,0.048755,0.388889,0.049631,0.25,0.044297,0.083333,0.027413,0.085648,0.027408,0.435185,0.045485,0.125,0.027222,0.131944,0.032907,0.173611,0.042092,0.303241,0.040001,0.273148,0.04252,0.261574,0.039211,0.439815,0.047175,0.164352,0.032624,0.083333,0.025025,0.118056,0.030606,0.0,0.0,0.460046,0.04839,72
0.68,conformal_risk_filter,6,0.460648,0.048565,0.425926,0.045178,0.268519,0.044558,0.097222,0.024815,0.113426,0.029487,0.395833,0.051056,0.141204,0.035777,0.087963,0.028876,0.168981,0.039564,0.256944,0.040319,0.273148,0.046281,0.266204,0.042694,0.446759,0.044215,0.203704,0.038888,0.053241,0.02222,0.111111,0.031654,0.0,0.0,0.492662,0.048987,72
0.68,conformal_risk_filter,7,0.446759,0.047843,0.405093,0.047405,0.287037,0.045332,0.099537,0.028649,0.101852,0.028573,0.365741,0.037475,0.166667,0.03539,0.12963,0.0318,0.196759,0.036737,0.256944,0.048325,0.236111,0.038633,0.240741,0.036487,0.423611,0.049604,0.210648,0.038222,0.069444,0.026444,0.101852,0.029295,0.0,0.0,0.471076,0.046228,72
0.68,conformal_risk_filter,8,0.418981,0.053279,0.412037,0.045217,0.282407,0.042192,0.076389,0.026592,0.094907,0.028035,0.402778,0.042738,0.159722,0.033845,0.106481,0.029116,0.222222,0.040865,0.243056,0.041341,0.284722,0.041593,0.261574,0.044215,0.409722,0.048325,0.164352,0.03449,0.069444,0.024815,0.101852,0.025484,0.0,0.0,0.446308,0.055501,72
0.68,conformal_risk_filter,9,0.456019,0.050047,0.365741,0.050315,0.282407,0.04119,0.099537,0.027153,0.097222,0.027222,0.358796,0.045533,0.143519,0.031855,0.092593,0.027329,0.201389,0.038192,0.25463,0.039288,0.296296,0.041485,0.280093,0.040776,0.409722,0.045201,0.175926,0.038165,0.050926,0.018991,0.094907,0.02877,0.0,0.0,0.473912,0.050079,72
0.68,generic_scaling_law_extrapolator,0,0.321759,0.0506,0.243056,0.041843,0.31713,0.047988,0.118056,0.029917,0.171296,0.032929,0.259259,0.042806,0.224537,0.041453,0.231481,0.041652,0.168981,0.03626,0.418981,0.04659,0.358796,0.042202,0.423611,0.045201,0.24537,0.039816,0.263889,0.047371,0.12037,0.031137,0.159722,0.035057,0.0,0.0,0.282361,0.051145,72
0.68,generic_scaling_law_extrapolator,1,0.349537,0.047988,0.238426,0.040776,0.351852,0.049443,0.159722,0.033845,0.238426,0.041285,0.287037,0.048015,0.219907,0.03758,0.240741,0.042315,0.145833,0.030263,0.421296,0.042846,0.398148,0.047285,0.414352,0.047916,0.280093,0.042284,0.270833,0.044969,0.104167,0.02921,0.162037,0.034779,0.0,0.0,0.306956,0.048068,72
0.68,generic_scaling_law_extrapolator,2,0.314815,0.050694,0.261574,0.04326,0.347222,0.04781,0.150463,0.033048,0.208333,0.038633,0.273148,0.041021,0.222222,0.036551,0.215278,0.041593,0.159722,0.032588,0.398148,0.045024,0.414352,0.045686,0.4375,0.053453,0.268519,0.035127,0.240741,0.040808,0.085648,0.028159,0.141204,0.031429,0.0,0.0,0.274792,0.05002,72
0.68,generic_scaling_law_extrapolator,3,0.333333,0.051691,0.24537,0.047027,0.305556,0.040351,0.215278,0.041088,0.206019,0.037948,0.30787,0.042202,0.173611,0.040059,0.194444,0.036551,0.185185,0.037982,0.361111,0.044766,0.407407,0.047432,0.451389,0.041593,0.24537,0.039816,0.273148,0.043008,0.101852,0.030687,0.1875,0.033535,0.0,0.0,0.286366,0.049377,72
0.68,generic_scaling_law_extrapolator,4,0.331019,0.046814,0.259259,0.036487,0.335648,0.040605,0.150463,0.033048,0.194444,0.034796,0.293981,0.043099,0.233796,0.046888,0.219907,0.04326,0.141204,0.032086,0.361111,0.039831,0.435185,0.042643,0.375,0.053575,0.208333,0.039699,0.25463,0.045217,0.076389,0.027366,0.159722,0.034456,0.0,0.0,0.295602,0.046091,72
0.68,generic_scaling_law_extrapolator,5,0.337963,0.047469,0.261574,0.040776,0.358796,0.038585,0.141204,0.037487,0.231481,0.044558,0.282407,0.04068,0.217593,0.037475,0.212963,0.038888,0.157407,0.035911,0.337963,0.04381,0.372685,0.044057,0.421296,0.046581,0.231481,0.037429,0.25,0.04286,0.087963,0.030287,0.159722,0.032588,0.0,0.0,0.293218,0.048697,72
0.68,generic_scaling_law_extrapolator,6,0.333333,0.041874,0.240741,0.041317,0.305556,0.046143,0.141204,0.03273,0.212963,0.039947,0.277778,0.04237,0.215278,0.037363,0.233796,0.041704,0.166667,0.032307,0.395833,0.041593,0.400463,0.048205,0.418981,0.047916,0.231481,0.042643,0.261574,0.04374,0.113426,0.028035,0.141204,0.033982,0.0,0.0,0.288553,0.043875,72
0.68,generic_scaling_law_extrapolator,7,0.349537,0.048421,0.282407,0.043651,0.337963,0.045676,0.136574,0.031869,0.208333,0.038633,0.291667,0.040222,0.159722,0.037363,0.217593,0.038028,0.155093,0.034991,0.375,0.044649,0.372685,0.048993,0.446759,0.04326,0.240741,0.040294,0.243056,0.039798,0.081019,0.028159,0.180556,0.034645,0.0,0.0,0.316979,0.048068,72
0.68,generic_scaling_law_extrapolator,8,0.351852,0.050694,0.263889,0.040737,0.289352,0.039827,0.134259,0.030743,0.231481,0.037982,0.256944,0.035353,0.171296,0.035959,0.222222,0.047039,0.145833,0.034152,0.354167,0.046566,0.423611,0.046566,0.451389,0.044969,0.238426,0.041285,0.25463,0.042356,0.104167,0.029917,0.178241,0.034991,0.0,0.0,0.312917,0.050116,72
0.68,generic_scaling_law_extrapolator,9,0.347222,0.042738,0.287037,0.040466,0.333333,0.046143,0.159722,0.034456,0.194444,0.035975,0.263889,0.046481,0.247685,0.05209,0.206019,0.039033,0.127315,0.031978,0.391204,0.051755,0.37037,0.046693,0.44213,0.050116,0.236111,0.043704,0.256944,0.049604,0.076389,0.024973,0.168981,0.040088,0.0,0.0,0.303565,0.044071,72
0.68,large_behavior_clone,0,0.284722,0.044031,0.240741,0.038165,0.342593,0.04787,0.1875,0.035939,0.210648,0.035971,0.217593,0.033969,0.19213,0.037487,0.256944,0.043314,0.150463,0.033673,0.365741,0.042192,0.391204,0.040947,0.435185,0.045942,0.222222,0.040351,0.296296,0.039947,0.104167,0.033223,0.122685,0.032942,0.0,0.0,0.231377,0.042659,72
0.68,large_behavior_clone,1,0.298611,0.045201,0.231481,0.038528,0.365741,0.049055,0.155093,0.032517,0.219907,0.038131,0.210648,0.039299,0.222222,0.040351,0.203704,0.041485,0.155093,0.033777,0.372685,0.045457,0.398148,0.046394,0.43287,0.041704,0.229167,0.037363,0.305556,0.046594,0.145833,0.037641,0.159722,0.037918,0.0,0.0,0.248368,0.044243,72
0.68,large_behavior_clone,2,0.326389,0.053453,0.201389,0.040833,0.324074,0.048304,0.166667,0.032947,0.233796,0.041704,0.219907,0.03758,0.208333,0.044179,0.268519,0.041652,0.138889,0.02961,0.358796,0.044136,0.4375,0.048541,0.465278,0.050439,0.233796,0.041704,0.3125,0.040833,0.104167,0.027744,0.164352,0.03449,0.0,0.0,0.271921,0.0504,72
0.68,large_behavior_clone,3,0.284722,0.044503,0.19213,0.037487,0.361111,0.040865,0.122685,0.035386,0.210648,0.038764,0.201389,0.038735,0.240741,0.04377,0.25463,0.041861,0.138889,0.033574,0.342593,0.045178,0.444444,0.049631,0.469907,0.043501,0.217593,0.035177,0.287037,0.044401,0.099537,0.027911,0.178241,0.039476,0.0,0.0,0.234375,0.043538,72
0.68,large_behavior_clone,4,0.280093,0.045149,0.222222,0.041874,0.349537,0.046665,0.178241,0.038944,0.25,0.043823,0.219907,0.035288,0.243056,0.038192,0.229167,0.047233,0.148148,0.028573,0.358796,0.047331,0.430556,0.047371,0.444444,0.049631,0.199074,0.035177,0.273148,0.042026,0.115741,0.028634,0.185185,0.042643,0.0,0.0,0.216863,0.044839,72
0.68,large_behavior_clone,5,0.289352,0.042856,0.222222,0.039831,0.340278,0.044969,0.164352,0.037394,0.199074,0.035177,0.240741,0.039244,0.238426,0.04374,0.280093,0.04326,0.168981,0.029955,0.363426,0.046291,0.398148,0.041652,0.425926,0.052845,0.194444,0.036551,0.289352,0.040348,0.12963,0.030459,0.178241,0.034991,0.0,0.0,0.23478,0.039751,72
0.68,large_behavior_clone,6,0.310185,0.041021,0.175926,0.037055,0.358796,0.045072,0.180556,0.034645,0.231481,0.040121,0.273148,0.042026,0.236111,0.039699,0.226852,0.034376,0.164352,0.037394,0.388889,0.052889,0.425926,0.046544,0.425926,0.053238,0.185185,0.039066,0.30787,0.044136,0.094907,0.02488,0.19213,0.034591,0.0,0.0,0.24816,0.040468,72
0.68,large_behavior_clone,7,0.335648,0.049417,0.175926,0.034122,0.368056,0.047012,0.145833,0.035939,0.256944,0.040319,0.229167,0.039535,0.25463,0.043331,0.243056,0.041843,0.143519,0.031193,0.347222,0.045574,0.4375,0.042585,0.423611,0.050439,0.194444,0.036551,0.25463,0.040337,0.115741,0.032717,0.199074,0.035177,0.0,0.0,0.276007,0.046987,72
0.68,large_behavior_clone,8,0.25463,0.041359,0.178241,0.034991,0.321759,0.044918,0.171296,0.040337,0.215278,0.039003,0.25463,0.033557,0.173611,0.039003,0.259259,0.038165,0.162037,0.030287,0.358796,0.04777,0.400463,0.048636,0.414352,0.047916,0.208333,0.040222,0.277778,0.035975,0.104167,0.029917,0.1875,0.041341,0.0,0.0,0.209236,0.040048,72
0.68,large_behavior_clone,9,0.252315,0.04382,0.18287,0.037207,0.347222,0.04781,0.206019,0.037948,0.226852,0.038932,0.256944,0.048755,0.219907,0.035874,0.263889,0.042247,0.155093,0.035582,0.372685,0.042612,0.439815,0.04673,0.416667,0.050465,0.240741,0.039244,0.293981,0.04212,0.115741,0.031415,0.178241,0.036164,0.0,0.0,0.200301,0.042381,72
0.68,oracle_exception_selector,0,0.775463,0.037764,0.708333,0.047371,0.175926,0.034122,0.009259,0.00888,0.0,0.0,0.659722,0.046789,0.0625,0.024551,0.0,0.0,0.206019,0.036832,0.423611,0.047454,0.196759,0.037856,0.340278,0.040577,0.689815,0.048052,0.05787,0.023439,0.009259,0.00888,0.053241,0.023141,0.0,0.0,0.874595,0.03453,72
0.68,oracle_exception_selector,1,0.761574,0.041285,0.673611,0.046789,0.152778,0.039699,0.011574,0.009855,0.002315,0.004537,0.62963,0.050557,0.078704,0.028144,0.006944,0.007747,0.189815,0.034978,0.395833,0.051867,0.178241,0.031869,0.326389,0.045431,0.666667,0.045689,0.050926,0.022043,0.006944,0.007747,0.050926,0.02006,0.0,0.0,0.858264,0.03659,72
0.68,oracle_exception_selector,2,0.75463,0.039288,0.685185,0.043611,0.175926,0.038708,0.023148,0.013407,0.002315,0.004537,0.62037,0.048015,0.064815,0.023789,0.006944,0.007747,0.206019,0.044529,0.37963,0.046244,0.159722,0.033223,0.280093,0.039739,0.657407,0.039772,0.06713,0.02299,0.023148,0.014883,0.032407,0.018991,0.0,0.0,0.853912,0.033477,72
0.68,oracle_exception_selector,3,0.770833,0.042092,0.69213,0.042202,0.159722,0.030606,0.009259,0.00888,0.0,0.0,0.680556,0.045114,0.046296,0.019622,0.002315,0.004537,0.203704,0.03245,0.388889,0.047481,0.210648,0.034186,0.337963,0.047027,0.675926,0.041819,0.069444,0.023959,0.020833,0.012821,0.043981,0.018268,0.0,0.0,0.871192,0.034517,72
0.68,oracle_exception_selector,4,0.791667,0.040222,0.668981,0.044995,0.171296,0.033557,0.013889,0.012512,0.002315,0.004537,0.650463,0.04484,0.050926,0.022043,0.006944,0.007747,0.194444,0.034796,0.4375,0.043072,0.159722,0.029917,0.3125,0.046115,0.675926,0.042315,0.055556,0.020433,0.011574,0.009855,0.037037,0.017364,0.0,0.0,0.88235,0.032926,72
0.68,oracle_exception_selector,5,0.768519,0.039597,0.706019,0.044057,0.168981,0.037394,0.020833,0.015744,0.002315,0.004537,0.666667,0.041373,0.05787,0.020595,0.002315,0.004537,0.1875,0.033535,0.381944,0.043554,0.224537,0.041954,0.284722,0.046789,0.608796,0.050116,0.060185,0.01971,0.006944,0.007747,0.064815,0.022895,0.0,0.0,0.868461,0.03394,72
0.68,oracle_exception_selector,6,0.763889,0.042247,0.69213,0.044607,0.145833,0.032907,0.027778,0.015827,0.00463,0.006371,0.643519,0.04673,0.046296,0.019622,0.0,0.0,0.157407,0.03023,0.351852,0.047725,0.208333,0.035243,0.331019,0.043581,0.636574,0.0506,0.050926,0.02006,0.034722,0.018204,0.037037,0.017364,0.0,0.0,0.858808,0.037448,72
0.68,oracle_exception_selector,7,0.766204,0.033362,0.706019,0.033879,0.166667,0.03539,0.013889,0.010715,0.002315,0.004537,0.625,0.046928,0.041667,0.017988,0.002315,0.004537,0.166667,0.032307,0.409722,0.039798,0.189815,0.031855,0.300926,0.045063,0.6875,0.043793,0.06713,0.022063,0.018519,0.012184,0.043981,0.018268,0.0,0.0,0.875556,0.027761,72
0.68,oracle_exception_selector,8,0.747685,0.044294,0.708333,0.045114,0.166667,0.03539,0.018519,0.013791,0.00463,0.006371,0.648148,0.04313,0.071759,0.024026,0.013889,0.012512,0.180556,0.032145,0.416667,0.046594,0.194444,0.030988,0.3125,0.044737,0.648148,0.048592,0.064815,0.023789,0.016204,0.013178,0.039352,0.017687,0.0,0.0,0.839687,0.038282,72
0.68,oracle_exception_selector,9,0.766204,0.039122,0.722222,0.044766,0.150463,0.034288,0.023148,0.013407,0.006944,0.007747,0.638889,0.044766,0.069444,0.026444,0.00463,0.006371,0.217593,0.035177,0.439815,0.047175,0.168981,0.036832,0.310185,0.03999,0.689815,0.044908,0.0625,0.021852,0.009259,0.00888,0.034722,0.017019,0.0,0.0,0.864676,0.032491,72
0.68,proposed_embodied_scale_exception_audit_v4,0,0.56713,0.045989,0.55787,0.045303,0.222222,0.037676,0.092593,0.027329,0.048611,0.01985,0.532407,0.04598,0.111111,0.032947,0.053241,0.02222,0.224537,0.034891,0.333333,0.04286,0.256944,0.03927,0.268519,0.037429,0.523148,0.048913,0.115741,0.026356,0.043981,0.018268,0.104167,0.027744,0.0,0.0,0.632975,0.046459,72
0.68,proposed_embodied_scale_exception_audit_v4,1,0.55787,0.049276,0.532407,0.043651,0.212963,0.029766,0.050926,0.021075,0.050926,0.021075,0.539352,0.043099,0.106481,0.03314,0.037037,0.017364,0.173611,0.036228,0.349537,0.046665,0.240741,0.041819,0.287037,0.039421,0.523148,0.051002,0.12037,0.029056,0.06713,0.024739,0.083333,0.028164,0.0,0.0,0.630231,0.048518,72
0.68,proposed_embodied_scale_exception_audit_v4,2,0.560185,0.037289,0.578704,0.052878,0.231481,0.039066,0.076389,0.027366,0.032407,0.017858,0.527778,0.044297,0.094907,0.02877,0.053241,0.023141,0.155093,0.033153,0.333333,0.040351,0.261574,0.040261,0.275463,0.039914,0.555556,0.043823,0.092593,0.028082,0.046296,0.022589,0.0625,0.021852,0.0,0.0,0.642766,0.039375,72
0.68,proposed_embodied_scale_exception_audit_v4,3,0.604167,0.048541,0.597222,0.044179,0.201389,0.035939,0.055556,0.024176,0.039352,0.017687,0.578704,0.04834,0.104167,0.027744,0.064815,0.022895,0.185185,0.037429,0.284722,0.047233,0.233796,0.039652,0.273148,0.03999,0.541667,0.046928,0.115741,0.030743,0.048611,0.018769,0.0625,0.018769,0.0,0.0,0.687685,0.048853,72
0.68,proposed_embodied_scale_exception_audit_v4,4,0.62037,0.044401,0.5625,0.050646,0.236111,0.04175,0.060185,0.021726,0.053241,0.018076,0.502315,0.04212,0.138889,0.036551,0.069444,0.023072,0.175926,0.039244,0.305556,0.039303,0.252315,0.040862,0.212963,0.037242,0.571759,0.039211,0.090278,0.026592,0.039352,0.019908,0.0625,0.020875,0.0,0.0,0.695995,0.04291,72
0.68,proposed_embodied_scale_exception_audit_v4,5,0.611111,0.043344,0.56713,0.045072,0.201389,0.034152,0.053241,0.02488,0.0625,0.024551,0.537037,0.046693,0.111111,0.027413,0.0625,0.021852,0.152778,0.030819,0.333333,0.041874,0.226852,0.040509,0.266204,0.044136,0.532407,0.050728,0.12963,0.0318,0.046296,0.018528,0.085648,0.027408,0.0,0.0,0.687627,0.041337,72
0.68,proposed_embodied_scale_exception_audit_v4,6,0.606481,0.047615,0.608796,0.046216,0.240741,0.042315,0.053241,0.02126,0.069444,0.024815,0.527778,0.043823,0.099537,0.025569,0.041667,0.019113,0.18287,0.035484,0.337963,0.041359,0.270833,0.044503,0.236111,0.042738,0.548611,0.045431,0.094907,0.030187,0.039352,0.02093,0.050926,0.022043,0.0,0.0,0.688252,0.045934,72
0.68,proposed_embodied_scale_exception_audit_v4,7,0.587963,0.041861,0.578704,0.046581,0.199074,0.042192,0.048611,0.020875,0.0625,0.023686,0.532407,0.057662,0.113426,0.029487,0.039352,0.02093,0.189815,0.036725,0.31713,0.044372,0.231481,0.040121,0.273148,0.03999,0.518519,0.049019,0.125,0.030819,0.055556,0.020433,0.090278,0.022324,0.0,0.0,0.665255,0.041294,72
0.68,proposed_embodied_scale_exception_audit_v4,8,0.5625,0.048541,0.530093,0.046291,0.194444,0.034796,0.053241,0.02222,0.069444,0.023072,0.541667,0.046481,0.097222,0.024815,0.043981,0.021423,0.203704,0.034929,0.337963,0.046581,0.270833,0.0368,0.275463,0.040434,0.518519,0.040638,0.092593,0.028082,0.050926,0.02006,0.094907,0.030187,0.0,0.0,0.632951,0.049243,72
0.68,proposed_embodied_scale_exception_audit_v4,9,0.606481,0.048052,0.601852,0.046842,0.231481,0.041652,0.053241,0.023141,0.050926,0.018991,0.587963,0.049619,0.127315,0.027024,0.055556,0.020433,0.201389,0.03927,0.30787,0.042202,0.277778,0.04523,0.208333,0.037537,0.518519,0.049443,0.104167,0.030606,0.050926,0.021075,0.071759,0.02488,0.0,0.0,0.690544,0.049575,72
0.78,boundary_aware_scale_exception_audit_v5,0,0.680556,0.04603,0.627315,0.04212,0.199074,0.038028,0.043981,0.018268,0.016204,0.013178,0.581019,0.04659,0.092593,0.030913,0.016204,0.011485,0.212963,0.040979,0.321759,0.047184,0.208333,0.039699,0.247685,0.040348,0.608796,0.045303,0.076389,0.025795,0.025463,0.013948,0.074074,0.023197,0.0,0.0,0.768148,0.042088,72
0.78,boundary_aware_scale_exception_audit_v5,1,0.652778,0.045574,0.645833,0.04566,0.19213,0.03804,0.030093,0.014912,0.020833,0.012821,0.622685,0.047478,0.090278,0.026592,0.025463,0.015372,0.189815,0.036725,0.340278,0.039003,0.145833,0.032907,0.229167,0.040577,0.599537,0.051553,0.055556,0.020433,0.037037,0.020658,0.0625,0.020875,0.0,0.0,0.751505,0.043054,72
0.78,boundary_aware_scale_exception_audit_v5,2,0.641204,0.047331,0.622685,0.050462,0.185185,0.039597,0.046296,0.020658,0.023148,0.013407,0.597222,0.051993,0.081019,0.02417,0.027778,0.017095,0.238426,0.045149,0.273148,0.043491,0.215278,0.040577,0.210648,0.042367,0.657407,0.047432,0.064815,0.024651,0.030093,0.014912,0.064815,0.020993,0.0,0.0,0.74022,0.045614,72
0.78,boundary_aware_scale_exception_audit_v5,3,0.680556,0.03583,0.636574,0.047184,0.180556,0.036977,0.032407,0.016648,0.025463,0.013948,0.587963,0.039288,0.060185,0.020742,0.016204,0.011485,0.229167,0.040059,0.319444,0.038089,0.196759,0.040001,0.231481,0.040121,0.615741,0.046432,0.104167,0.029917,0.009259,0.00888,0.05787,0.020595,0.0,0.0,0.779363,0.033893,72
0.78,boundary_aware_scale_exception_audit_v5,4,0.68287,0.046665,0.613426,0.047843,0.178241,0.033777,0.018519,0.013791,0.023148,0.013407,0.631944,0.052864,0.060185,0.023569,0.032407,0.016648,0.19213,0.030758,0.284722,0.041593,0.173611,0.037363,0.25,0.033574,0.638889,0.041874,0.099537,0.030758,0.032407,0.015343,0.06713,0.024739,0.0,0.0,0.781852,0.041314,72
0.78,boundary_aware_scale_exception_audit_v5,5,0.627315,0.048133,0.643519,0.043491,0.1875,0.037641,0.034722,0.017019,0.018519,0.012184,0.611111,0.039303,0.071759,0.02488,0.023148,0.014883,0.217593,0.038028,0.328704,0.044753,0.212963,0.037242,0.215278,0.0368,0.62963,0.048015,0.083333,0.026641,0.034722,0.018204,0.064815,0.024651,0.0,0.0,0.733009,0.046994,72
0.78,boundary_aware_scale_exception_audit_v5,6,0.655093,0.043019,0.657407,0.044245,0.1875,0.036515,0.043981,0.020426,0.048611,0.01985,0.625,0.045574,0.078704,0.022357,0.018519,0.013791,0.189815,0.038932,0.293981,0.051079,0.166667,0.039303,0.261574,0.04326,0.662037,0.047907,0.060185,0.020742,0.023148,0.013407,0.064815,0.025484,0.0,0.0,0.756921,0.039231,72
0.78,boundary_aware_scale_exception_audit_v5,7,0.636574,0.04674,0.638889,0.04523,0.194444,0.036551,0.034722,0.022324,0.018519,0.012184,0.581019,0.038764,0.083333,0.025025,0.020833,0.014357,0.215278,0.041593,0.333333,0.046143,0.173611,0.032588,0.277778,0.044766,0.613426,0.040261,0.074074,0.028082,0.041667,0.020176,0.055556,0.022383,0.0,0.0,0.731632,0.045099,72
0.78,boundary_aware_scale_exception_audit_v5,8,0.631944,0.046115,0.634259,0.049899,0.171296,0.034173,0.048611,0.022787,0.030093,0.016252,0.571759,0.053214,0.081019,0.028159,0.032407,0.015343,0.210648,0.037114,0.280093,0.040776,0.229167,0.037918,0.25463,0.042846,0.645833,0.043793,0.06713,0.022063,0.039352,0.021905,0.076389,0.029566,0.0,0.0,0.730648,0.043818,72
0.78,boundary_aware_scale_exception_audit_v5,9,0.643519,0.052614,0.604167,0.040577,0.222222,0.038768,0.050926,0.018991,0.030093,0.016252,0.608796,0.049276,0.085648,0.028159,0.030093,0.017489,0.189815,0.03314,0.326389,0.041593,0.194444,0.043823,0.236111,0.046481,0.599537,0.038585,0.071759,0.02488,0.037037,0.019622,0.0625,0.021852,0.0,0.0,0.729502,0.049954,72
0.78,conformal_risk_filter,0,0.462963,0.048015,0.405093,0.048277,0.296296,0.044401,0.092593,0.028082,0.092593,0.029531,0.344907,0.053017,0.145833,0.031613,0.108796,0.028283,0.224537,0.036068,0.24537,0.039288,0.303241,0.043019,0.231481,0.042643,0.409722,0.048325,0.178241,0.034991,0.069444,0.026444,0.113426,0.02877,0.0,0.0,0.487824,0.048047,72
0.78,conformal_risk_filter,1,0.453704,0.048877,0.451389,0.047233,0.268519,0.034528,0.083333,0.028896,0.099537,0.028649,0.368056,0.046566,0.145833,0.029566,0.143519,0.038932,0.219907,0.041285,0.263889,0.038089,0.261574,0.041285,0.224537,0.037207,0.421296,0.042356,0.166667,0.033574,0.05787,0.022531,0.141204,0.031429,0.0,0.0,0.488565,0.049971,72
0.78,conformal_risk_filter,2,0.416667,0.045689,0.451389,0.042092,0.293981,0.042612,0.081019,0.02417,0.083333,0.025025,0.416667,0.049208,0.138889,0.030988,0.12037,0.03245,0.217593,0.04119,0.291667,0.040222,0.328704,0.044753,0.284722,0.046341,0.402778,0.043704,0.173611,0.036228,0.064815,0.019973,0.131944,0.030945,0.0,0.0,0.449525,0.046145,72
0.78,conformal_risk_filter,3,0.395833,0.044969,0.416667,0.041874,0.266204,0.045533,0.083333,0.028896,0.097222,0.029433,0.372685,0.048993,0.157407,0.035911,0.12037,0.028329,0.212963,0.037242,0.238426,0.041788,0.3125,0.038192,0.240741,0.037614,0.393519,0.044908,0.173611,0.035057,0.074074,0.027329,0.108796,0.029722,0.0,0.0,0.423102,0.046326,72
0.78,conformal_risk_filter,4,0.428241,0.052423,0.44213,0.050942,0.305556,0.041874,0.106481,0.029116,0.087963,0.028876,0.402778,0.048244,0.136574,0.03053,0.111111,0.028896,0.194444,0.041874,0.247685,0.04382,0.300926,0.042192,0.222222,0.039303,0.37037,0.042968,0.189815,0.042026,0.092593,0.027329,0.118056,0.029917,0.0,0.0,0.460845,0.054961,72
0.78,conformal_risk_filter,5,0.435185,0.04215,0.400463,0.049907,0.293981,0.043099,0.090278,0.030945,0.106481,0.027645,0.439815,0.048484,0.148148,0.035717,0.125,0.030134,0.196759,0.037301,0.268519,0.04313,0.24537,0.041359,0.222222,0.03539,0.405093,0.048708,0.152778,0.032788,0.106481,0.029116,0.136574,0.032517,0.0,0.0,0.467477,0.04265,72
0.78,conformal_risk_filter,6,0.456019,0.054824,0.405093,0.049135,0.284722,0.041593,0.081019,0.028159,0.099537,0.027911,0.381944,0.051463,0.145833,0.035353,0.115741,0.027896,0.217593,0.044597,0.236111,0.03917,0.314815,0.045024,0.247685,0.044294,0.407407,0.044714,0.180556,0.03583,0.092593,0.028082,0.101852,0.029295,0.0,0.0,0.484201,0.056043,72
0.78,conformal_risk_filter,7,0.428241,0.041788,0.444444,0.046594,0.25463,0.041359,0.078704,0.028876,0.099537,0.028649,0.347222,0.04781,0.203704,0.039421,0.078704,0.025823,0.217593,0.036914,0.25463,0.040851,0.289352,0.042367,0.208333,0.03917,0.423611,0.046115,0.18287,0.036642,0.081019,0.028159,0.115741,0.030743,0.0,0.0,0.45662,0.044758,72
0.78,conformal_risk_filter,8,0.446759,0.040261,0.402778,0.049525,0.298611,0.046566,0.099537,0.031429,0.108796,0.030416,0.412037,0.046581,0.138889,0.031654,0.118056,0.033223,0.210648,0.039827,0.261574,0.045149,0.356481,0.041527,0.247685,0.048349,0.402778,0.047371,0.164352,0.03626,0.064815,0.020993,0.12037,0.029766,0.0,0.0,0.473623,0.04322,72
0.78,conformal_risk_filter,9,0.395833,0.045431,0.418981,0.04382,0.284722,0.039003,0.101852,0.02629,0.085648,0.025019,0.407407,0.046093,0.106481,0.026091,0.111111,0.028164,0.247685,0.038222,0.275463,0.044372,0.273148,0.042026,0.296296,0.040979,0.43287,0.049487,0.189815,0.034978,0.069444,0.024815,0.127315,0.031318,0.0,0.0,0.425937,0.047021,72
0.78,generic_scaling_law_extrapolator,0,0.266204,0.045989,0.259259,0.045178,0.328704,0.043331,0.150463,0.036642,0.240741,0.043291,0.238426,0.035288,0.219907,0.035288,0.25463,0.037661,0.196759,0.037856,0.400463,0.040691,0.421296,0.04877,0.453704,0.041985,0.224537,0.035484,0.275463,0.042938,0.092593,0.024932,0.159722,0.035057,0.0,0.0,0.220289,0.044264,72
0.78,generic_scaling_law_extrapolator,1,0.31713,0.04711,0.25,0.040351,0.333333,0.050465,0.159722,0.035647,0.199074,0.035765,0.280093,0.035288,0.217593,0.036914,0.233796,0.037487,0.175926,0.036487,0.398148,0.048592,0.456019,0.049628,0.460648,0.043581,0.224537,0.036068,0.266204,0.048636,0.113426,0.028035,0.155093,0.033777,0.0,0.0,0.268079,0.046433,72
0.78,generic_scaling_law_extrapolator,2,0.324074,0.042806,0.238426,0.03758,0.363426,0.046291,0.189815,0.034978,0.215278,0.039003,0.243056,0.04566,0.203704,0.037242,0.206019,0.03626,0.164352,0.033258,0.377315,0.049628,0.460648,0.046366,0.421296,0.049197,0.25,0.039831,0.252315,0.040862,0.097222,0.028715,0.171296,0.036535,0.0,0.0,0.277303,0.044786,72
0.78,generic_scaling_law_extrapolator,3,0.314815,0.047725,0.231481,0.036296,0.321759,0.042531,0.152778,0.032145,0.210648,0.036547,0.300926,0.045523,0.206019,0.04212,0.236111,0.03917,0.162037,0.035959,0.358796,0.045533,0.384259,0.046432,0.423611,0.042829,0.24537,0.039816,0.256944,0.044737,0.104167,0.032588,0.168981,0.03449,0.0,0.0,0.274086,0.04606,72
0.78,generic_scaling_law_extrapolator,4,0.337963,0.051274,0.259259,0.033505,0.328704,0.045217,0.178241,0.037856,0.203704,0.039947,0.259259,0.035325,0.189815,0.031855,0.224537,0.044372,0.168981,0.030644,0.365741,0.038028,0.414352,0.048779,0.43287,0.051147,0.24537,0.037661,0.305556,0.038226,0.085648,0.025019,0.196759,0.038404,0.0,0.0,0.291019,0.051406,72
0.78,generic_scaling_law_extrapolator,5,0.324074,0.045638,0.196759,0.036737,0.356481,0.048913,0.152778,0.030819,0.210648,0.042856,0.263889,0.038633,0.212963,0.042479,0.226852,0.04252,0.171296,0.034779,0.400463,0.044136,0.407407,0.043291,0.416667,0.052889,0.240741,0.039244,0.282407,0.039111,0.111111,0.032307,0.171296,0.032289,0.0,0.0,0.276053,0.045289,72
0.78,generic_scaling_law_extrapolator,6,0.284722,0.044031,0.280093,0.042775,0.298611,0.044267,0.171296,0.035959,0.215278,0.037918,0.270833,0.044969,0.222222,0.037676,0.222222,0.038226,0.173611,0.0368,0.368056,0.043793,0.428241,0.051621,0.446759,0.050806,0.222222,0.033574,0.25,0.039303,0.12037,0.031137,0.185185,0.041148,0.0,0.0,0.238646,0.042807,72
0.78,generic_scaling_law_extrapolator,7,0.331019,0.048993,0.25,0.038768,0.335648,0.040605,0.226852,0.038932,0.215278,0.039003,0.280093,0.041788,0.243056,0.032907,0.247685,0.039299,0.155093,0.033153,0.37963,0.044401,0.4375,0.045431,0.428241,0.049977,0.256944,0.041341,0.259259,0.041317,0.092593,0.027329,0.173611,0.034456,0.0,0.0,0.280035,0.046923,72
0.78,generic_scaling_law_extrapolator,8,0.335648,0.046366,0.222222,0.047039,0.368056,0.036515,0.127315,0.030644,0.212963,0.038347,0.256944,0.036515,0.25,0.03539,0.233796,0.045072,0.178241,0.036737,0.391204,0.045303,0.418981,0.045686,0.416667,0.045689,0.243056,0.046566,0.275463,0.039388,0.106481,0.029116,0.131944,0.030263,0.0,0.0,0.287928,0.045213,72
0.78,generic_scaling_law_extrapolator,9,0.30787,0.048636,0.261574,0.038675,0.321759,0.037856,0.152778,0.039699,0.208333,0.041247,0.25,0.03419,0.171296,0.026619,0.233796,0.041201,0.180556,0.036408,0.388889,0.047039,0.412037,0.047027,0.37963,0.054145,0.24537,0.04381,0.226852,0.039465,0.125,0.031489,0.150463,0.034288,0.0,0.0,0.27088,0.04928,72
0.78,large_behavior_clone,0,0.252315,0.047036,0.180556,0.038633,0.337963,0.044753,0.12963,0.0318,0.252315,0.04614,0.226852,0.044441,0.275463,0.040434,0.226852,0.03999,0.18287,0.040947,0.351852,0.044087,0.423611,0.043793,0.453704,0.054145,0.185185,0.032018,0.289352,0.042367,0.125,0.034037,0.166667,0.032947,0.0,0.0,0.194861,0.042459,72
0.78,large_behavior_clone,1,0.259259,0.045178,0.199074,0.038573,0.324074,0.044245,0.185185,0.036296,0.224537,0.039914,0.233796,0.039122,0.219907,0.039739,0.224537,0.044372,0.1875,0.030945,0.381944,0.045431,0.430556,0.050361,0.402778,0.05159,0.189815,0.038392,0.275463,0.046216,0.106481,0.027645,0.157407,0.039772,0.0,0.0,0.202998,0.041139,72
0.78,large_behavior_clone,2,0.266204,0.042694,0.222222,0.041874,0.351852,0.046842,0.148148,0.036296,0.203704,0.037242,0.25463,0.035959,0.219907,0.039211,0.243056,0.041843,0.155093,0.034991,0.328704,0.038211,0.451389,0.048969,0.405093,0.04374,0.208333,0.036977,0.287037,0.042479,0.090278,0.028851,0.166667,0.037676,0.0,0.0,0.224248,0.041461,72
0.78,large_behavior_clone,3,0.270833,0.041593,0.178241,0.034991,0.368056,0.046566,0.175926,0.033505,0.24537,0.038211,0.236111,0.040222,0.224537,0.041453,0.287037,0.046244,0.150463,0.034288,0.402778,0.046481,0.44213,0.043899,0.386574,0.044685,0.189815,0.03314,0.303241,0.04052,0.122685,0.032302,0.175926,0.035325,0.0,0.0,0.218785,0.040403,72
0.78,large_behavior_clone,4,0.277778,0.04286,0.199074,0.04068,0.3125,0.044267,0.199074,0.039111,0.215278,0.040059,0.236111,0.037537,0.282407,0.047761,0.256944,0.03927,0.168981,0.037394,0.337963,0.045217,0.435185,0.041148,0.423611,0.045201,0.208333,0.045114,0.263889,0.043704,0.125,0.034037,0.189815,0.039465,0.0,0.0,0.216701,0.040932,72
0.78,large_behavior_clone,5,0.300926,0.043651,0.168981,0.031978,0.328704,0.040851,0.180556,0.033418,0.25,0.045689,0.206019,0.039564,0.229167,0.039535,0.277778,0.039831,0.12963,0.028329,0.331019,0.039033,0.493056,0.047673,0.400463,0.044607,0.219907,0.033466,0.263889,0.037537,0.125,0.032145,0.143519,0.030516,0.0,0.0,0.23853,0.041231,72
0.78,large_behavior_clone,6,0.259259,0.044245,0.173611,0.0368,0.368056,0.052864,0.189815,0.03314,0.226852,0.043968,0.231481,0.045024,0.203704,0.036678,0.25,0.04237,0.1875,0.034152,0.372685,0.046366,0.4375,0.045431,0.375,0.04175,0.199074,0.036914,0.321759,0.044918,0.106481,0.027645,0.199074,0.035765,0.0,0.0,0.211424,0.040587,72
0.78,large_behavior_clone,7,0.261574,0.042284,0.171296,0.034173,0.395833,0.050646,0.208333,0.036408,0.275463,0.039914,0.178241,0.034991,0.208333,0.036408,0.268519,0.032664,0.171296,0.035959,0.30787,0.045072,0.472222,0.046143,0.449074,0.04598,0.226852,0.041527,0.293981,0.048133,0.106481,0.027645,0.185185,0.035127,0.0,0.0,0.193056,0.040909,72
0.78,large_behavior_clone,8,0.293981,0.039564,0.1875,0.038735,0.331019,0.04212,0.178241,0.037856,0.275463,0.044372,0.226852,0.038932,0.226852,0.036725,0.24537,0.037661,0.19213,0.034591,0.356481,0.044441,0.423611,0.044267,0.449074,0.048196,0.231481,0.038528,0.300926,0.04317,0.12037,0.026814,0.175926,0.032876,0.0,0.0,0.226771,0.038899,72
0.78,large_behavior_clone,9,0.282407,0.042684,0.18287,0.034288,0.30787,0.04318,0.19213,0.03804,0.19213,0.035189,0.219907,0.04374,0.219907,0.038131,0.287037,0.04579,0.196759,0.033777,0.372685,0.047697,0.444444,0.044766,0.456019,0.050462,0.206019,0.038494,0.298611,0.040319,0.083333,0.025845,0.136574,0.033153,0.0,0.0,0.223866,0.039612,72
0.78,oracle_exception_selector,0,0.736111,0.040222,0.694444,0.046594,0.18287,0.040947,0.011574,0.009855,0.0,0.0,0.664352,0.045457,0.0625,0.022787,0.006944,0.007747,0.180556,0.034645,0.391204,0.047988,0.189815,0.03999,0.289352,0.04614,0.701389,0.044267,0.071759,0.024026,0.011574,0.009855,0.043981,0.020426,0.0,0.0,0.845567,0.035868,72
0.78,oracle_exception_selector,1,0.752315,0.039827,0.689815,0.048052,0.155093,0.034991,0.018519,0.012184,0.0,0.0,0.652778,0.044649,0.0625,0.022787,0.002315,0.004537,0.18287,0.036068,0.368056,0.044267,0.166667,0.037118,0.266204,0.040175,0.706019,0.043099,0.060185,0.021726,0.025463,0.013948,0.081019,0.026635,0.0,0.0,0.858576,0.034613,72
0.78,oracle_exception_selector,2,0.736111,0.040222,0.724537,0.035484,0.171296,0.030969,0.016204,0.011485,0.002315,0.004537,0.638889,0.046594,0.06713,0.023881,0.009259,0.00888,0.199074,0.033969,0.393519,0.04252,0.175926,0.033505,0.303241,0.04052,0.662037,0.049197,0.060185,0.021726,0.009259,0.00888,0.053241,0.02126,0.0,0.0,0.835104,0.033674,72
0.78,oracle_exception_selector,3,0.738426,0.04326,0.685185,0.043611,0.162037,0.028144,0.013889,0.012512,0.002315,0.004537,0.604167,0.042092,0.069444,0.021185,0.009259,0.00888,0.203704,0.036104,0.384259,0.054689,0.168981,0.03509,0.344907,0.046291,0.68287,0.041453,0.06713,0.023881,0.016204,0.011485,0.06713,0.02299,0.0,0.0,0.83434,0.037587,72
0.78,oracle_exception_selector,4,0.752315,0.041871,0.6875,0.037083,0.180556,0.036977,0.016204,0.011485,0.011574,0.009855,0.650463,0.039914,0.046296,0.020658,0.006944,0.007747,0.189815,0.038392,0.386574,0.047405,0.166667,0.036551,0.310185,0.043008,0.69213,0.046441,0.064815,0.024651,0.013889,0.010715,0.0625,0.022787,0.0,0.0,0.849664,0.035315,72
0.78,oracle_exception_selector,5,0.747685,0.035386,0.668981,0.048133,0.134259,0.032073,0.016204,0.011485,0.002315,0.004537,0.62963,0.039421,0.050926,0.022971,0.002315,0.004537,0.18287,0.033673,0.402778,0.044649,0.164352,0.03509,0.280093,0.045149,0.678241,0.043501,0.050926,0.021075,0.016204,0.011485,0.043981,0.020426,0.0,0.0,0.860984,0.031511,72
0.78,oracle_exception_selector,6,0.768519,0.044558,0.717593,0.043651,0.155093,0.034991,0.020833,0.012821,0.002315,0.004537,0.62037,0.049302,0.074074,0.024932,0.00463,0.006371,0.171296,0.031636,0.435185,0.051915,0.155093,0.035582,0.270833,0.042092,0.701389,0.03927,0.0625,0.020875,0.018519,0.013791,0.041667,0.017988,0.0,0.0,0.863623,0.035392,72
0.78,oracle_exception_selector,7,0.75,0.04237,0.668981,0.047697,0.157407,0.035911,0.009259,0.00888,0.00463,0.006371,0.652778,0.045114,0.064815,0.019973,0.009259,0.00888,0.201389,0.040833,0.393519,0.048913,0.201389,0.033535,0.247685,0.040862,0.685185,0.044558,0.074074,0.024932,0.016204,0.011485,0.043981,0.020426,0.0,0.0,0.855312,0.03634,72
0.78,oracle_exception_selector,8,0.743056,0.038735,0.689815,0.043491,0.164352,0.039564,0.018519,0.012184,0.011574,0.009855,0.627315,0.048993,0.087963,0.024152,0.006944,0.007747,0.206019,0.04212,0.37037,0.047138,0.155093,0.037301,0.291667,0.04175,0.618056,0.041088,0.078704,0.025823,0.023148,0.014883,0.039352,0.017687,0.0,0.0,0.839051,0.032337,72
0.78,oracle_exception_selector,9,0.738426,0.039739,0.680556,0.045574,0.164352,0.037394,0.027778,0.015827,0.00463,0.006371,0.631944,0.041341,0.030093,0.014912,0.0,0.0,0.208333,0.041247,0.388889,0.046594,0.18287,0.034288,0.280093,0.041788,0.655093,0.043501,0.064815,0.023789,0.018519,0.012184,0.041667,0.019113,0.0,0.0,0.841134,0.035305,72
0.78,proposed_embodied_scale_exception_audit_v4,0,0.587963,0.054816,0.564815,0.046842,0.212963,0.042968,0.071759,0.024026,0.074074,0.02408,0.56713,0.04777,0.127315,0.027786,0.050926,0.018991,0.196759,0.043501,0.344907,0.041032,0.201389,0.041843,0.236111,0.040222,0.513889,0.047371,0.115741,0.028634,0.039352,0.01883,0.101852,0.029295,0.0,0.0,0.656944,0.052735,72
0.78,proposed_embodied_scale_exception_audit_v4,1,0.613426,0.05476,0.590278,0.048755,0.203704,0.040979,0.0625,0.024551,0.053241,0.020254,0.497685,0.046366,0.097222,0.027222,0.055556,0.022383,0.152778,0.033418,0.31713,0.039388,0.233796,0.039652,0.268519,0.043611,0.546296,0.051376,0.090278,0.027366,0.053241,0.019196,0.092593,0.028082,0.0,0.0,0.68838,0.053016,72
0.78,proposed_embodied_scale_exception_audit_v4,2,0.585648,0.051688,0.571759,0.051621,0.199074,0.035765,0.076389,0.024122,0.05787,0.019555,0.488426,0.041537,0.083333,0.027413,0.0625,0.024551,0.175926,0.036487,0.273148,0.03557,0.222222,0.037676,0.243056,0.039798,0.523148,0.044441,0.12037,0.031137,0.032407,0.015343,0.083333,0.025845,0.0,0.0,0.653183,0.050285,72
0.78,proposed_embodied_scale_exception_audit_v4,3,0.599537,0.05583,0.587963,0.037102,0.224537,0.037207,0.05787,0.021585,0.048611,0.018769,0.539352,0.047697,0.101852,0.027073,0.050926,0.021075,0.171296,0.039288,0.319444,0.046481,0.226852,0.037845,0.252315,0.04382,0.541667,0.044179,0.106481,0.026879,0.048611,0.017621,0.083333,0.027413,0.0,0.0,0.679201,0.056244,72
0.78,proposed_embodied_scale_exception_audit_v4,4,0.5625,0.051056,0.578704,0.046581,0.215278,0.040059,0.053241,0.020254,0.069444,0.023959,0.578704,0.045217,0.131944,0.032907,0.064815,0.025484,0.219907,0.041788,0.289352,0.04382,0.212963,0.037242,0.25463,0.044284,0.590278,0.044267,0.106481,0.03314,0.06713,0.024739,0.092593,0.02408,0.0,0.0,0.641759,0.051193,72
0.78,proposed_embodied_scale_exception_audit_v4,5,0.546296,0.048015,0.56713,0.049907,0.238426,0.040261,0.053241,0.027281,0.06713,0.024739,0.506944,0.050232,0.118056,0.034456,0.050926,0.021075,0.189815,0.03557,0.335648,0.04212,0.24537,0.044753,0.231481,0.044087,0.5,0.04286,0.113426,0.025705,0.037037,0.017364,0.071759,0.024026,0.0,0.0,0.620764,0.047214,72
0.78,proposed_embodied_scale_exception_audit_v4,6,0.534722,0.048325,0.5625,0.044969,0.238426,0.045149,0.076389,0.024973,0.046296,0.019622,0.502315,0.049838,0.111111,0.028896,0.0625,0.020875,0.178241,0.040001,0.324074,0.045178,0.259259,0.04699,0.298611,0.03927,0.546296,0.042968,0.094907,0.027281,0.053241,0.020254,0.099537,0.030758,0.0,0.0,0.604387,0.049563,72
0.78,proposed_embodied_scale_exception_audit_v4,7,0.550926,0.048627,0.555556,0.045689,0.18287,0.036068,0.069444,0.023959,0.053241,0.020254,0.534722,0.048755,0.106481,0.027645,0.0625,0.020875,0.201389,0.038735,0.310185,0.051002,0.229167,0.038464,0.266204,0.042694,0.525463,0.04777,0.104167,0.026982,0.055556,0.022383,0.085648,0.027408,0.0,0.0,0.621053,0.048701,72
0.78,proposed_embodied_scale_exception_audit_v4,8,0.541667,0.048675,0.618056,0.046341,0.217593,0.039641,0.069444,0.023072,0.048611,0.01985,0.539352,0.050668,0.111111,0.030988,0.074074,0.026554,0.206019,0.036832,0.31713,0.043899,0.222222,0.041874,0.25463,0.041861,0.541667,0.045114,0.097222,0.032788,0.039352,0.019908,0.078704,0.026619,0.0,0.0,0.623426,0.049212,72
0.78,proposed_embodied_scale_exception_audit_v4,9,0.553241,0.044685,0.539352,0.047258,0.217593,0.036344,0.085648,0.02584,0.05787,0.020595,0.516204,0.04484,0.118056,0.026982,0.071759,0.023141,0.185185,0.039597,0.331019,0.044057,0.24537,0.041861,0.247685,0.039827,0.506944,0.044969,0.094907,0.025705,0.034722,0.017019,0.092593,0.025756,0.0,0.0,0.621204,0.045946,72
0.88,boundary_aware_scale_exception_audit_v5,0,0.659722,0.042585,0.634259,0.044597,0.196759,0.043978,0.050926,0.021075,0.039352,0.017687,0.571759,0.046516,0.087963,0.025823,0.037037,0.016117,0.219907,0.032836,0.300926,0.04317,0.185185,0.040121,0.25463,0.038753,0.625,0.043704,0.074074,0.021321,0.037037,0.019622,0.071759,0.023141,0.0,0.0,0.754468,0.040349,72
0.88,boundary_aware_scale_exception_audit_v5,1,0.622685,0.042367,0.636574,0.046291,0.196759,0.042037,0.055556,0.02143,0.032407,0.015343,0.613426,0.050806,0.076389,0.025795,0.020833,0.012821,0.171296,0.036535,0.321759,0.044918,0.212963,0.037799,0.217593,0.040164,0.594907,0.046065,0.090278,0.029566,0.023148,0.014883,0.085648,0.028891,0.0,0.0,0.724734,0.040502,72
0.88,boundary_aware_scale_exception_audit_v5,2,0.666667,0.040865,0.615741,0.043651,0.164352,0.033879,0.053241,0.020254,0.030093,0.016252,0.594907,0.048277,0.106481,0.031193,0.016204,0.011485,0.199074,0.035765,0.280093,0.039739,0.1875,0.035353,0.268519,0.038528,0.581019,0.04659,0.087963,0.028144,0.030093,0.017489,0.083333,0.025845,0.0,0.0,0.754097,0.039909,72
0.88,boundary_aware_scale_exception_audit_v5,3,0.62963,0.044401,0.641204,0.042202,0.210648,0.041871,0.053241,0.020254,0.009259,0.010982,0.615741,0.053532,0.113426,0.030187,0.027778,0.014448,0.210648,0.038222,0.303241,0.044918,0.180556,0.03583,0.243056,0.044267,0.581019,0.042856,0.087963,0.025002,0.030093,0.017489,0.060185,0.022666,0.0,0.0,0.726481,0.04135,72
0.88,boundary_aware_scale_exception_audit_v5,4,0.643519,0.036725,0.625,0.046481,0.178241,0.04052,0.046296,0.019622,0.037037,0.016117,0.583333,0.044297,0.106481,0.029824,0.018519,0.013791,0.173611,0.0368,0.358796,0.045533,0.157407,0.032235,0.238426,0.041285,0.597222,0.052393,0.083333,0.024176,0.039352,0.017687,0.05787,0.023439,0.0,0.0,0.742894,0.038254,72
0.88,boundary_aware_scale_exception_audit_v5,5,0.634259,0.045063,0.671296,0.047907,0.162037,0.02959,0.032407,0.016648,0.020833,0.012821,0.564815,0.054274,0.094907,0.026505,0.032407,0.016648,0.171296,0.032289,0.337963,0.04834,0.1875,0.036515,0.229167,0.037363,0.625,0.048675,0.081019,0.023291,0.027778,0.015827,0.050926,0.02006,0.0,0.0,0.744039,0.045088,72
0.88,boundary_aware_scale_exception_audit_v5,6,0.657407,0.035325,0.618056,0.045888,0.194444,0.039831,0.046296,0.019622,0.018519,0.013791,0.583333,0.047919,0.081019,0.02417,0.043981,0.020426,0.212963,0.041985,0.347222,0.044179,0.215278,0.034456,0.240741,0.04787,0.599537,0.045072,0.085648,0.025019,0.034722,0.019317,0.064815,0.021964,0.0,0.0,0.757338,0.035306,72
0.88,boundary_aware_scale_exception_audit_v5,7,0.641204,0.042694,0.604167,0.046341,0.180556,0.040222,0.060185,0.024439,0.041667,0.017988,0.546296,0.044869,0.090278,0.023241,0.027778,0.014448,0.19213,0.035777,0.347222,0.043704,0.224537,0.039388,0.222222,0.040865,0.622685,0.051688,0.083333,0.023297,0.037037,0.017364,0.069444,0.024815,0.0,0.0,0.728356,0.037835,72
0.88,boundary_aware_scale_exception_audit_v5,8,0.594907,0.049558,0.648148,0.044087,0.157407,0.036487,0.039352,0.017687,0.018519,0.013791,0.608796,0.040947,0.087963,0.026619,0.032407,0.015343,0.203704,0.034929,0.300926,0.039111,0.199074,0.037475,0.201389,0.034758,0.615741,0.050728,0.083333,0.023297,0.037037,0.017364,0.074074,0.02408,0.0,0.0,0.699271,0.046612,72
0.88,boundary_aware_scale_exception_audit_v5,9,0.615741,0.050728,0.594907,0.046065,0.199074,0.038573,0.046296,0.019622,0.023148,0.013407,0.627315,0.05189,0.115741,0.028634,0.041667,0.019113,0.224537,0.039388,0.298611,0.047012,0.178241,0.032517,0.231481,0.035127,0.615741,0.049055,0.069444,0.024815,0.030093,0.016252,0.050926,0.02006,0.0,0.0,0.708958,0.049131,72
0.88,conformal_risk_filter,0,0.407407,0.043291,0.418981,0.049205,0.31713,0.050116,0.104167,0.033223,0.085648,0.02417,0.351852,0.046842,0.145833,0.038192,0.118056,0.040059,0.219907,0.03758,0.256944,0.040319,0.284722,0.040059,0.270833,0.0368,0.377315,0.044294,0.166667,0.033574,0.076389,0.024122,0.145833,0.037083,0.0,0.0,0.430185,0.045092,72
0.88,conformal_risk_filter,1,0.402778,0.043224,0.402778,0.049102,0.287037,0.047138,0.12037,0.033087,0.090278,0.024973,0.395833,0.047673,0.171296,0.034173,0.134259,0.028634,0.1875,0.038735,0.252315,0.040348,0.310185,0.04537,0.224537,0.038313,0.414352,0.044294,0.164352,0.03449,0.094907,0.027281,0.118056,0.030606,0.0,0.0,0.429051,0.044959,72
0.88,conformal_risk_filter,2,0.400463,0.04777,0.395833,0.045888,0.275463,0.042938,0.085648,0.027408,0.111111,0.027413,0.37037,0.044869,0.1875,0.035353,0.12963,0.03245,0.212963,0.040979,0.236111,0.043704,0.259259,0.046544,0.243056,0.041341,0.386574,0.046065,0.224537,0.042938,0.05787,0.022531,0.145833,0.030945,0.0,0.0,0.419525,0.049401,72
0.88,conformal_risk_filter,3,0.418981,0.050047,0.386574,0.038131,0.252315,0.044294,0.101852,0.028573,0.101852,0.027073,0.393519,0.052216,0.136574,0.027661,0.127315,0.032624,0.212963,0.037242,0.224537,0.037764,0.310185,0.041021,0.280093,0.039739,0.412037,0.041359,0.138889,0.038226,0.083333,0.025845,0.113426,0.033466,0.0,0.0,0.441516,0.051713,72
0.88,conformal_risk_filter,4,0.430556,0.044179,0.439815,0.048484,0.321759,0.051011,0.094907,0.026505,0.078704,0.028876,0.402778,0.04781,0.162037,0.036535,0.122685,0.030983,0.201389,0.036515,0.275463,0.048421,0.303241,0.041537,0.282407,0.047761,0.356481,0.048052,0.199074,0.039111,0.06713,0.02299,0.12963,0.03245,0.0,0.0,0.456852,0.045228,72
0.88,conformal_risk_filter,5,0.412037,0.042846,0.416667,0.047039,0.314815,0.037982,0.106481,0.026091,0.104167,0.030606,0.37037,0.045332,0.145833,0.035353,0.097222,0.027979,0.201389,0.03927,0.215278,0.036228,0.293981,0.040088,0.25,0.037118,0.393519,0.042026,0.178241,0.035582,0.081019,0.025019,0.138889,0.034796,0.0,0.0,0.43588,0.044372,72
0.88,conformal_risk_filter,6,0.398148,0.056164,0.393519,0.043491,0.3125,0.04566,0.076389,0.028118,0.099537,0.028649,0.409722,0.04566,0.164352,0.03626,0.104167,0.025387,0.185185,0.040121,0.226852,0.033764,0.321759,0.051011,0.243056,0.039798,0.384259,0.046879,0.175926,0.039772,0.097222,0.029433,0.134259,0.034578,0.0,0.0,0.425822,0.054453,72
0.88,conformal_risk_filter,7,0.349537,0.050942,0.393519,0.04673,0.270833,0.044503,0.087963,0.027392,0.136574,0.029131,0.375,0.051184,0.168981,0.03568,0.134259,0.035177,0.212963,0.036678,0.224537,0.040434,0.342593,0.046093,0.259259,0.039772,0.414352,0.045226,0.178241,0.034389,0.081019,0.026635,0.138889,0.034796,0.0,0.0,0.368935,0.051493,72
0.88,conformal_risk_filter,8,0.444444,0.049208,0.37963,0.046244,0.298611,0.042339,0.099537,0.027911,0.097222,0.028715,0.368056,0.049604,0.12963,0.029766,0.113426,0.027281,0.224537,0.037764,0.240741,0.039772,0.314815,0.040638,0.199074,0.038573,0.428241,0.046065,0.175926,0.038708,0.083333,0.026641,0.12963,0.03245,0.0,0.0,0.471956,0.049698,72
0.88,conformal_risk_filter,9,0.384259,0.048627,0.423611,0.046566,0.282407,0.050315,0.113426,0.03087,0.115741,0.029354,0.375,0.044649,0.141204,0.033362,0.113426,0.03087,0.217593,0.04119,0.275463,0.044372,0.291667,0.045114,0.275463,0.040947,0.4375,0.047673,0.166667,0.035975,0.074074,0.028082,0.141204,0.034591,0.0,0.0,0.407558,0.048726,72
0.88,generic_scaling_law_extrapolator,0,0.303241,0.041537,0.25,0.041373,0.354167,0.050851,0.168981,0.03449,0.212963,0.034326,0.277778,0.047039,0.219907,0.041788,0.210648,0.040348,0.18287,0.038854,0.384259,0.049055,0.384259,0.048627,0.393519,0.044441,0.25,0.040351,0.277778,0.037118,0.108796,0.028283,0.150463,0.034891,0.0,0.0,0.262662,0.042698,72
0.88,generic_scaling_law_extrapolator,1,0.291667,0.04603,0.277778,0.039831,0.358796,0.045533,0.157407,0.034122,0.210648,0.044294,0.256944,0.044267,0.238426,0.036452,0.229167,0.044503,0.162037,0.031636,0.361111,0.044766,0.458333,0.037537,0.469907,0.053017,0.231481,0.038528,0.287037,0.051781,0.083333,0.028896,0.168981,0.031318,0.0,0.0,0.244549,0.045405,72
0.88,generic_scaling_law_extrapolator,2,0.280093,0.046516,0.243056,0.043793,0.363426,0.036737,0.162037,0.035374,0.222222,0.039831,0.282407,0.042192,0.210648,0.037672,0.229167,0.037918,0.136574,0.035582,0.356481,0.044441,0.444444,0.043823,0.425926,0.047432,0.203704,0.037242,0.263889,0.046928,0.106481,0.029116,0.194444,0.039831,0.0,0.0,0.239919,0.046593,72
0.88,generic_scaling_law_extrapolator,3,0.331019,0.045913,0.208333,0.04175,0.344907,0.043019,0.199074,0.04068,0.256944,0.041341,0.291667,0.043704,0.280093,0.042284,0.240741,0.038165,0.210648,0.037114,0.363426,0.052224,0.386574,0.047405,0.428241,0.051215,0.238426,0.044685,0.25463,0.039816,0.108796,0.033048,0.189815,0.038392,0.0,0.0,0.259398,0.046305,72
0.88,generic_scaling_law_extrapolator,4,0.280093,0.039211,0.212963,0.036104,0.3125,0.044737,0.159722,0.035057,0.226852,0.037845,0.25463,0.046581,0.208333,0.038633,0.247685,0.036547,0.180556,0.03583,0.409722,0.04566,0.458333,0.052393,0.423611,0.047454,0.231481,0.040638,0.3125,0.04566,0.085648,0.02584,0.136574,0.036737,0.0,0.0,0.228843,0.038448,72
0.88,generic_scaling_law_extrapolator,5,0.314815,0.046842,0.212963,0.034326,0.337963,0.04381,0.18287,0.039388,0.231481,0.042643,0.293981,0.041621,0.226852,0.043491,0.217593,0.04068,0.18287,0.033048,0.393519,0.046281,0.506944,0.044031,0.506944,0.047673,0.203704,0.037799,0.273148,0.043968,0.083333,0.025845,0.1875,0.037641,0.0,0.0,0.251736,0.045675,72
0.88,generic_scaling_law_extrapolator,6,0.298611,0.037641,0.238426,0.042284,0.340278,0.050646,0.148148,0.033918,0.233796,0.037487,0.261574,0.047843,0.201389,0.036515,0.296296,0.041485,0.164352,0.03449,0.393519,0.04673,0.393519,0.040509,0.451389,0.046789,0.25463,0.040337,0.252315,0.042856,0.090278,0.025795,0.178241,0.036737,0.0,0.0,0.252106,0.036877,72
0.88,generic_scaling_law_extrapolator,7,0.298611,0.048755,0.240741,0.041317,0.340278,0.040577,0.166667,0.039303,0.238426,0.046516,0.293981,0.041621,0.219907,0.035288,0.236111,0.041247,0.134259,0.031415,0.351852,0.047285,0.446759,0.04374,0.421296,0.052082,0.229167,0.035647,0.277778,0.043823,0.101852,0.025484,0.178241,0.036737,0.0,0.0,0.255961,0.047235,72
0.88,generic_scaling_law_extrapolator,8,0.282407,0.044126,0.219907,0.041788,0.361111,0.045689,0.185185,0.039066,0.233796,0.041201,0.275463,0.042938,0.243056,0.042829,0.243056,0.044267,0.171296,0.031636,0.361111,0.04237,0.400463,0.04777,0.43287,0.041201,0.238426,0.04374,0.284722,0.047233,0.101852,0.027833,0.157407,0.037614,0.0,0.0,0.22691,0.043948,72
0.88,generic_scaling_law_extrapolator,9,0.287037,0.04579,0.240741,0.038708,0.375,0.045114,0.185185,0.029295,0.240741,0.042315,0.259259,0.039772,0.259259,0.04787,0.229167,0.041593,0.219907,0.038131,0.375,0.044179,0.398148,0.045942,0.439815,0.051002,0.215278,0.040059,0.284722,0.039003,0.104167,0.028487,0.143519,0.029824,0.0,0.0,0.230278,0.0433,72
0.88,large_behavior_clone,0,0.212963,0.041985,0.175926,0.037614,0.386574,0.040261,0.168981,0.036832,0.229167,0.037918,0.25,0.03539,0.252315,0.041369,0.256944,0.04566,0.159722,0.033845,0.361111,0.038226,0.449074,0.041694,0.458333,0.051184,0.226852,0.043008,0.303241,0.043501,0.115741,0.034578,0.143519,0.029116,0.0,0.0,0.160417,0.038709,72
0.88,large_behavior_clone,1,0.270833,0.044503,0.175926,0.033505,0.351852,0.050694,0.173611,0.032588,0.231481,0.04215,0.226852,0.031855,0.215278,0.035647,0.25,0.043823,0.138889,0.032947,0.354167,0.043314,0.451389,0.044503,0.405093,0.04326,0.231481,0.045485,0.296296,0.043929,0.118056,0.034456,0.201389,0.038735,0.0,0.0,0.217836,0.042629,72
0.88,large_behavior_clone,2,0.259259,0.043291,0.180556,0.032145,0.356481,0.044441,0.185185,0.039066,0.261574,0.039211,0.24537,0.037661,0.240741,0.042806,0.233796,0.040691,0.159722,0.037918,0.333333,0.043344,0.4375,0.043072,0.465278,0.047892,0.229167,0.033845,0.291667,0.045574,0.134259,0.033349,0.215278,0.043554,0.0,0.0,0.200729,0.042798,72
0.88,large_behavior_clone,3,0.231481,0.040121,0.224537,0.041453,0.361111,0.046143,0.180556,0.038633,0.222222,0.04523,0.226852,0.044441,0.226852,0.041021,0.268519,0.045942,0.1875,0.038735,0.340278,0.042585,0.416667,0.047481,0.435185,0.04816,0.206019,0.03626,0.303241,0.042037,0.094907,0.027281,0.148148,0.035127,0.0,0.0,0.176991,0.037877,72
0.88,large_behavior_clone,4,0.240741,0.04699,0.162037,0.037661,0.418981,0.050874,0.171296,0.037102,0.243056,0.040833,0.185185,0.033918,0.229167,0.039535,0.270833,0.041593,0.136574,0.031207,0.377315,0.043341,0.462963,0.047138,0.428241,0.048708,0.178241,0.037301,0.280093,0.045609,0.162037,0.035959,0.18287,0.037764,0.0,0.0,0.182604,0.043004,72
0.88,large_behavior_clone,5,0.217593,0.045063,0.180556,0.031489,0.351852,0.051104,0.168981,0.033879,0.24537,0.039816,0.222222,0.040865,0.261574,0.04326,0.233796,0.048205,0.141204,0.03273,0.354167,0.047454,0.444444,0.045689,0.435185,0.049019,0.226852,0.039465,0.287037,0.041985,0.12037,0.033087,0.19213,0.033982,0.0,0.0,0.162037,0.041585,72
0.88,large_behavior_clone,6,0.287037,0.043929,0.152778,0.033418,0.347222,0.043704,0.189815,0.038392,0.189815,0.034376,0.194444,0.040351,0.24537,0.039288,0.289352,0.045226,0.178241,0.037301,0.351852,0.044558,0.451389,0.046341,0.43287,0.045072,0.233796,0.044136,0.30787,0.043661,0.115741,0.032717,0.185185,0.034528,0.0,0.0,0.225023,0.040774,72
0.88,large_behavior_clone,7,0.261574,0.040261,0.152778,0.035243,0.368056,0.046115,0.199074,0.035765,0.226852,0.037289,0.24537,0.040337,0.231481,0.035127,0.24537,0.037102,0.189815,0.037845,0.328704,0.044753,0.414352,0.050462,0.472222,0.047481,0.224537,0.037764,0.291667,0.046481,0.131944,0.032266,0.164352,0.037948,0.0,0.0,0.193125,0.036969,72
0.88,large_behavior_clone,8,0.212963,0.045332,0.162037,0.032929,0.368056,0.046566,0.199074,0.042684,0.189815,0.041527,0.243056,0.037083,0.233796,0.042202,0.252315,0.035971,0.150463,0.029011,0.386574,0.047405,0.430556,0.053963,0.453704,0.051376,0.196759,0.036164,0.287037,0.037799,0.136574,0.033777,0.162037,0.034173,0.0,0.0,0.163194,0.040936,72
0.88,large_behavior_clone,9,0.212963,0.044401,0.19213,0.038585,0.372685,0.044057,0.157407,0.034729,0.25,0.040865,0.231481,0.032018,0.222222,0.043823,0.280093,0.045149,0.166667,0.032947,0.37037,0.043929,0.453704,0.045332,0.418981,0.045686,0.175926,0.036487,0.270833,0.043072,0.118056,0.026982,0.189815,0.036725,0.0,0.0,0.168368,0.042372,72
0.88,oracle_exception_selector,0,0.708333,0.041247,0.673611,0.045888,0.148148,0.035127,0.023148,0.013407,0.00463,0.006371,0.627315,0.047258,0.050926,0.022971,0.00463,0.009074,0.185185,0.039066,0.365741,0.046432,0.168981,0.03568,0.3125,0.044267,0.675926,0.039244,0.041667,0.019113,0.020833,0.012821,0.050926,0.022971,0.0,0.0,0.815532,0.036958,72
0.88,oracle_exception_selector,1,0.724537,0.038854,0.636574,0.053017,0.194444,0.037118,0.023148,0.013407,0.002315,0.004537,0.631944,0.040833,0.055556,0.022383,0.00463,0.006371,0.168981,0.03449,0.400463,0.045533,0.157407,0.032235,0.333333,0.044297,0.671296,0.046131,0.064815,0.024651,0.011574,0.009855,0.027778,0.015827,0.0,0.0,0.823495,0.034255,72
0.88,oracle_exception_selector,2,0.733796,0.03804,0.6875,0.049604,0.175926,0.037614,0.013889,0.010715,0.009259,0.00888,0.615741,0.04598,0.055556,0.022383,0.002315,0.004537,0.173611,0.037363,0.428241,0.051621,0.185185,0.036296,0.289352,0.041871,0.611111,0.046594,0.05787,0.024314,0.030093,0.014912,0.050926,0.023862,0.0,0.0,0.840509,0.034916,72
0.88,oracle_exception_selector,3,0.703704,0.039947,0.657407,0.044245,0.145833,0.030263,0.013889,0.010715,0.002315,0.004537,0.655093,0.04674,0.064815,0.023789,0.002315,0.004537,0.203704,0.036678,0.358796,0.048636,0.157407,0.035911,0.331019,0.044995,0.6875,0.050439,0.048611,0.020875,0.002315,0.004537,0.048611,0.01985,0.0,0.0,0.807199,0.036336,72
0.88,oracle_exception_selector,4,0.731481,0.037429,0.68287,0.042938,0.155093,0.033153,0.025463,0.015372,0.0,0.0,0.604167,0.047673,0.060185,0.023569,0.006944,0.007747,0.178241,0.031869,0.430556,0.04175,0.1875,0.03927,0.300926,0.049479,0.650463,0.047988,0.046296,0.018528,0.013889,0.012512,0.046296,0.019622,0.0,0.0,0.830833,0.031567,72
0.88,oracle_exception_selector,5,0.74537,0.039816,0.689815,0.045828,0.162037,0.032929,0.006944,0.007747,0.00463,0.006371,0.611111,0.051286,0.083333,0.028896,0.006944,0.007747,0.1875,0.03927,0.421296,0.050453,0.141204,0.035777,0.303241,0.041032,0.650463,0.041954,0.060185,0.024439,0.009259,0.00888,0.050926,0.02006,0.0,0.0,0.835729,0.033918,72
0.88,oracle_exception_selector,6,0.761574,0.038675,0.652778,0.042738,0.166667,0.032947,0.020833,0.014357,0.006944,0.007747,0.648148,0.046842,0.05787,0.020595,0.013889,0.010715,0.196759,0.039476,0.386574,0.047843,0.155093,0.034991,0.298611,0.041843,0.668981,0.04212,0.064815,0.023789,0.016204,0.011485,0.034722,0.017019,0.0,0.0,0.855382,0.033084,72
0.88,oracle_exception_selector,7,0.752315,0.038764,0.655093,0.04674,0.171296,0.035374,0.018519,0.012184,0.002315,0.004537,0.606481,0.048052,0.083333,0.028164,0.009259,0.010982,0.166667,0.038226,0.384259,0.047322,0.173611,0.038464,0.291667,0.04781,0.655093,0.04445,0.060185,0.023569,0.011574,0.009855,0.069444,0.030819,0.0,0.0,0.845012,0.03285,72
0.88,oracle_exception_selector,8,0.775463,0.036068,0.664352,0.043099,0.178241,0.033777,0.011574,0.009855,0.00463,0.006371,0.638889,0.048352,0.0625,0.022787,0.0,0.0,0.145833,0.032266,0.425926,0.048735,0.164352,0.03449,0.291667,0.04175,0.671296,0.042356,0.05787,0.020595,0.011574,0.009855,0.050926,0.02006,0.0,0.0,0.880868,0.031873,72
0.88,oracle_exception_selector,9,0.729167,0.039003,0.678241,0.038944,0.180556,0.036408,0.013889,0.010715,0.009259,0.00888,0.613426,0.041788,0.053241,0.020254,0.002315,0.004537,0.206019,0.033879,0.384259,0.038028,0.178241,0.045838,0.305556,0.038768,0.6875,0.048325,0.048611,0.022787,0.009259,0.00888,0.043981,0.020426,0.0,0.0,0.835949,0.035114,72
0.88,proposed_embodied_scale_exception_audit_v4,0,0.527778,0.052093,0.55787,0.047988,0.206019,0.039033,0.076389,0.023241,0.050926,0.02006,0.548611,0.043072,0.122685,0.039299,0.083333,0.027413,0.194444,0.04237,0.331019,0.040088,0.240741,0.048735,0.247685,0.040862,0.523148,0.043491,0.085648,0.026635,0.043981,0.021423,0.097222,0.026444,0.0,0.0,0.595775,0.049181,72
0.88,proposed_embodied_scale_exception_audit_v4,1,0.578704,0.042846,0.555556,0.047039,0.217593,0.035177,0.076389,0.024122,0.050926,0.023862,0.532407,0.049479,0.087963,0.027392,0.06713,0.02299,0.196759,0.037856,0.347222,0.048244,0.280093,0.039739,0.259259,0.045178,0.49537,0.047907,0.097222,0.026444,0.034722,0.015744,0.092593,0.027329,0.0,0.0,0.649919,0.043239,72
0.88,proposed_embodied_scale_exception_audit_v4,2,0.537037,0.050142,0.576389,0.045201,0.199074,0.032717,0.069444,0.025643,0.064815,0.021964,0.509259,0.047432,0.122685,0.030302,0.0625,0.020875,0.196759,0.037856,0.314815,0.035717,0.263889,0.040222,0.287037,0.039421,0.493056,0.050232,0.12037,0.033087,0.039352,0.021905,0.099537,0.025569,0.0,0.0,0.602928,0.048831,72
0.88,proposed_embodied_scale_exception_audit_v4,3,0.516204,0.052952,0.585648,0.048349,0.226852,0.040509,0.0625,0.022787,0.060185,0.020742,0.502315,0.048133,0.113426,0.02877,0.074074,0.027329,0.189815,0.034978,0.30787,0.039122,0.215278,0.037918,0.305556,0.044766,0.513889,0.046928,0.131944,0.033535,0.046296,0.021645,0.099537,0.030071,0.0,0.0,0.585382,0.052462,72
0.88,proposed_embodied_scale_exception_audit_v4,4,0.543981,0.045226,0.592593,0.044245,0.194444,0.03419,0.055556,0.018276,0.05787,0.020595,0.523148,0.04537,0.115741,0.031415,0.0625,0.020875,0.189815,0.033764,0.289352,0.04382,0.252315,0.049628,0.261574,0.045149,0.502315,0.045913,0.122685,0.030983,0.05787,0.024314,0.085648,0.025019,0.0,0.0,0.618102,0.045825,72
0.88,proposed_embodied_scale_exception_audit_v4,5,0.587963,0.043331,0.543981,0.048349,0.178241,0.039476,0.06713,0.026373,0.0625,0.022787,0.534722,0.048325,0.118056,0.029917,0.060185,0.022666,0.208333,0.042247,0.347222,0.054731,0.263889,0.039699,0.270833,0.039535,0.50463,0.050038,0.131944,0.030263,0.053241,0.020254,0.097222,0.027222,0.0,0.0,0.655058,0.042077,72
0.88,proposed_embodied_scale_exception_audit_v4,6,0.578704,0.052878,0.560185,0.04673,0.196759,0.038404,0.081019,0.026635,0.074074,0.023197,0.490741,0.049584,0.111111,0.032947,0.081019,0.027408,0.185185,0.039597,0.282407,0.043651,0.252315,0.04659,0.236111,0.045574,0.560185,0.043491,0.074074,0.027329,0.050926,0.02006,0.083333,0.025025,0.0,0.0,0.64735,0.052317,72
0.88,proposed_embodied_scale_exception_audit_v4,7,0.530093,0.038944,0.555556,0.049208,0.217593,0.039111,0.053241,0.023141,0.05787,0.020595,0.513889,0.050361,0.113426,0.026505,0.074074,0.024932,0.178241,0.035582,0.270833,0.044503,0.238426,0.040776,0.233796,0.036356,0.483796,0.047988,0.087963,0.024152,0.05787,0.022531,0.101852,0.025484,0.0,0.0,0.603067,0.039587,72
0.88,proposed_embodied_scale_exception_audit_v4,8,0.527778,0.053672,0.553241,0.05476,0.194444,0.038768,0.064815,0.02629,0.060185,0.022666,0.525463,0.045989,0.108796,0.026766,0.055556,0.022383,0.203704,0.037799,0.300926,0.046432,0.252315,0.041871,0.291667,0.038089,0.5,0.047919,0.12037,0.029766,0.039352,0.01883,0.12037,0.033087,0.0,0.0,0.593854,0.054422,72
0.88,proposed_embodied_scale_exception_audit_v4,9,0.553241,0.041285,0.604167,0.037918,0.224537,0.037207,0.064815,0.022895,0.060185,0.020742,0.541667,0.046481,0.136574,0.03053,0.048611,0.01985,0.1875,0.03927,0.310185,0.042026,0.24537,0.039288,0.247685,0.043341,0.511574,0.047624,0.134259,0.031415,0.046296,0.018528,0.083333,0.026641,0.0,0.0,0.629086,0.042694,72
0.98,boundary_aware_scale_exception_audit_v5,0,0.636574,0.051418,0.648148,0.047725,0.196759,0.037301,0.0625,0.01985,0.032407,0.017858,0.62963,0.04579,0.087963,0.028876,0.018519,0.012184,0.208333,0.042247,0.337963,0.041861,0.180556,0.037537,0.208333,0.033418,0.618056,0.045431,0.083333,0.023297,0.020833,0.014357,0.0625,0.023686,0.0,0.0,0.732581,0.049009,72
0.98,boundary_aware_scale_exception_audit_v5,1,0.587963,0.044753,0.657407,0.046093,0.217593,0.036914,0.046296,0.021645,0.046296,0.021645,0.553241,0.050806,0.071759,0.023141,0.039352,0.01883,0.180556,0.036977,0.340278,0.042092,0.180556,0.036977,0.238426,0.041788,0.613426,0.045149,0.071759,0.024026,0.030093,0.014912,0.071759,0.02222,0.0,0.0,0.68706,0.045548,72
0.98,boundary_aware_scale_exception_audit_v5,2,0.634259,0.048627,0.601852,0.044087,0.168981,0.033879,0.032407,0.016648,0.032407,0.017858,0.56713,0.054314,0.076389,0.024973,0.030093,0.014912,0.229167,0.0368,0.321759,0.037856,0.18287,0.036068,0.247685,0.042367,0.594907,0.044685,0.092593,0.03023,0.018519,0.012184,0.074074,0.025756,0.0,0.0,0.721713,0.047176,72
0.98,boundary_aware_scale_exception_audit_v5,3,0.606481,0.049338,0.645833,0.049182,0.196759,0.034991,0.037037,0.018528,0.034722,0.018204,0.594907,0.049135,0.064815,0.021964,0.034722,0.015744,0.224537,0.036642,0.305556,0.049631,0.194444,0.039303,0.224537,0.042449,0.599537,0.045072,0.085648,0.027408,0.032407,0.016648,0.05787,0.023439,0.0,0.0,0.706042,0.046162,72
0.98,boundary_aware_scale_exception_audit_v5,4,0.622685,0.041369,0.631944,0.050023,0.175926,0.037614,0.055556,0.020433,0.039352,0.01883,0.578704,0.045676,0.094907,0.028035,0.027778,0.014448,0.201389,0.040833,0.326389,0.044969,0.196759,0.041032,0.231481,0.037429,0.601852,0.039066,0.05787,0.020595,0.032407,0.017858,0.048611,0.023686,0.0,0.0,0.716215,0.040309,72
0.98,boundary_aware_scale_exception_audit_v5,5,0.631944,0.050023,0.613426,0.048277,0.178241,0.039476,0.030093,0.018645,0.027778,0.014448,0.62963,0.048015,0.113426,0.03087,0.043981,0.019377,0.19213,0.041704,0.324074,0.039244,0.219907,0.042284,0.203704,0.035521,0.622685,0.044294,0.069444,0.023072,0.043981,0.019377,0.083333,0.025025,0.0,0.0,0.72772,0.04607,72
0.98,boundary_aware_scale_exception_audit_v5,6,0.613426,0.048708,0.597222,0.043224,0.19213,0.041201,0.046296,0.022589,0.027778,0.015827,0.611111,0.047039,0.074074,0.025756,0.030093,0.016252,0.224537,0.038313,0.305556,0.048352,0.212963,0.039421,0.219907,0.044215,0.618056,0.044969,0.064815,0.027073,0.043981,0.019377,0.074074,0.02408,0.0,0.0,0.710428,0.047232,72
0.98,boundary_aware_scale_exception_audit_v5,7,0.62963,0.050142,0.611111,0.044766,0.212963,0.037242,0.055556,0.022383,0.027778,0.015827,0.560185,0.049759,0.064815,0.024651,0.025463,0.013948,0.226852,0.037845,0.298611,0.041341,0.180556,0.031489,0.25,0.04286,0.631944,0.045201,0.090278,0.025795,0.037037,0.020658,0.064815,0.024651,0.0,0.0,0.723877,0.048676,72
0.98,boundary_aware_scale_exception_audit_v5,8,0.618056,0.048969,0.625,0.043224,0.180556,0.038633,0.050926,0.024722,0.020833,0.015744,0.583333,0.044297,0.076389,0.026592,0.011574,0.009855,0.229167,0.035647,0.277778,0.039831,0.180556,0.037537,0.247685,0.045686,0.594907,0.045149,0.090278,0.028851,0.034722,0.018204,0.069444,0.025643,0.0,0.0,0.709838,0.047359,72
0.98,boundary_aware_scale_exception_audit_v5,9,0.664352,0.042612,0.634259,0.04317,0.19213,0.035189,0.046296,0.017364,0.037037,0.019622,0.611111,0.046143,0.090278,0.026592,0.032407,0.017858,0.226852,0.040509,0.303241,0.040001,0.233796,0.043661,0.256944,0.039798,0.594907,0.047405,0.104167,0.025387,0.032407,0.016648,0.055556,0.02143,0.0,0.0,0.758322,0.0429,72
0.98,conformal_risk_filter,0,0.375,0.049525,0.391204,0.042449,0.284722,0.045888,0.092593,0.023197,0.131944,0.030945,0.391204,0.042449,0.150463,0.029722,0.148148,0.036867,0.240741,0.042315,0.261574,0.042284,0.328704,0.047027,0.280093,0.039211,0.386574,0.042284,0.199074,0.044126,0.050926,0.022043,0.131944,0.031613,0.0,0.0,0.392025,0.049837,72
0.98,conformal_risk_filter,1,0.398148,0.046394,0.381944,0.043072,0.280093,0.044215,0.12037,0.030459,0.12037,0.031137,0.393519,0.044908,0.171296,0.038753,0.111111,0.028896,0.24537,0.039288,0.298611,0.047454,0.303241,0.041537,0.287037,0.040979,0.395833,0.046789,0.171296,0.035374,0.097222,0.026444,0.12037,0.029766,0.0,0.0,0.408183,0.047857,72
0.98,conformal_risk_filter,2,0.340278,0.047233,0.402778,0.049525,0.298611,0.045201,0.094907,0.033466,0.104167,0.030606,0.372685,0.043099,0.143519,0.029824,0.122685,0.030302,0.238426,0.048277,0.243056,0.040833,0.293981,0.043581,0.243056,0.03927,0.398148,0.047725,0.201389,0.037641,0.053241,0.02222,0.145833,0.031613,0.0,0.0,0.366123,0.050458,72
0.98,conformal_risk_filter,3,0.386574,0.039211,0.414352,0.040862,0.280093,0.041285,0.111111,0.031654,0.090278,0.026592,0.393519,0.048484,0.166667,0.039303,0.118056,0.033223,0.233796,0.039122,0.25,0.039831,0.321759,0.042531,0.25463,0.039288,0.395833,0.045888,0.18287,0.036068,0.064815,0.027833,0.143519,0.037845,0.0,0.0,0.409028,0.040986,72
0.98,conformal_risk_filter,4,0.381944,0.040577,0.398148,0.045024,0.289352,0.039299,0.092593,0.028082,0.092593,0.028082,0.388889,0.044297,0.136574,0.033777,0.127315,0.031318,0.224537,0.038854,0.300926,0.045063,0.335648,0.04212,0.256944,0.042829,0.414352,0.044762,0.143519,0.03557,0.106481,0.03314,0.122685,0.029605,0.0,0.0,0.409144,0.042651,72
0.98,conformal_risk_filter,5,0.409722,0.052068,0.395833,0.047233,0.282407,0.040164,0.125,0.030134,0.115741,0.032073,0.375,0.037537,0.178241,0.039476,0.122685,0.030983,0.194444,0.030306,0.233796,0.042694,0.333333,0.04523,0.226852,0.033764,0.356481,0.046281,0.173611,0.035647,0.081019,0.025019,0.141204,0.039652,0.0,0.0,0.423183,0.052755,72
0.98,conformal_risk_filter,6,0.351852,0.045942,0.414352,0.04614,0.324074,0.041317,0.087963,0.025823,0.099537,0.029369,0.395833,0.046789,0.175926,0.034729,0.12963,0.031137,0.238426,0.045149,0.25,0.037676,0.335648,0.044057,0.222222,0.039831,0.402778,0.048675,0.173611,0.039535,0.092593,0.028082,0.157407,0.029531,0.0,0.0,0.379201,0.047922,72
0.98,conformal_risk_filter,7,0.377315,0.055203,0.402778,0.05159,0.296296,0.043451,0.071759,0.02877,0.108796,0.028283,0.416667,0.048352,0.168981,0.039033,0.131944,0.030945,0.233796,0.039122,0.212963,0.036104,0.300926,0.043651,0.236111,0.03917,0.407407,0.048735,0.171296,0.039288,0.053241,0.02126,0.115741,0.030057,0.0,0.0,0.405012,0.057197,72
0.98,conformal_risk_filter,8,0.398148,0.044087,0.460648,0.045457,0.298611,0.046115,0.108796,0.031759,0.113426,0.032836,0.372685,0.051079,0.145833,0.034152,0.138889,0.030988,0.240741,0.035911,0.236111,0.038633,0.335648,0.045457,0.266204,0.040691,0.405093,0.049558,0.199074,0.041694,0.06713,0.02299,0.141204,0.035189,0.0,0.0,0.423669,0.046529,72
0.98,conformal_risk_filter,9,0.365741,0.043651,0.393519,0.043968,0.31713,0.040947,0.083333,0.024176,0.104167,0.030606,0.418981,0.045226,0.122685,0.029605,0.113426,0.033466,0.247685,0.042367,0.240741,0.044245,0.3125,0.046115,0.240741,0.041819,0.418981,0.043341,0.173611,0.036228,0.085648,0.02417,0.104167,0.026196,0.0,0.0,0.397245,0.043828,72
0.98,generic_scaling_law_extrapolator,0,0.256944,0.043314,0.201389,0.03927,0.335648,0.045457,0.164352,0.03449,0.210648,0.039827,0.310185,0.048052,0.236111,0.03583,0.25463,0.040851,0.18287,0.036068,0.328704,0.052878,0.428241,0.042284,0.416667,0.04523,0.208333,0.039699,0.273148,0.046281,0.115741,0.031415,0.201389,0.043793,0.0,0.0,0.215035,0.041501,72
0.98,generic_scaling_law_extrapolator,1,0.25,0.04523,0.217593,0.036344,0.358796,0.045533,0.185185,0.033297,0.217593,0.042684,0.252315,0.041369,0.226852,0.038932,0.243056,0.048325,0.159722,0.031281,0.351852,0.048592,0.418981,0.050874,0.44213,0.045303,0.217593,0.037475,0.303241,0.048061,0.12037,0.0318,0.1875,0.036515,0.0,0.0,0.202558,0.04126,72
0.98,generic_scaling_law_extrapolator,2,0.273148,0.041021,0.215278,0.045431,0.335648,0.043099,0.173611,0.039535,0.208333,0.036977,0.233796,0.042694,0.236111,0.04175,0.233796,0.037487,0.18287,0.033048,0.349537,0.037764,0.453704,0.052976,0.465278,0.050023,0.206019,0.03568,0.298611,0.039798,0.122685,0.030983,0.199074,0.036344,0.0,0.0,0.213449,0.037871,72
0.98,generic_scaling_law_extrapolator,3,0.284722,0.042092,0.199074,0.040164,0.363426,0.043019,0.173611,0.041088,0.215278,0.0368,0.263889,0.038633,0.25463,0.04381,0.231481,0.039597,0.168981,0.03626,0.331019,0.039033,0.43287,0.050324,0.444444,0.049631,0.189815,0.040509,0.296296,0.045332,0.090278,0.025795,0.175926,0.036487,0.0,0.0,0.228681,0.04116,72
0.98,generic_scaling_law_extrapolator,4,0.259259,0.039244,0.270833,0.041088,0.344907,0.048493,0.180556,0.034037,0.201389,0.039798,0.259259,0.04377,0.215278,0.037363,0.25463,0.038753,0.194444,0.037118,0.405093,0.041285,0.412037,0.050453,0.476852,0.045828,0.173611,0.038464,0.300926,0.046432,0.104167,0.028487,0.173611,0.036228,0.0,0.0,0.207812,0.03758,72
0.98,generic_scaling_law_extrapolator,5,0.270833,0.046341,0.233796,0.036926,0.328704,0.043331,0.222222,0.039831,0.238426,0.045609,0.25,0.040351,0.224537,0.038854,0.252315,0.04382,0.196759,0.031869,0.400463,0.04318,0.407407,0.05124,0.444444,0.052093,0.222222,0.030306,0.280093,0.042284,0.108796,0.028283,0.175926,0.031581,0.0,0.0,0.2175,0.043339,72
0.98,generic_scaling_law_extrapolator,6,0.266204,0.042694,0.217593,0.034578,0.363426,0.041032,0.180556,0.037537,0.224537,0.039388,0.247685,0.043341,0.219907,0.040776,0.261574,0.042284,0.178241,0.036737,0.388889,0.04237,0.435185,0.050281,0.465278,0.048755,0.261574,0.039739,0.293981,0.039033,0.136574,0.029839,0.201389,0.040833,0.0,0.0,0.215081,0.040081,72
0.98,generic_scaling_law_extrapolator,7,0.256944,0.043793,0.229167,0.040577,0.361111,0.049208,0.180556,0.034645,0.24537,0.039288,0.229167,0.035647,0.24537,0.038211,0.25463,0.042356,0.180556,0.036408,0.435185,0.050694,0.458333,0.050774,0.425926,0.039244,0.199074,0.038573,0.291667,0.048244,0.138889,0.032307,0.171296,0.031636,0.0,0.0,0.203472,0.04252,72
0.98,generic_scaling_law_extrapolator,8,0.266204,0.049487,0.268519,0.047285,0.321759,0.041537,0.178241,0.038404,0.233796,0.041201,0.282407,0.045063,0.229167,0.041593,0.233796,0.03804,0.189815,0.031855,0.37037,0.048877,0.497685,0.048133,0.418981,0.045686,0.215278,0.042092,0.298611,0.048325,0.081019,0.02584,0.1875,0.037083,0.0,0.0,0.223565,0.048571,72
0.98,generic_scaling_law_extrapolator,9,0.268519,0.046394,0.233796,0.041704,0.398148,0.042643,0.173611,0.037918,0.210648,0.044762,0.282407,0.041694,0.229167,0.039003,0.199074,0.036914,0.203704,0.037799,0.377315,0.047916,0.43287,0.048205,0.439815,0.038932,0.236111,0.038633,0.266204,0.044607,0.076389,0.028118,0.175926,0.038165,0.0,0.0,0.222766,0.043575,72
0.98,large_behavior_clone,0,0.18287,0.039388,0.164352,0.038494,0.428241,0.048708,0.173611,0.037363,0.252315,0.038222,0.240741,0.041819,0.240741,0.042806,0.273148,0.043008,0.1875,0.035353,0.354167,0.041843,0.446759,0.045149,0.375,0.051184,0.148148,0.032664,0.277778,0.048782,0.111111,0.033574,0.159722,0.033845,0.0,0.0,0.134398,0.034367,72
0.98,large_behavior_clone,1,0.226852,0.046281,0.162037,0.035374,0.351852,0.046842,0.215278,0.037918,0.231481,0.036296,0.238426,0.041285,0.284722,0.042092,0.243056,0.039798,0.171296,0.035374,0.372685,0.044995,0.4375,0.049394,0.469907,0.053017,0.1875,0.036515,0.293981,0.041116,0.118056,0.028487,0.185185,0.039066,0.0,0.0,0.164028,0.041661,72
0.98,large_behavior_clone,2,0.210648,0.041369,0.162037,0.031636,0.351852,0.048592,0.196759,0.038944,0.240741,0.034729,0.164352,0.036832,0.231481,0.040638,0.252315,0.038222,0.173611,0.038464,0.363426,0.047624,0.43287,0.049487,0.439815,0.043008,0.208333,0.036977,0.277778,0.041373,0.118056,0.030606,0.1875,0.03927,0.0,0.0,0.16,0.036882,72
0.98,large_behavior_clone,3,0.217593,0.043651,0.208333,0.036408,0.335648,0.043581,0.185185,0.032664,0.25463,0.041359,0.226852,0.03999,0.243056,0.038735,0.25,0.046143,0.157407,0.038165,0.358796,0.046888,0.543981,0.04659,0.423611,0.047892,0.196759,0.037301,0.296296,0.048015,0.108796,0.029011,0.206019,0.040605,0.0,0.0,0.169965,0.040585,72
0.98,large_behavior_clone,4,0.189815,0.034376,0.180556,0.038089,0.381944,0.042585,0.168981,0.032624,0.236111,0.045574,0.252315,0.038222,0.252315,0.040348,0.259259,0.035911,0.159722,0.032588,0.335648,0.040605,0.456019,0.047036,0.416667,0.04286,0.166667,0.038768,0.291667,0.044179,0.12037,0.03245,0.171296,0.040337,0.0,0.0,0.136412,0.029767,72
0.98,large_behavior_clone,5,0.212963,0.034929,0.164352,0.033879,0.407407,0.049584,0.152778,0.031489,0.217593,0.039111,0.206019,0.039033,0.261574,0.040776,0.268519,0.045942,0.261574,0.038675,0.358796,0.035777,0.493056,0.047673,0.361111,0.038768,0.212963,0.035521,0.310185,0.044441,0.143519,0.034376,0.171296,0.028876,0.0,0.0,0.161493,0.02961,72
0.98,large_behavior_clone,6,0.215278,0.046341,0.189815,0.034376,0.381944,0.048109,0.199074,0.04068,0.229167,0.041593,0.206019,0.040605,0.203704,0.034326,0.303241,0.041032,0.150463,0.034288,0.287037,0.046693,0.462963,0.047138,0.386574,0.052024,0.206019,0.037394,0.298611,0.039798,0.104167,0.026982,0.196759,0.038944,0.0,0.0,0.175903,0.040021,72
0.98,large_behavior_clone,7,0.194444,0.043823,0.168981,0.03626,0.381944,0.042092,0.180556,0.036408,0.259259,0.036487,0.208333,0.038633,0.199074,0.036914,0.282407,0.04598,0.194444,0.039303,0.328704,0.043331,0.472222,0.04286,0.428241,0.045149,0.208333,0.040222,0.270833,0.041593,0.134259,0.029354,0.162037,0.032289,0.0,0.0,0.154282,0.038391,72
0.98,large_behavior_clone,8,0.189815,0.03999,0.159722,0.034456,0.375,0.048244,0.208333,0.041247,0.212963,0.036104,0.219907,0.039739,0.256944,0.041341,0.25463,0.040337,0.173611,0.034456,0.37963,0.045332,0.449074,0.049899,0.418981,0.054824,0.18287,0.036068,0.296296,0.045332,0.118056,0.029917,0.180556,0.036977,0.0,0.0,0.141123,0.036327,72
0.98,large_behavior_clone,9,0.222222,0.041874,0.178241,0.041537,0.384259,0.049899,0.215278,0.032588,0.25463,0.044753,0.231481,0.038528,0.243056,0.040319,0.263889,0.043224,0.178241,0.034991,0.324074,0.042806,0.460648,0.044529,0.4375,0.046341,0.155093,0.033153,0.296296,0.039947,0.085648,0.028891,0.173611,0.034456,0.0,0.0,0.161424,0.038753,72
0.98,oracle_exception_selector,0,0.717593,0.044126,0.671296,0.045676,0.180556,0.040222,0.011574,0.009855,0.0,0.0,0.625,0.044649,0.060185,0.020742,0.00463,0.006371,0.18287,0.033673,0.375,0.046481,0.18287,0.028283,0.328704,0.047469,0.615741,0.044126,0.053241,0.023141,0.023148,0.014883,0.043981,0.018268,0.0,0.0,0.817303,0.040539,72
0.98,oracle_exception_selector,1,0.738426,0.036452,0.659722,0.049814,0.148148,0.029999,0.018519,0.012184,0.002315,0.004537,0.597222,0.045574,0.0625,0.024551,0.002315,0.004537,0.206019,0.036832,0.418981,0.053279,0.166667,0.037118,0.340278,0.044503,0.680556,0.04175,0.060185,0.024439,0.018519,0.012184,0.048611,0.018769,0.0,0.0,0.832454,0.032798,72
0.98,oracle_exception_selector,2,0.777778,0.037676,0.680556,0.046928,0.166667,0.037676,0.023148,0.014883,0.0,0.0,0.587963,0.05168,0.060185,0.021726,0.00463,0.006371,0.189815,0.031855,0.400463,0.050737,0.189815,0.03557,0.263889,0.04603,0.680556,0.042738,0.069444,0.023072,0.020833,0.014357,0.05787,0.022531,0.0,0.0,0.874769,0.030894,72
0.98,oracle_exception_selector,3,0.699074,0.037475,0.675926,0.041317,0.175926,0.035911,0.009259,0.010982,0.00463,0.006371,0.611111,0.046143,0.060185,0.024439,0.00463,0.006371,0.206019,0.04212,0.402778,0.039699,0.19213,0.036926,0.305556,0.04523,0.62037,0.042479,0.060185,0.021726,0.023148,0.014883,0.046296,0.018528,0.0,0.0,0.805799,0.03603,72
0.98,oracle_exception_selector,4,0.710648,0.042856,0.638889,0.049208,0.159722,0.035647,0.011574,0.009855,0.011574,0.009855,0.62037,0.045332,0.078704,0.025002,0.006944,0.007747,0.171296,0.032929,0.395833,0.042585,0.19213,0.034591,0.298611,0.042339,0.657407,0.044714,0.05787,0.022531,0.011574,0.009855,0.039352,0.01883,0.0,0.0,0.810868,0.03864,72
0.98,oracle_exception_selector,5,0.738426,0.049558,0.678241,0.036737,0.159722,0.033845,0.027778,0.017095,0.006944,0.007747,0.652778,0.04175,0.053241,0.02222,0.00463,0.006371,0.178241,0.033777,0.349537,0.043899,0.166667,0.033574,0.293981,0.040088,0.68287,0.042938,0.048611,0.018769,0.023148,0.013407,0.041667,0.019113,0.0,0.0,0.835174,0.045568,72
0.98,oracle_exception_selector,6,0.752315,0.039827,0.652778,0.048244,0.189815,0.036725,0.016204,0.011485,0.006944,0.007747,0.638889,0.046594,0.078704,0.026619,0.013889,0.010715,0.189815,0.034978,0.393519,0.046281,0.180556,0.035243,0.296296,0.044869,0.645833,0.043793,0.055556,0.020433,0.020833,0.015744,0.060185,0.020742,0.0,0.0,0.840752,0.032653,72
0.98,oracle_exception_selector,7,0.752315,0.041369,0.703704,0.040466,0.18287,0.033048,0.018519,0.012184,0.002315,0.004537,0.618056,0.050646,0.069444,0.023959,0.002315,0.004537,0.180556,0.03583,0.402778,0.044179,0.173611,0.035647,0.298611,0.040833,0.696759,0.042531,0.071759,0.027281,0.018519,0.013791,0.050926,0.02006,0.0,0.0,0.859005,0.036655,72
0.98,oracle_exception_selector,8,0.738426,0.04326,0.673611,0.041593,0.173611,0.040577,0.030093,0.014912,0.00463,0.006371,0.627315,0.045913,0.060185,0.024439,0.00463,0.006371,0.180556,0.037537,0.393519,0.044908,0.166667,0.03539,0.287037,0.041485,0.631944,0.041843,0.069444,0.025643,0.016204,0.011485,0.032407,0.016648,0.0,0.0,0.832002,0.038526,72
0.98,oracle_exception_selector,9,0.719907,0.044215,0.703704,0.042968,0.134259,0.032073,0.025463,0.013948,0.002315,0.004537,0.631944,0.037641,0.078704,0.026619,0.006944,0.007747,0.206019,0.031978,0.384259,0.047761,0.196759,0.036737,0.247685,0.041871,0.638889,0.046143,0.046296,0.020658,0.037037,0.016117,0.041667,0.017988,0.0,0.0,0.824595,0.0387,72
0.98,proposed_embodied_scale_exception_audit_v4,0,0.548611,0.048109,0.486111,0.04175,0.25,0.044766,0.064815,0.029999,0.071759,0.024026,0.513889,0.04603,0.115741,0.034578,0.087963,0.023272,0.180556,0.032788,0.328704,0.047027,0.238426,0.038675,0.275463,0.038854,0.523148,0.054561,0.097222,0.030819,0.050926,0.023862,0.083333,0.023297,0.0,0.0,0.607708,0.047445,72
0.98,proposed_embodied_scale_exception_audit_v4,1,0.576389,0.045201,0.548611,0.043072,0.24537,0.044753,0.071759,0.02126,0.0625,0.026982,0.518519,0.052713,0.115741,0.024722,0.069444,0.023072,0.18287,0.037764,0.342593,0.042806,0.275463,0.043421,0.263889,0.039699,0.511574,0.043978,0.104167,0.026982,0.034722,0.017019,0.078704,0.025002,0.0,0.0,0.641354,0.043818,72
0.98,proposed_embodied_scale_exception_audit_v4,2,0.527778,0.045689,0.553241,0.052423,0.219907,0.041285,0.094907,0.028035,0.053241,0.020254,0.532407,0.051545,0.104167,0.031281,0.064815,0.024651,0.208333,0.039699,0.289352,0.042367,0.208333,0.036408,0.219907,0.042775,0.474537,0.050324,0.106481,0.027645,0.043981,0.017087,0.083333,0.025025,0.0,0.0,0.597338,0.04548,72
0.98,proposed_embodied_scale_exception_audit_v4,3,0.532407,0.049055,0.597222,0.048675,0.206019,0.031978,0.06713,0.02299,0.064815,0.024651,0.50463,0.044753,0.118056,0.030606,0.043981,0.019377,0.185185,0.035127,0.344907,0.045838,0.259259,0.042315,0.25463,0.044284,0.50463,0.045676,0.099537,0.030071,0.034722,0.018204,0.115741,0.029354,0.0,0.0,0.604144,0.052013,72
0.98,proposed_embodied_scale_exception_audit_v4,4,0.541667,0.05159,0.502315,0.047258,0.206019,0.03509,0.085648,0.02417,0.06713,0.023881,0.537037,0.051781,0.141204,0.035189,0.053241,0.019196,0.224537,0.036642,0.275463,0.04484,0.298611,0.037641,0.240741,0.038165,0.520833,0.042339,0.122685,0.03357,0.039352,0.01883,0.094907,0.027281,0.0,0.0,0.600208,0.052681,72
0.98,proposed_embodied_scale_exception_audit_v4,5,0.502315,0.047258,0.527778,0.047481,0.162037,0.034173,0.092593,0.026554,0.06713,0.023881,0.5,0.04286,0.115741,0.029354,0.05787,0.024314,0.201389,0.035939,0.300926,0.049479,0.287037,0.044869,0.238426,0.03758,0.523148,0.051002,0.108796,0.033048,0.071759,0.025705,0.0625,0.020875,0.0,0.0,0.565069,0.047071,72
0.98,proposed_embodied_scale_exception_audit_v4,6,0.55787,0.049276,0.606481,0.047175,0.233796,0.037487,0.046296,0.019622,0.05787,0.023439,0.509259,0.04377,0.115741,0.030743,0.06713,0.024739,0.215278,0.039535,0.328704,0.042356,0.240741,0.038708,0.263889,0.042738,0.50463,0.050865,0.097222,0.027979,0.046296,0.019622,0.118056,0.033223,0.0,0.0,0.630914,0.047517,72
0.98,proposed_embodied_scale_exception_audit_v4,7,0.5625,0.050232,0.569444,0.04781,0.224537,0.040434,0.104167,0.027744,0.083333,0.025845,0.527778,0.045689,0.092593,0.025756,0.060185,0.023569,0.189815,0.037845,0.277778,0.039303,0.256944,0.043793,0.25463,0.040851,0.465278,0.047012,0.122685,0.035386,0.053241,0.019196,0.078704,0.025823,0.0,0.0,0.62441,0.050878,72
0.98,proposed_embodied_scale_exception_audit_v4,8,0.560185,0.048913,0.569444,0.048675,0.259259,0.040294,0.069444,0.022148,0.060185,0.022666,0.511574,0.050185,0.111111,0.028164,0.064815,0.024651,0.206019,0.03626,0.303241,0.040001,0.240741,0.038165,0.259259,0.038165,0.506944,0.046341,0.12963,0.031137,0.043981,0.018268,0.081019,0.023291,0.0,0.0,0.62772,0.048282,72
0.98,proposed_embodied_scale_exception_audit_v4,9,0.548611,0.047233,0.513889,0.046928,0.243056,0.040833,0.099537,0.030071,0.074074,0.023197,0.530093,0.052224,0.157407,0.032876,0.074074,0.021321,0.217593,0.034578,0.291667,0.043704,0.273148,0.043008,0.296296,0.04579,0.460648,0.043581,0.092593,0.025756,0.048611,0.020875,0.092593,0.026554,0.0,0.0,0.597488,0.049381,72
